ISO-10303-21;
HEADER;
FILE_DESCRIPTION (( 'STEP AP214' ),
    '1' );
FILE_NAME ('top_v5.STEP',
    '2026-06-30T02:08:57',
    ( '' ),
    ( '' ),
    'SwSTEP 2.0',
    'SolidWorks 2018',
    '' );
FILE_SCHEMA (( 'AUTOMOTIVE_DESIGN' ));
ENDSEC;

DATA;
#1 = CIRCLE ( 'NONE', #116, 5.000000000000004441 ) ;
#2 = CIRCLE ( 'NONE', #10866, 1.849999999999997646 ) ;
#3 = ADVANCED_FACE ( 'NONE', ( #3870 ), #4761, .T. ) ;
#4 = DIRECTION ( 'NONE',  ( 0.000000000000000000, 0.000000000000000000, -1.000000000000000000 ) ) ;
#5 = ORIENTED_EDGE ( 'NONE', *, *, #3158, .F. ) ;
#6 = CARTESIAN_POINT ( 'NONE',  ( 14.76565105745420681, 117.5498599564596134, -56.08958185445083444 ) ) ;
#7 = CARTESIAN_POINT ( 'NONE',  ( -11.66726188957804311, 10.00000000000000000, 11.66726188957804311 ) ) ;
#8 = CARTESIAN_POINT ( 'NONE',  ( -53.79165865185440509, 119.0916423889935629, -49.35056082404656763 ) ) ;
#9 = EDGE_CURVE ( 'NONE', #2274, #6181, #7305, .T. ) ;
#10 = LINE ( 'NONE', #8181, #6486 ) ;
#11 = EDGE_CURVE ( 'NONE', #9723, #6923, #2805, .T. ) ;
#12 = CARTESIAN_POINT ( 'NONE',  ( 39.59379102166504083, 118.0763467032828231, 42.39308485564086482 ) ) ;
#13 = FACE_OUTER_BOUND ( 'NONE', #3433, .T. ) ;
#14 = EDGE_CURVE ( 'NONE', #3517, #5111, #555, .T. ) ;
#15 = DIRECTION ( 'NONE',  ( -0.000000000000000000, 1.000000000000000000, -0.000000000000000000 ) ) ;
#16 = DIRECTION ( 'NONE',  ( 0.000000000000000000, 0.000000000000000000, -1.000000000000000000 ) ) ;
#17 = CARTESIAN_POINT ( 'NONE',  ( -69.42690260692363324, 120.4770467345754099, 22.55898492208768502 ) ) ;
#18 = FILL_AREA_STYLE_COLOUR ( '', #1316 ) ;
#19 = DIRECTION ( 'NONE',  ( 0.000000000000000000, 1.000000000000000000, 0.000000000000000000 ) ) ;
#20 = CARTESIAN_POINT ( 'NONE',  ( 0.000000000000000000, 92.49999999999998579, 63.91067609231115654 ) ) ;
#21 =( GEOMETRIC_REPRESENTATION_CONTEXT ( 3 ) GLOBAL_UNCERTAINTY_ASSIGNED_CONTEXT ( ( #5220 ) ) GLOBAL_UNIT_ASSIGNED_CONTEXT ( ( #1961, #10435, #975 ) ) REPRESENTATION_CONTEXT ( 'NONE', 'WORKASPACE' ) );
#22 = LINE ( 'NONE', #1737, #10179 ) ;
#23 = PRESENTATION_STYLE_ASSIGNMENT (( #3115 ) ) ;
#24 = EDGE_CURVE ( 'NONE', #3532, #1623, #10066, .T. ) ;
#25 = CARTESIAN_POINT ( 'NONE',  ( 48.90251427493783609, 122.7713155858989893, 54.19920487350460547 ) ) ;
#26 = PLANE ( 'NONE',  #10017 ) ;
#27 = EDGE_CURVE ( 'NONE', #3172, #8915, #2005, .T. ) ;
#28 = CARTESIAN_POINT ( 'NONE',  ( -62.00694410957868286, 33.00000000000000000, 8.000000000000648370 ) ) ;
#29 = CARTESIAN_POINT ( 'NONE',  ( -43.39291866007653198, 123.4861478530534953, -38.51662117925016560 ) ) ;
#30 = EDGE_CURVE ( 'NONE', #5516, #2347, #33, .T. ) ;
#31 = AXIS2_PLACEMENT_3D ( 'NONE', #5538, #4608, #469 ) ;
#32 = DIRECTION ( 'NONE',  ( -0.000000000000000000, -1.000000000000000000, -0.000000000000000000 ) ) ;
#33 = CIRCLE ( 'NONE', #10620, 5.000000000000004441 ) ;
#34 = DIRECTION ( 'NONE',  ( 0.000000000000000000, 1.000000000000000000, 0.000000000000000000 ) ) ;
#35 = DIRECTION ( 'NONE',  ( -0.7071067811865479058, 0.000000000000000000, 0.7071067811865470176 ) ) ;
#36 = PRESENTATION_STYLE_ASSIGNMENT (( #8052 ) ) ;
#37 = CARTESIAN_POINT ( 'NONE',  ( -1.799306197152281097E-14, 53.00000000000000711, 5.000000000000015099 ) ) ;
#38 = LINE ( 'NONE', #8582, #7562 ) ;
#39 = VECTOR ( 'NONE', #3681, 1000.000000000000000 ) ;
#40 = CARTESIAN_POINT ( 'NONE',  ( -42.23079127063810745, 117.9497805312362146, -39.76469103189396037 ) ) ;
#41 = AXIS2_PLACEMENT_3D ( 'NONE', #7387, #579, #3176 ) ;
#42 = DIRECTION ( 'NONE',  ( 0.000000000000000000, 1.000000000000000000, -0.000000000000000000 ) ) ;
#43 = DIRECTION ( 'NONE',  ( -0.7071067811865476838, -2.040851148208008984E-16, 0.7071067811865474617 ) ) ;
#44 = ORIENTED_EDGE ( 'NONE', *, *, #7445, .F. ) ;
#45 = CARTESIAN_POINT ( 'NONE',  ( 38.74570131179389421, 119.0885512941295588, 43.18345964074623566 ) ) ;
#46 = VERTEX_POINT ( 'NONE', #7678 ) ;
#47 = PRESENTATION_LAYER_ASSIGNMENT (  '', '', ( #5288 ) ) ;
#48 = VECTOR ( 'NONE', #1445, 1000.000000000000000 ) ;
#49 = FILL_AREA_STYLE ('',( #5095 ) ) ;
#50 = CARTESIAN_POINT ( 'NONE',  ( -70.57852999285714191, 117.5498324263169536, 18.64771400671707369 ) ) ;
#51 = PRODUCT_CONTEXT ( 'NONE', #3479, 'mechanical' ) ;
#52 = CIRCLE ( 'NONE', #79, 1.850000000000006084 ) ;
#53 = EDGE_LOOP ( 'NONE', ( #4823, #1778, #9466, #5494 ) ) ;
#54 = CARTESIAN_POINT ( 'NONE',  ( -54.33624526761269635, 121.4985874826541874, -48.75010205340944935 ) ) ;
#55 = CARTESIAN_POINT ( 'NONE',  ( 0.000000000000000000, 110.4999999999999858, 63.91067609231115654 ) ) ;
#56 = CARTESIAN_POINT ( 'NONE',  ( 0.000000000000000000, 13.00000000000000178, 0.000000000000000000 ) ) ;
#57 = ORIENTED_EDGE ( 'NONE', *, *, #3763, .T. ) ;
#58 = ADVANCED_FACE ( 'NONE', ( #2148, #10743, #1729, #10335, #5581, #7821, #1063, #9807, #9548 ), #5183, .F. ) ;
#59 = CARTESIAN_POINT ( 'NONE',  ( -21.21191961905125112, 124.6386556455850609, 69.85056095900736750 ) ) ;
#60 = EDGE_LOOP ( 'NONE', ( #5483, #3474 ) ) ;
#61 = AXIS2_PLACEMENT_3D ( 'NONE', #696, #1440, #2402 ) ;
#62 = UNCERTAINTY_MEASURE_WITH_UNIT (LENGTH_MEASURE( 1.000000000000000082E-05 ), #1039, 'distance_accuracy_value', 'NONE');
#63 = FACE_OUTER_BOUND ( 'NONE', #6816, .T. ) ;
#64 = CYLINDRICAL_SURFACE ( 'NONE', #9771, 5.000000000000007994 ) ;
#65 = ORIENTED_EDGE ( 'NONE', *, *, #1281, .F. ) ;
#66 = CARTESIAN_POINT ( 'NONE',  ( 49.04866781098591844, 123.2468771370596414, 54.06697603249304507 ) ) ;
#67 = PLANE ( 'NONE',  #9465 ) ;
#68 =( NAMED_UNIT ( * ) PLANE_ANGLE_UNIT ( ) SI_UNIT ( $, .RADIAN. ) );
#69 = CARTESIAN_POINT ( 'NONE',  ( 48.08326112068521496, 80.99999999999998579, 0.000000000000000000 ) ) ;
#70 = VERTEX_POINT ( 'NONE', #1779 ) ;
#71 = CARTESIAN_POINT ( 'NONE',  ( 6.490628035480970741E-15, 127.5000000000000000, -52.99999999999999289 ) ) ;
#72 = EDGE_LOOP ( 'NONE', ( #9104, #4955, #2047, #215 ) ) ;
#73 = ORIENTED_EDGE ( 'NONE', *, *, #708, .T. ) ;
#74 = CARTESIAN_POINT ( 'NONE',  ( -54.40039679801732575, 121.4985874826541732, -48.81425358381407875 ) ) ;
#75 = VECTOR ( 'NONE', #10724, 1000.000000000000000 ) ;
#76 = VERTEX_POINT ( 'NONE', #8557 ) ;
#77 = VERTEX_POINT ( 'NONE', #5227 ) ;
#78 = DIRECTION ( 'NONE',  ( -0.7071067811865476838, 0.000000000000000000, 0.7071067811865474617 ) ) ;
#79 = AXIS2_PLACEMENT_3D ( 'NONE', #7423, #3144, #4070 ) ;
#80 = DIRECTION ( 'NONE',  ( -1.000000000000000000, 0.000000000000000000, 3.838426034038494774E-15 ) ) ;
#81 = ORIENTED_EDGE ( 'NONE', *, *, #3067, .T. ) ;
#82 = EDGE_CURVE ( 'NONE', #4870, #7149, #9141, .T. ) ;
#83 = CARTESIAN_POINT ( 'NONE',  ( -41.89951377615618355, 117.7525690098369324, -40.10991498854877335 ) ) ;
#84 = ORIENTED_EDGE ( 'NONE', *, *, #9842, .T. ) ;
#85 = ORIENTED_EDGE ( 'NONE', *, *, #7028, .F. ) ;
#86 = CARTESIAN_POINT ( 'NONE',  ( 11.80236264533390589, 53.00000000000000711, -62.00694410957876102 ) ) ;
#87 = VECTOR ( 'NONE', #2057, 1000.000000000000000 ) ;
#88 = ORIENTED_EDGE ( 'NONE', *, *, #3906, .F. ) ;
#89 = CARTESIAN_POINT ( 'NONE',  ( -9.999999999999957367, 15.00000000000000178, 64.00694410957875391 ) ) ;
#90 = ORIENTED_EDGE ( 'NONE', *, *, #10184, .F. ) ;
#91 = SURFACE_STYLE_FILL_AREA ( #7732 ) ;
#92 = CARTESIAN_POINT ( 'NONE',  ( 6.123233995736779101E-16, 127.5000000000000000, 58.91067609231115654 ) ) ;
#93 = CARTESIAN_POINT ( 'NONE',  ( 62.00694410957879654, 15.00000000000000000, 9.999999999999740652 ) ) ;
#94 = ORIENTED_EDGE ( 'NONE', *, *, #10284, .F. ) ;
#95 = DIRECTION ( 'NONE',  ( -0.000000000000000000, -1.000000000000000000, -0.000000000000000000 ) ) ;
#96 = DIRECTION ( 'NONE',  ( -0.000000000000000000, 1.000000000000000000, -0.000000000000000000 ) ) ;
#97 = ORIENTED_EDGE ( 'NONE', *, *, #1275, .T. ) ;
#98 = EDGE_CURVE ( 'NONE', #512, #7628, #5465, .T. ) ;
#99 = VERTEX_POINT ( 'NONE', #3495 ) ;
#100 = ORIENTED_EDGE ( 'NONE', *, *, #2283, .F. ) ;
#101 = FACE_OUTER_BOUND ( 'NONE', #8687, .T. ) ;
#102 = LINE ( 'NONE', #5975, #9608 ) ;
#103 = ORIENTED_EDGE ( 'NONE', *, *, #10336, .F. ) ;
#104 = CARTESIAN_POINT ( 'NONE',  ( -22.48663114790405970, 122.7713155858990461, 69.45042210777941705 ) ) ;
#105 = EDGE_CURVE ( 'NONE', #9095, #5865, #8084, .T. ) ;
#106 = LINE ( 'NONE', #2462, #6180 ) ;
#107 = ORIENTED_EDGE ( 'NONE', *, *, #6317, .T. ) ;
#108 = ORIENTED_EDGE ( 'NONE', *, *, #2367, .F. ) ;
#109 = CARTESIAN_POINT ( 'NONE',  ( -42.42640687119286014, -6.000000000000000000, -1.850000000000446398 ) ) ;
#110 = CIRCLE ( 'NONE', #1156, 3.949999999999995293 ) ;
#111 = CARTESIAN_POINT ( 'NONE',  ( -20.11659563769836367, 117.7552649352297323, 70.17392521513951920 ) ) ;
#112 = CARTESIAN_POINT ( 'NONE',  ( 25.05615325806641280, 0.000000000000000000, 25.05615325806643057 ) ) ;
#113 = CIRCLE ( 'NONE', #733, 6.000000000000000000 ) ;
#114 = ORIENTED_EDGE ( 'NONE', *, *, #7740, .T. ) ;
#115 = FILL_AREA_STYLE_COLOUR ( '', #8725 ) ;
#116 = AXIS2_PLACEMENT_3D ( 'NONE', #1910, #2811, #6098 ) ;
#117 = CARTESIAN_POINT ( 'NONE',  ( 15.02265631979615712, 0.000000000000000000, -66.18446766623708299 ) ) ;
#118 = CARTESIAN_POINT ( 'NONE',  ( -42.42640687119286014, 0.000000000000000000, -4.487298322847499863E-13 ) ) ;
#119 = EDGE_LOOP ( 'NONE', ( #2597, #3629, #5596, #693 ) ) ;
#120 = ORIENTED_EDGE ( 'NONE', *, *, #4825, .T. ) ;
#121 = ADVANCED_FACE ( 'NONE', ( #7956, #2665 ), #4376, .F. ) ;
#122 = DIRECTION ( 'NONE',  ( -0.7071067811865474617, 0.000000000000000000, 0.7071067811865476838 ) ) ;
#123 = EDGE_CURVE ( 'NONE', #9999, #5041, #8613, .T. ) ;
#124 = FACE_OUTER_BOUND ( 'NONE', #10411, .T. ) ;
#125 = AXIS2_PLACEMENT_3D ( 'NONE', #10834, #2418, #9142 ) ;
#126 = CARTESIAN_POINT ( 'NONE',  ( -39.59379102133200945, 118.0763467035257435, -42.39308485595447706 ) ) ;
#127 = VECTOR ( 'NONE', #35, 1000.000000000000114 ) ;
#128 = VECTOR ( 'NONE', #187, 1000.000000000000000 ) ;
#129 = EDGE_LOOP ( 'NONE', ( #7858, #4853, #6641 ) ) ;
#130 = PLANE ( 'NONE',  #1398 ) ;
#131 = CARTESIAN_POINT ( 'NONE',  ( -69.38694944914311691, 121.4985874826541590, 22.68151772130905997 ) ) ;
#132 = DIRECTION ( 'NONE',  ( -1.000000000000000000, 0.000000000000000000, -0.000000000000000000 ) ) ;
#133 = CARTESIAN_POINT ( 'NONE',  ( -1.387778780781445676E-14, 80.99999999999998579, -48.08326112068525049 ) ) ;
#134 = DIRECTION ( 'NONE',  ( 0.000000000000000000, 1.000000000000000000, -0.000000000000000000 ) ) ;
#135 = VECTOR ( 'NONE', #6631, 1000.000000000000000 ) ;
#136 = DIRECTION ( 'NONE',  ( -0.7071067811865482389, 0.000000000000000000, -0.7071067811865469066 ) ) ;
#137 = ORIENTED_EDGE ( 'NONE', *, *, #7084, .F. ) ;
#138 = AXIS2_PLACEMENT_3D ( 'NONE', #5279, #5973, #9424 ) ;
#139 = CARTESIAN_POINT ( 'NONE',  ( 0.000000000000000000, 0.000000000000000000, 0.000000000000000000 ) ) ;
#140 =( NAMED_UNIT ( * ) PLANE_ANGLE_UNIT ( ) SI_UNIT ( $, .RADIAN. ) );
#141 = DIRECTION ( 'NONE',  ( 0.000000000000000000, 0.000000000000000000, 1.000000000000000000 ) ) ;
#142 = CARTESIAN_POINT ( 'NONE',  ( 0.000000000000000000, 115.4999999999999858, 0.000000000000000000 ) ) ;
#143 = DIRECTION ( 'NONE',  ( -0.000000000000000000, -1.000000000000000000, -0.000000000000000000 ) ) ;
#144 = STYLED_ITEM ( 'NONE', ( #8634 ), #969 ) ;
#145 = CARTESIAN_POINT ( 'NONE',  ( 0.000000000000000000, 127.5000000000000000, 0.000000000000000000 ) ) ;
#146 = DIRECTION ( 'NONE',  ( -0.7071067811865476838, 0.000000000000000000, 0.7071067811865474617 ) ) ;
#147 = UNCERTAINTY_MEASURE_WITH_UNIT (LENGTH_MEASURE( 1.000000000000000082E-05 ), #10965, 'distance_accuracy_value', 'NONE');
#148 = FILL_AREA_STYLE_COLOUR ( '', #429 ) ;
#149 = CARTESIAN_POINT ( 'NONE',  ( -10.96015510839143303, 0.000000000000000000, -10.96015510839138152 ) ) ;
#150 = EDGE_CURVE ( 'NONE', #1091, #746, #10194, .T. ) ;
#151 = DIRECTION ( 'NONE',  ( -1.000000000000000000, 0.000000000000000000, 3.491481338843133355E-15 ) ) ;
#152 = VECTOR ( 'NONE', #9958, 1000.000000000000000 ) ;
#153 = EDGE_CURVE ( 'NONE', #6923, #10640, #926, .T. ) ;
#154 = CARTESIAN_POINT ( 'NONE',  ( -70.37784853628799908, 117.5761575555906404, 19.39131943325236662 ) ) ;
#155 = DIRECTION ( 'NONE',  ( 0.000000000000000000, 0.000000000000000000, 1.000000000000000000 ) ) ;
#156 = CARTESIAN_POINT ( 'NONE',  ( -62.00694410957888891, 13.00000000000000533, -11.80236264533378687 ) ) ;
#157 = DIRECTION ( 'NONE',  ( 0.000000000000000000, 1.000000000000000000, 0.000000000000000000 ) ) ;
#158 =( GEOMETRIC_REPRESENTATION_CONTEXT ( 3 ) GLOBAL_UNCERTAINTY_ASSIGNED_CONTEXT ( ( #7202 ) ) GLOBAL_UNIT_ASSIGNED_CONTEXT ( ( #631, #8230, #8123 ) ) REPRESENTATION_CONTEXT ( 'NONE', 'WORKASPACE' ) );
#159 = PLANE ( 'NONE',  #4621 ) ;
#160 = VECTOR ( 'NONE', #9915, 1000.000000000000000 ) ;
#161 = ADVANCED_FACE ( 'NONE', ( #5703 ), #7806, .F. ) ;
#162 = CARTESIAN_POINT ( 'NONE',  ( -22.55948155968633984, 122.5214652262238957, 69.42674136210068525 ) ) ;
#163 = DIRECTION ( 'NONE',  ( 0.000000000000000000, 0.000000000000000000, 1.000000000000000000 ) ) ;
#164 = FACE_OUTER_BOUND ( 'NONE', #10650, .T. ) ;
#165 = FACE_OUTER_BOUND ( 'NONE', #8401, .T. ) ;
#166 = EDGE_CURVE ( 'NONE', #10371, #4582, #1204, .T. ) ;
#167 = CARTESIAN_POINT ( 'NONE',  ( -58.20458146424551416, 31.50276128560973987, 8.000000000000612843 ) ) ;
#168 = PRESENTATION_LAYER_ASSIGNMENT (  '', '', ( #8877 ) ) ;
#169 = CARTESIAN_POINT ( 'NONE',  ( -15.02265631979638805, 0.000000000000000000, -68.03446766623706310 ) ) ;
#170 = CARTESIAN_POINT ( 'NONE',  ( 20.57675085431514361, 0.000000000000000000, -67.95290519381379113 ) ) ;
#171 = CARTESIAN_POINT ( 'NONE',  ( 8.694992273946206563E-15, 107.4999999999999858, 71.00000000000001421 ) ) ;
#172 = ORIENTED_EDGE ( 'NONE', *, *, #4470, .F. ) ;
#173 = LINE ( 'NONE', #6949, #6777 ) ;
#174 = EDGE_CURVE ( 'NONE', #7072, #9073, #2947, .T. ) ;
#175 = ADVANCED_FACE ( 'NONE', ( #6375 ), #2399, .F. ) ;
#176 = LINE ( 'NONE', #8439, #8360 ) ;
#177 = LINE ( 'NONE', #3938, #9805 ) ;
#178 = ORIENTED_EDGE ( 'NONE', *, *, #2504, .F. ) ;
#179 = DIRECTION ( 'NONE',  ( 0.000000000000000000, -1.000000000000000000, 0.000000000000000000 ) ) ;
#180 = AXIS2_PLACEMENT_3D ( 'NONE', #2752, #311, #2783 ) ;
#181 = ORIENTED_EDGE ( 'NONE', *, *, #1793, .F. ) ;
#182 = CARTESIAN_POINT ( 'NONE',  ( 69.97856814768367428, 12.99999999999999822, 11.99999999999970868 ) ) ;
#183 = EDGE_LOOP ( 'NONE', ( #3684, #4249 ) ) ;
#184 = CARTESIAN_POINT ( 'NONE',  ( -39.28079036466890273, 118.3609155207320356, -42.68780999008292554 ) ) ;
#185 = AXIS2_PLACEMENT_3D ( 'NONE', #10320, #1029, #255 ) ;
#186 = VERTEX_POINT ( 'NONE', #3598 ) ;
#187 = DIRECTION ( 'NONE',  ( 1.047444401652940007E-14, 0.000000000000000000, 1.000000000000000000 ) ) ;
#188 = PLANE ( 'NONE',  #9009 ) ;
#189 = ORIENTED_EDGE ( 'NONE', *, *, #7951, .F. ) ;
#190 = ORIENTED_EDGE ( 'NONE', *, *, #9273, .F. ) ;
#191 = AXIS2_PLACEMENT_3D ( 'NONE', #2088, #9693, #3795 ) ;
#192 = ORIENTED_EDGE ( 'NONE', *, *, #4942, .T. ) ;
#193 = CARTESIAN_POINT ( 'NONE',  ( -62.00694410957886760, 15.00000000000000000, -9.999999999999307221 ) ) ;
#194 = CARTESIAN_POINT ( 'NONE',  ( 10.00000000000004263, 53.00000000000000711, 64.00694410957875391 ) ) ;
#195 = DIRECTION ( 'NONE',  ( 0.000000000000000000, 1.000000000000000000, 0.000000000000000000 ) ) ;
#196 = SURFACE_STYLE_FILL_AREA ( #3318 ) ;
#197 = FACE_OUTER_BOUND ( 'NONE', #183, .T. ) ;
#198 = ORIENTED_EDGE ( 'NONE', *, *, #10857, .F. ) ;
#199 = CARTESIAN_POINT ( 'NONE',  ( -42.42640687119286014, -6.000000000000000000, -4.487298322847499863E-13 ) ) ;
#200 = ORIENTED_EDGE ( 'NONE', *, *, #639, .T. ) ;
#201 = AXIS2_PLACEMENT_3D ( 'NONE', #8832, #2925, #2841 ) ;
#202 = ORIENTED_EDGE ( 'NONE', *, *, #3426, .F. ) ;
#203 = ORIENTED_EDGE ( 'NONE', *, *, #2795, .F. ) ;
#204 = VECTOR ( 'NONE', #9928, 1000.000000000000000 ) ;
#205 = DIRECTION ( 'NONE',  ( 0.000000000000000000, 1.000000000000000000, 0.000000000000000000 ) ) ;
#206 = CARTESIAN_POINT ( 'NONE',  ( -63.91067609231115654, 107.4999999999999858, -2.231429329291523816E-13 ) ) ;
#207 = ORIENTED_EDGE ( 'NONE', *, *, #2868, .T. ) ;
#208 = CARTESIAN_POINT ( 'NONE',  ( -48.08326112068525759, 6.983260063331909231E-15, -2.081668171172168513E-14 ) ) ;
#209 = CARTESIAN_POINT ( 'NONE',  ( 0.000000000000000000, 2.327753354443970006E-15, -48.08326112068525759 ) ) ;
#210 = CARTESIAN_POINT ( 'NONE',  ( -11.16841850499287858, 121.4985874826541021, 56.94273238038323370 ) ) ;
#211 = ORIENTED_EDGE ( 'NONE', *, *, #1988, .F. ) ;
#212 = EDGE_LOOP ( 'NONE', ( #6803, #6567, #216, #854 ) ) ;
#213 = FILL_AREA_STYLE_COLOUR ( '', #1317 ) ;
#214 = EDGE_LOOP ( 'NONE', ( #2425, #6002, #1236, #7086 ) ) ;
#215 = ORIENTED_EDGE ( 'NONE', *, *, #4038, .T. ) ;
#216 = ORIENTED_EDGE ( 'NONE', *, *, #1711, .T. ) ;
#217 = DIRECTION ( 'NONE',  ( -0.000000000000000000, -1.000000000000000000, -0.000000000000000000 ) ) ;
#218 = ADVANCED_FACE ( 'NONE', ( #8345 ), #1930, .T. ) ;
#220 = SURFACE_STYLE_FILL_AREA ( #9094 ) ;
#219 = DIRECTION ( 'NONE',  ( -0.7071067811865476838, 0.000000000000000000, 0.7071067811865474617 ) ) ;
#221 = EDGE_CURVE ( 'NONE', #8135, #2703, #3330, .T. ) ;
#222 = CYLINDRICAL_SURFACE ( 'NONE', #5471, 6.000000000000000000 ) ;
#223 = VERTEX_POINT ( 'NONE', #8288 ) ;
#224 = CARTESIAN_POINT ( 'NONE',  ( -18.77357418905476294, 120.9786505006671860, 54.90646303722972021 ) ) ;
#225 = EDGE_CURVE ( 'NONE', #7509, #7244, #1051, .T. ) ;
#226 = PLANE ( 'NONE',  #9089 ) ;
#227 = CYLINDRICAL_SURFACE ( 'NONE', #5921, 71.00000000000001421 ) ;
#228 = DIRECTION ( 'NONE',  ( 0.7071067811865474617, 0.000000000000000000, -0.7071067811865474617 ) ) ;
#229 = DIRECTION ( 'NONE',  ( 1.000000000000000000, 0.000000000000000000, -0.000000000000000000 ) ) ;
#230 = VERTEX_POINT ( 'NONE', #1401 ) ;
#231 = ORIENTED_EDGE ( 'NONE', *, *, #7854, .F. ) ;
#232 = DIRECTION ( 'NONE',  ( 4.625929269271485322E-15, 0.000000000000000000, 1.000000000000000000 ) ) ;
#233 = VERTEX_POINT ( 'NONE', #5663 ) ;
#234 = CIRCLE ( 'NONE', #8537, 71.00000000000001421 ) ;
#235 = ORIENTED_EDGE ( 'NONE', *, *, #511, .F. ) ;
#236 = ADVANCED_FACE ( 'NONE', ( #9936 ), #8623, .F. ) ;
#237 = CARTESIAN_POINT ( 'NONE',  ( 36.72341514764445947, 10.00000000000000000, 60.05793892680054569 ) ) ;
#238 = CARTESIAN_POINT ( 'NONE',  ( 29.97765431706064021, 0.000000000000000000, 57.37392810244902819 ) ) ;
#239 = EDGE_CURVE ( 'NONE', #8125, #839, #917, .T. ) ;
#240 = VECTOR ( 'NONE', #5883, 1000.000000000000000 ) ;
#241 = EDGE_LOOP ( 'NONE', ( #8292, #6574, #6289, #8109 ) ) ;
#242 = DIRECTION ( 'NONE',  ( 1.000000000000000000, 0.000000000000000000, -3.491481338843133355E-15 ) ) ;
#243 = VERTEX_POINT ( 'NONE', #3192 ) ;
#244 = AXIS2_PLACEMENT_3D ( 'NONE', #6504, #8201, #527 ) ;
#245 = DIRECTION ( 'NONE',  ( 0.000000000000000000, 0.000000000000000000, -1.000000000000000000 ) ) ;
#246 = LINE ( 'NONE', #9304, #2483 ) ;
#247 = EDGE_CURVE ( 'NONE', #4702, #4318, #5974, .T. ) ;
#248 = DIRECTION ( 'NONE',  ( 1.000000000000000000, 0.000000000000000000, -3.469446951953613696E-16 ) ) ;
#249 = LINE ( 'NONE', #2716, #6186 ) ;
#250 = DIRECTION ( 'NONE',  ( -0.7071067811865500152, 0.000000000000000000, -0.7071067811865451302 ) ) ;
#251 = EDGE_CURVE ( 'NONE', #7393, #6744, #6509, .T. ) ;
#252 = AXIS2_PLACEMENT_3D ( 'NONE', #4524, #1106, #8662 ) ;
#253 = VECTOR ( 'NONE', #5283, 1000.000000000000000 ) ;
#254 = CARTESIAN_POINT ( 'NONE',  ( 0.000000000000000000, 107.4999999999999858, 0.000000000000000000 ) ) ;
#255 = DIRECTION ( 'NONE',  ( 0.000000000000000000, 0.000000000000000000, -1.000000000000000000 ) ) ;
#256 = DIRECTION ( 'NONE',  ( -0.7071067811865474617, 0.000000000000000000, -0.7071067811865476838 ) ) ;
#257 = ORIENTED_EDGE ( 'NONE', *, *, #1616, .F. ) ;
#258 = ORIENTED_EDGE ( 'NONE', *, *, #7784, .T. ) ;
#259 = CARTESIAN_POINT ( 'NONE',  ( -63.91067609231115654, 107.4989999999999810, -2.231429329291523816E-13 ) ) ;
#260 = CARTESIAN_POINT ( 'NONE',  ( -11.99999999999995737, 53.00000000000000711, 62.00694410957876102 ) ) ;
#261 =( GEOMETRIC_REPRESENTATION_CONTEXT ( 3 ) GLOBAL_UNCERTAINTY_ASSIGNED_CONTEXT ( ( #7906 ) ) GLOBAL_UNIT_ASSIGNED_CONTEXT ( ( #8413, #5125, #10941 ) ) REPRESENTATION_CONTEXT ( 'NONE', 'WORKASPACE' ) );
#262 = CIRCLE ( 'NONE', #8596, 71.00000000000001421 ) ;
#263 = DIRECTION ( 'NONE',  ( 0.000000000000000000, 1.000000000000000000, 0.000000000000000000 ) ) ;
#264 = VERTEX_POINT ( 'NONE', #9945 ) ;
#265 = PRESENTATION_STYLE_ASSIGNMENT (( #6806 ) ) ;
#266 = CARTESIAN_POINT ( 'NONE',  ( -11.16841850499286437, 121.4985874826542016, 56.94273238038320528 ) ) ;
#267 = ORIENTED_EDGE ( 'NONE', *, *, #3280, .T. ) ;
#268 = CARTESIAN_POINT ( 'NONE',  ( -54.33624526761269635, 121.4985874826541874, -48.75010205340944935 ) ) ;
#269 = AXIS2_PLACEMENT_3D ( 'NONE', #5727, #3191, #2262 ) ;
#270 = PLANE ( 'NONE',  #3879 ) ;
#271 = AXIS2_PLACEMENT_3D ( 'NONE', #10397, #1922, #3594 ) ;
#272 =( NAMED_UNIT ( * ) PLANE_ANGLE_UNIT ( ) SI_UNIT ( $, .RADIAN. ) );
#273 = VECTOR ( 'NONE', #1960, 1000.000000000000000 ) ;
#274 =( LENGTH_UNIT ( ) NAMED_UNIT ( * ) SI_UNIT ( .MILLI., .METRE. ) );
#275 = VECTOR ( 'NONE', #3425, 1000.000000000000000 ) ;
#276 = VERTEX_POINT ( 'NONE', #2405 ) ;
#277 = MECHANICAL_DESIGN_GEOMETRIC_PRESENTATION_REPRESENTATION (  '', ( #7771 ), #10093 ) ;
#278 = CARTESIAN_POINT ( 'NONE',  ( -30.12269240033361584, 72.00000000000000000, -30.12269240033340267 ) ) ;
#279 = ADVANCED_FACE ( 'NONE', ( #10483 ), #3269, .T. ) ;
#280 = AXIS2_PLACEMENT_3D ( 'NONE', #1817, #1738, #5302 ) ;
#281 = SURFACE_STYLE_FILL_AREA ( #8372 ) ;
#282 = CARTESIAN_POINT ( 'NONE',  ( 11.16841850499247002, 121.4985874826542016, -56.94273238038327634 ) ) ;
#283 = CARTESIAN_POINT ( 'NONE',  ( 69.97856814768357481, 0.000000000000000000, -12.00000000000026112 ) ) ;
#284 = DIRECTION ( 'NONE',  ( -0.000000000000000000, -1.000000000000000000, -0.000000000000000000 ) ) ;
#285 = CARTESIAN_POINT ( 'NONE',  ( 0.000000000000000000, 93.35786437626902057, -63.91067609231115654 ) ) ;
#286 = DIRECTION ( 'NONE',  ( -0.000000000000000000, -1.000000000000000000, -0.000000000000000000 ) ) ;
#287 = AXIS2_PLACEMENT_3D ( 'NONE', #4778, #5630, #537 ) ;
#288 = LINE ( 'NONE', #8178, #9668 ) ;
#289 = ADVANCED_FACE ( 'NONE', ( #7308 ), #768, .T. ) ;
#290 = CARTESIAN_POINT ( 'NONE',  ( 71.51916383111922926, 122.5440287291550305, -15.07416127927735872 ) ) ;
#291 = CIRCLE ( 'NONE', #9887, 1.850000000000004530 ) ;
#292 = PLANE ( 'NONE',  #6692 ) ;
#293 = DIRECTION ( 'NONE',  ( 0.000000000000000000, 1.000000000000000000, 0.000000000000000000 ) ) ;
#294 = CARTESIAN_POINT ( 'NONE',  ( -48.90251427493783609, 122.7713155858989893, -54.19920487350460547 ) ) ;
#295 = PRESENTATION_STYLE_ASSIGNMENT (( #6167 ) ) ;
#296 = LINE ( 'NONE', #5444, #3324 ) ;
#297 = DIRECTION ( 'NONE',  ( 1.000000000000000000, 0.000000000000000000, 0.000000000000000000 ) ) ;
#298 = CARTESIAN_POINT ( 'NONE',  ( -62.00694410957866154, 15.00000000000000000, 10.00000000000069278 ) ) ;
#299 = CARTESIAN_POINT ( 'NONE',  ( 12.67014315781534251, 124.6363221519200835, -56.61007893955625292 ) ) ;
#300 = DIRECTION ( 'NONE',  ( -0.7071067811865479058, 0.000000000000000000, 0.7071067811865472397 ) ) ;
#301 = EDGE_CURVE ( 'NONE', #10939, #4693, #1463, .T. ) ;
#302 = CARTESIAN_POINT ( 'NONE',  ( 20.79797600111452027, 118.0758614279400689, -69.97492570111184307 ) ) ;
#303 = ORIENTED_EDGE ( 'NONE', *, *, #9098, .F. ) ;
#304 = EDGE_CURVE ( 'NONE', #1221, #10908, #4129, .T. ) ;
#305 = DIRECTION ( 'NONE',  ( 0.000000000000000000, 0.000000000000000000, 1.000000000000000000 ) ) ;
#306 = DIRECTION ( 'NONE',  ( 0.000000000000000000, 0.000000000000000000, 1.000000000000000000 ) ) ;
#307 = CARTESIAN_POINT ( 'NONE',  ( 0.000000000000000000, 72.00000000000000000, -12.00000000000026112 ) ) ;
#308 = DIRECTION ( 'NONE',  ( -1.000000000000000000, 0.000000000000000000, 0.000000000000000000 ) ) ;
#309 = AXIS2_PLACEMENT_3D ( 'NONE', #9105, #7470, #9057 ) ;
#310 = CARTESIAN_POINT ( 'NONE',  ( -24.04163056034262880, -5.777789833161707559E-31, -24.04163056034263946 ) ) ;
#311 = DIRECTION ( 'NONE',  ( 0.000000000000000000, 1.000000000000000000, 0.000000000000000000 ) ) ;
#312 = VERTEX_POINT ( 'NONE', #54 ) ;
#313 = CARTESIAN_POINT ( 'NONE',  ( -62.20458146424486046, 72.00000000000000000, -11.99999999999974776 ) ) ;
#314 = DIRECTION ( 'NONE',  ( -0.000000000000000000, 1.000000000000000000, -0.000000000000000000 ) ) ;
#315 = EDGE_CURVE ( 'NONE', #5473, #2076, #4664, .T. ) ;
#316 = LINE ( 'NONE', #7009, #9950 ) ;
#317 = ORIENTED_EDGE ( 'NONE', *, *, #5548, .F. ) ;
#318 = DIRECTION ( 'NONE',  ( -6.803704343522554839E-17, 1.000000000000000000, 2.878473196813116306E-17 ) ) ;
#319 = CARTESIAN_POINT ( 'NONE',  ( -25.10229073212236273, 72.00000000000000000, 25.10229073212251549 ) ) ;
#320 = CARTESIAN_POINT ( 'NONE',  ( -55.14554842740126617, 119.0926397301132766, 18.02811762275776175 ) ) ;
#321 = ORIENTED_EDGE ( 'NONE', *, *, #9215, .T. ) ;
#322 = CARTESIAN_POINT ( 'NONE',  ( -22.70497530696199462, 121.5000000000000426, 69.47449337480900056 ) ) ;
#323 = ORIENTED_EDGE ( 'NONE', *, *, #9566, .F. ) ;
#324 = ORIENTED_EDGE ( 'NONE', *, *, #6883, .F. ) ;
#325 = EDGE_CURVE ( 'NONE', #4420, #76, #6115, .T. ) ;
#326 = AXIS2_PLACEMENT_3D ( 'NONE', #10314, #6075, #1706 ) ;
#327 = LINE ( 'NONE', #5493, #4279 ) ;
#328 = LINE ( 'NONE', #10188, #3491 ) ;
#329 = EDGE_LOOP ( 'NONE', ( #4402, #9235, #10702, #8120 ) ) ;
#330 = DIRECTION ( 'NONE',  ( 1.000000000000000000, 0.000000000000000000, -3.491481338843133355E-15 ) ) ;
#331 = CARTESIAN_POINT ( 'NONE',  ( -50.36482080848099940, 125.0456951155891119, -52.84356028848141307 ) ) ;
#332 = ORIENTED_EDGE ( 'NONE', *, *, #4830, .T. ) ;
#333 = DIRECTION ( 'NONE',  ( 0.000000000000000000, -0.000000000000000000, 1.000000000000000000 ) ) ;
#334 = CARTESIAN_POINT ( 'NONE',  ( -43.59307927271002114, 120.2304192302875521, -38.29538537372589957 ) ) ;
#335 = ORIENTED_EDGE ( 'NONE', *, *, #6327, .F. ) ;
#336 = ORIENTED_EDGE ( 'NONE', *, *, #6468, .F. ) ;
#337 = DIRECTION ( 'NONE',  ( 0.000000000000000000, 0.000000000000000000, 1.000000000000000000 ) ) ;
#338 = PLANE ( 'NONE',  #2943 ) ;
#339 = COLOUR_RGB ( '',0.7921568627450980005, 0.8196078431372548767, 0.9333333333333333481 ) ;
#340 = FACE_OUTER_BOUND ( 'NONE', #2871, .T. ) ;
#341 = VERTEX_POINT ( 'NONE', #3452 ) ;
#342 = CARTESIAN_POINT ( 'NONE',  ( 15.44585370918967371, 119.7485105003272423, -71.34728768266619170 ) ) ;
#343 = VERTEX_POINT ( 'NONE', #1700 ) ;
#344 = B_SPLINE_CURVE_WITH_KNOTS ( 'NONE', 3,
 ( #10634, #465, #1443, #3966, #9883, #4744, #3830, #8102, #2237, #601, #10675, #8964, #6415, #6373, #8070, #560, #5534, #2310, #7372, #3077, #1326, #5559, #10710, #5629, #4810, #1304, #8886, #7231, #2155, #10740, #5664, #505 ),
 .UNSPECIFIED., .F., .F.,
 ( 4, 2, 2, 2, 2, 2, 2, 2, 2, 2, 2, 2, 2, 2, 2, 4 ),
 ( 0.000000000000000000, 0.001556037729137679836, 0.002334056593706519862, 0.003112075458275362708, 0.003890094322844205553, 0.004668113187413047531, 0.005446132051981890376, 0.006224150916550733222, 0.007002169781119575200, 0.007780188645688418912, 0.008558207510257261758, 0.009336226374826103735, 0.01011424523939494745, 0.01089226410396378943, 0.01167028296853263314, 0.01244830183310147512 ),
 .UNSPECIFIED. ) ;
#345 = AXIS2_PLACEMENT_3D ( 'NONE', #3653, #4464, #10689 ) ;
#346 = VERTEX_POINT ( 'NONE', #7542 ) ;
#347 = ADVANCED_FACE ( 'NONE', ( #6646 ), #3997, .F. ) ;
#348 = CARTESIAN_POINT ( 'NONE',  ( -48.08326112068525049, 15.00000000000000000, -2.775557561562891351E-14 ) ) ;
#349 = CARTESIAN_POINT ( 'NONE',  ( 71.51925244709102003, 120.4559712708450263, -15.07418502385544912 ) ) ;
#350 = CARTESIAN_POINT ( 'NONE',  ( 25.10229073212235562, 72.00000000000000000, -25.10229073212250128 ) ) ;
#351 = ORIENTED_EDGE ( 'NONE', *, *, #153, .T. ) ;
#352 = ORIENTED_EDGE ( 'NONE', *, *, #10059, .F. ) ;
#353 = DIRECTION ( 'NONE',  ( 0.000000000000000000, 1.000000000000000000, 0.000000000000000000 ) ) ;
#354 = CIRCLE ( 'NONE', #8469, 1.849999999999997646 ) ;
#355 = VECTOR ( 'NONE', #3030, 1000.000000000000000 ) ;
#356 = VERTEX_POINT ( 'NONE', #3420 ) ;
#357 = AXIS2_PLACEMENT_3D ( 'NONE', #5996, #5294, #940 ) ;
#358 = DIRECTION ( 'NONE',  ( -0.000000000000000000, -1.000000000000000000, -0.000000000000000000 ) ) ;
#359 = COLOUR_RGB ( '',1.000000000000000000, 1.000000000000000000, 1.000000000000000000 ) ;
#360 = DIRECTION ( 'NONE',  ( -0.7071067811865450192, 0.000000000000000000, 0.7071067811865501263 ) ) ;
#361 = ORIENTED_EDGE ( 'NONE', *, *, #7119, .F. ) ;
#362 = VERTEX_POINT ( 'NONE', #5924 ) ;
#363 = ORIENTED_EDGE ( 'NONE', *, *, #6825, .F. ) ;
#364 = DIRECTION ( 'NONE',  ( 0.000000000000000000, 0.000000000000000000, 1.000000000000000000 ) ) ;
#365 = CARTESIAN_POINT ( 'NONE',  ( 11.99999999999995737, 53.00000000000000711, 0.000000000000000000 ) ) ;
#366 = ORIENTED_EDGE ( 'NONE', *, *, #8568, .T. ) ;
#367 = DIRECTION ( 'NONE',  ( 0.000000000000000000, 1.000000000000000000, 0.000000000000000000 ) ) ;
#368 = DIRECTION ( 'NONE',  ( -0.7071067811865451302, 0.000000000000000000, 0.7071067811865499042 ) ) ;
#369 = FACE_OUTER_BOUND ( 'NONE', #6005, .T. ) ;
#370 = EDGE_LOOP ( 'NONE', ( #1534, #6703, #2883 ) ) ;
#371 = ADVANCED_FACE ( 'NONE', ( #8221 ), #5807, .F. ) ;
#372 = DIRECTION ( 'NONE',  ( 0.7071067811865474617, -0.000000000000000000, 0.7071067811865476838 ) ) ;
#373 = LINE ( 'NONE', #3346, #9085 ) ;
#374 = DIRECTION ( 'NONE',  ( 0.000000000000000000, 0.000000000000000000, -1.000000000000000000 ) ) ;
#375 = ORIENTED_EDGE ( 'NONE', *, *, #377, .F. ) ;
#376 = ORIENTED_EDGE ( 'NONE', *, *, #6456, .T. ) ;
#377 = EDGE_CURVE ( 'NONE', #6987, #9977, #6386, .T. ) ;
#378 = CIRCLE ( 'NONE', #3649, 1.849999999999997646 ) ;
#379 = CARTESIAN_POINT ( 'NONE',  ( -13.32183697265559275, 117.9497805309715943, 56.45528357806176700 ) ) ;
#380 = LINE ( 'NONE', #7230, #9032 ) ;
#381 = CARTESIAN_POINT ( 'NONE',  ( 62.00694410957879654, 53.00000000000000711, 9.999999999999740652 ) ) ;
#382 = ORIENTED_EDGE ( 'NONE', *, *, #1065, .T. ) ;
#383 = EDGE_CURVE ( 'NONE', #1666, #2324, #2412, .T. ) ;
#384 = CARTESIAN_POINT ( 'NONE',  ( 5.000000000000007994, 107.4999999999999858, 63.91067609231115654 ) ) ;
#385 = CARTESIAN_POINT ( 'NONE',  ( 18.60259560153760461, 122.7769584339079501, -54.96210273478572361 ) ) ;
#386 = CIRCLE ( 'NONE', #1068, 71.00000000000001421 ) ;
#387 = CARTESIAN_POINT ( 'NONE',  ( -3.005988244198139631E-13, -6.000000000000000000, 44.27640687119286866 ) ) ;
#388 = ORIENTED_EDGE ( 'NONE', *, *, #5022, .T. ) ;
#389 = ORIENTED_EDGE ( 'NONE', *, *, #7709, .T. ) ;
#390 = AXIS2_PLACEMENT_3D ( 'NONE', #10961, #3229, #770 ) ;
#391 =( NAMED_UNIT ( * ) PLANE_ANGLE_UNIT ( ) SI_UNIT ( $, .RADIAN. ) );
#392 = DIRECTION ( 'NONE',  ( 0.000000000000000000, 0.000000000000000000, 1.000000000000000000 ) ) ;
#393 = DIRECTION ( 'NONE',  ( 0.000000000000000000, 0.000000000000000000, 1.000000000000000000 ) ) ;
#394 = CARTESIAN_POINT ( 'NONE',  ( 43.45098630439256482, 10.00000000000000000, 12.06572120811476978 ) ) ;
#395 = EDGE_CURVE ( 'NONE', #8790, #3767, #3072, .T. ) ;
#396 = VECTOR ( 'NONE', #3297, 1000.000000000000114 ) ;
#397 = CARTESIAN_POINT ( 'NONE',  ( 8.939921633775676859E-15, 127.5000000000000000, 73.00000000000000000 ) ) ;
#398 =( GEOMETRIC_REPRESENTATION_CONTEXT ( 3 ) GLOBAL_UNCERTAINTY_ASSIGNED_CONTEXT ( ( #9061 ) ) GLOBAL_UNIT_ASSIGNED_CONTEXT ( ( #7954, #3642, #1267 ) ) REPRESENTATION_CONTEXT ( 'NONE', 'WORKASPACE' ) );
#399 = CYLINDRICAL_SURFACE ( 'NONE', #8099, 5.000000000000007994 ) ;
#400 = EDGE_CURVE ( 'NONE', #2316, #6033, #173, .T. ) ;
#401 = UNCERTAINTY_MEASURE_WITH_UNIT (LENGTH_MEASURE( 1.000000000000000082E-05 ), #10738, 'distance_accuracy_value', 'NONE');
#402 = EDGE_CURVE ( 'NONE', #1504, #4940, #1730, .T. ) ;
#403 = AXIS2_PLACEMENT_3D ( 'NONE', #8723, #2815, #245 ) ;
#404 = VECTOR ( 'NONE', #10505, 1000.000000000000000 ) ;
#405 = DIRECTION ( 'NONE',  ( 1.082138871172476148E-14, 0.000000000000000000, 1.000000000000000000 ) ) ;
#406 = CARTESIAN_POINT ( 'NONE',  ( -56.09066243828207377, 117.5501411762654129, 14.76156079788623998 ) ) ;
#407 = DIRECTION ( 'NONE',  ( 0.000000000000000000, 0.000000000000000000, 1.000000000000000000 ) ) ;
#408 = ORIENTED_EDGE ( 'NONE', *, *, #1056, .T. ) ;
#409 = ADVANCED_FACE ( 'NONE', ( #8896 ), #5987, .T. ) ;
#410 = SURFACE_SIDE_STYLE ('',( #6615 ) ) ;
#411 = FACE_BOUND ( 'NONE', #7481, .T. ) ;
#412 = PLANE ( 'NONE',  #3316 ) ;
#413 = AXIS2_PLACEMENT_3D ( 'NONE', #4083, #10879, #9170 ) ;
#414 = CARTESIAN_POINT ( 'NONE',  ( -42.42640687119286014, 109.4999999999999858, 1.849999999999549116 ) ) ;
#415 = CARTESIAN_POINT ( 'NONE',  ( 17.86712784482831040, 124.1139184723125766, -55.19608992797589053 ) ) ;
#416 = CARTESIAN_POINT ( 'NONE',  ( -30.12269240033350570, 72.00000000000000000, 30.12269240033351281 ) ) ;
#417 = CIRCLE ( 'NONE', #5267, 73.00000000000000000 ) ;
#418 = LINE ( 'NONE', #7557, #9131 ) ;
#419 = CARTESIAN_POINT ( 'NONE',  ( -1.387778780781445676E-14, 80.99999999999998579, -48.08326112068525049 ) ) ;
#420 = CARTESIAN_POINT ( 'NONE',  ( 16.91295436042097222, 125.0194328563234762, -71.11060471788906057 ) ) ;
#421 = AXIS2_PLACEMENT_3D ( 'NONE', #9627, #9522, #6152 ) ;
#422 = CARTESIAN_POINT ( 'NONE',  ( 38.14350014734868921, 122.5440287291549879, 43.72964371872244982 ) ) ;
#423 = DIRECTION ( 'NONE',  ( 0.000000000000000000, 1.000000000000000000, 0.000000000000000000 ) ) ;
#424 = AXIS2_PLACEMENT_3D ( 'NONE', #1582, #9216, #10049 ) ;
#425 = FACE_BOUND ( 'NONE', #5232, .T. ) ;
#426 = DIRECTION ( 'NONE',  ( 0.000000000000000000, -0.000000000000000000, 1.000000000000000000 ) ) ;
#427 = CARTESIAN_POINT ( 'NONE',  ( 54.25010532958043541, 120.4770467345754525, 48.84596890261947522 ) ) ;
#428 = EDGE_CURVE ( 'NONE', #7126, #4167, #4392, .T. ) ;
#429 = COLOUR_RGB ( '',1.000000000000000000, 0.5019607843137254832, 0.7529411764705882248 ) ;
#430 = CYLINDRICAL_SURFACE ( 'NONE', #2999, 1.850000000000006084 ) ;
#431 = CARTESIAN_POINT ( 'NONE',  ( 8.000000000000000000, 33.00000000000000000, 57.00694410957876812 ) ) ;
#432 = EDGE_CURVE ( 'NONE', #3404, #5127, #4523, .T. ) ;
#433 = DIRECTION ( 'NONE',  ( -0.000000000000000000, -1.000000000000000000, -0.000000000000000000 ) ) ;
#434 = ORIENTED_EDGE ( 'NONE', *, *, #9429, .F. ) ;
#435 = CARTESIAN_POINT ( 'NONE',  ( 57.79494960793672931, 35.93735173431774399, -7.590368143691832437 ) ) ;
#436 = CARTESIAN_POINT ( 'NONE',  ( 47.47635696295345298, 0.000000000000000000, 16.09109186667565083 ) ) ;
#437 = CARTESIAN_POINT ( 'NONE',  ( -8.000000000000000000, 33.00000000000000000, -58.20458146424466150 ) ) ;
#438 = CIRCLE ( 'NONE', #7985, 5.000000000000004441 ) ;
#439 = ORIENTED_EDGE ( 'NONE', *, *, #2209, .T. ) ;
#440 = DIRECTION ( 'NONE',  ( -0.000000000000000000, -1.000000000000000000, -0.000000000000000000 ) ) ;
#441 = PLANE ( 'NONE',  #3300 ) ;
#442 = EDGE_CURVE ( 'NONE', #8918, #5205, #2278, .T. ) ;
#443 = CARTESIAN_POINT ( 'NONE',  ( 15.56408052492278493, 119.5214782096003319, -71.32166425132874110 ) ) ;
#444 = VERTEX_POINT ( 'NONE', #4614 ) ;
#445 =( GEOMETRIC_REPRESENTATION_CONTEXT ( 3 ) GLOBAL_UNCERTAINTY_ASSIGNED_CONTEXT ( ( #5794 ) ) GLOBAL_UNIT_ASSIGNED_CONTEXT ( ( #1075, #4467, #9529 ) ) REPRESENTATION_CONTEXT ( 'NONE', 'WORKASPACE' ) );
#446 = ORIENTED_EDGE ( 'NONE', *, *, #7793, .F. ) ;
#447 = EDGE_CURVE ( 'NONE', #9714, #1134, #10337, .T. ) ;
#448 = ORIENTED_EDGE ( 'NONE', *, *, #10043, .F. ) ;
#449 = ADVANCED_FACE ( 'NONE', ( #5847, #3735 ), #8744, .T. ) ;
#450 = PLANE ( 'NONE',  #5721 ) ;
#451 = CARTESIAN_POINT ( 'NONE',  ( 0.000000000000000000, -53.00099999999999056, 63.91067609231115654 ) ) ;
#452 = CARTESIAN_POINT ( 'NONE',  ( 56.85657388217503438, 119.4352849012581856, -11.58888150944122941 ) ) ;
#453 = CARTESIAN_POINT ( 'NONE',  ( 0.000000000000000000, 2.327753354443970006E-15, -48.08326112068525759 ) ) ;
#454 = VERTEX_POINT ( 'NONE', #4575 ) ;
#455 = AXIS2_PLACEMENT_3D ( 'NONE', #3027, #8821, #9669 ) ;
#456 = VERTEX_POINT ( 'NONE', #3726 ) ;
#457 = ORIENTED_EDGE ( 'NONE', *, *, #6973, .T. ) ;
#458 = CARTESIAN_POINT ( 'NONE',  ( 56.65470181954096773, 118.5254474718337150, -12.47688948185815683 ) ) ;
#459 = ORIENTED_EDGE ( 'NONE', *, *, #4399, .F. ) ;
#460 = LINE ( 'NONE', #9416, #9181 ) ;
#461 = CARTESIAN_POINT ( 'NONE',  ( -48.08326112068525049, 15.00000000000000000, -2.775557561562891351E-14 ) ) ;
#462 = DIRECTION ( 'NONE',  ( 0.000000000000000000, 0.000000000000000000, 1.000000000000000000 ) ) ;
#463 = LINE ( 'NONE', #2591, #9182 ) ;
#464 = ORIENTED_EDGE ( 'NONE', *, *, #7586, .F. ) ;
#465 = CARTESIAN_POINT ( 'NONE',  ( 15.05052132459234215, 122.0203950542955482, -71.43165830283456330 ) ) ;
#466 = CARTESIAN_POINT ( 'NONE',  ( 53.79165865185440509, 119.0916423889935629, 49.35056082404656763 ) ) ;
#467 = ADVANCED_FACE ( 'NONE', ( #4253 ), #5317, .F. ) ;
#468 = VERTEX_POINT ( 'NONE', #10422 ) ;
#469 = DIRECTION ( 'NONE',  ( 0.000000000000000000, 0.000000000000000000, 1.000000000000000000 ) ) ;
#470 = AXIS2_PLACEMENT_3D ( 'NONE', #4560, #405, #9663 ) ;
#471 = ORIENTED_EDGE ( 'NONE', *, *, #8399, .F. ) ;
#472 = ORIENTED_EDGE ( 'NONE', *, *, #9298, .F. ) ;
#473 = VECTOR ( 'NONE', #2279, 1000.000000000000000 ) ;
#474 = VECTOR ( 'NONE', #4507, 1000.000000000000000 ) ;
#475 = ORIENTED_EDGE ( 'NONE', *, *, #9003, .F. ) ;
#476 = CARTESIAN_POINT ( 'NONE',  ( 7.961547261722712326E-13, 33.00000000000000000, 57.00694410957876812 ) ) ;
#477 = ORIENTED_EDGE ( 'NONE', *, *, #5543, .T. ) ;
#478 = DIRECTION ( 'NONE',  ( -0.000000000000000000, -1.000000000000000000, -0.000000000000000000 ) ) ;
#479 = B_SPLINE_SURFACE_WITH_KNOTS ( 'NONE', 3, 1, ( 
 ( #5189, #9302 ),
 ( #4268, #3463 ),
 ( #9391, #10103 ),
 ( #852, #5156 ),
 ( #6008, #915 ),
 ( #7699, #1743 ),
 ( #6788, #3355 ),
 ( #7669, #1636 ),
 ( #7633, #2648 ),
 ( #8562, #3502 ) ),
 .UNSPECIFIED., .F., .F., .F.,
 ( 4, 2, 2, 2, 4 ),
 ( 2, 2 ),
 ( 0.000000000000000000, 0.1249999999999995837, 0.2499999999999991673, 0.3749999999999987788, 0.4999999999999983347 ),
 ( 0.000000000000000000, 1.000000000000000000 ),
 .UNSPECIFIED. ) ;
#480 = CARTESIAN_POINT ( 'NONE',  ( 0.000000000000000000, 107.4999999999999858, -63.91067609231115654 ) ) ;
#481 = ORIENTED_EDGE ( 'NONE', *, *, #1328, .F. ) ;
#482 = ADVANCED_FACE ( 'NONE', ( #7822 ), #6242, .T. ) ;
#483 = ORIENTED_EDGE ( 'NONE', *, *, #123, .T. ) ;
#484 = VERTEX_POINT ( 'NONE', #414 ) ;
#485 = ORIENTED_EDGE ( 'NONE', *, *, #11, .T. ) ;
#486 = PLANE ( 'NONE',  #2145 ) ;
#487 = VECTOR ( 'NONE', #686, 1000.000000000000000 ) ;
#488 = VECTOR ( 'NONE', #8167, 1000.000000000000000 ) ;
#489 = VERTEX_POINT ( 'NONE', #6278 ) ;
#490 = AXIS2_PLACEMENT_3D ( 'NONE', #3201, #10862, #10749 ) ;
#491 = DIRECTION ( 'NONE',  ( 0.000000000000000000, 0.000000000000000000, -1.000000000000000000 ) ) ;
#492 = DIRECTION ( 'NONE',  ( -0.000000000000000000, -1.000000000000000000, -0.000000000000000000 ) ) ;
#493 = PLANE ( 'NONE',  #2494 ) ;
#494 = ORIENTED_EDGE ( 'NONE', *, *, #3487, .F. ) ;
#495 = DIRECTION ( 'NONE',  ( 0.000000000000000000, 1.000000000000000000, 0.000000000000000000 ) ) ;
#496 = VERTEX_POINT ( 'NONE', #2016 ) ;
#497 = CARTESIAN_POINT ( 'NONE',  ( 42.42640687119286014, 127.5010000000000048, 1.524678165548779904E-13 ) ) ;
#498 = ORIENTED_EDGE ( 'NONE', *, *, #5249, .F. ) ;
#499 = CIRCLE ( 'NONE', #2657, 1.849999999999997424 ) ;
#500 = ORIENTED_EDGE ( 'NONE', *, *, #1133, .F. ) ;
#501 = CARTESIAN_POINT ( 'NONE',  ( 62.00694410957880365, 53.00000000000000711, 11.99999999999974065 ) ) ;
#502 = LINE ( 'NONE', #3310, #7634 ) ;
#503 = CARTESIAN_POINT ( 'NONE',  ( 0.000000000000000000, 33.00000000000000000, 62.00694410957876102 ) ) ;
#504 = ORIENTED_EDGE ( 'NONE', *, *, #174, .T. ) ;
#505 = CARTESIAN_POINT ( 'NONE',  ( 22.68151796171984103, 121.4999999999999858, -69.38694937055659295 ) ) ;
#506 = ORIENTED_EDGE ( 'NONE', *, *, #8510, .F. ) ;
#507 = CARTESIAN_POINT ( 'NONE',  ( 49.14078927020231191, 119.5190720303064040, 53.98335995166824119 ) ) ;
#508 = ADVANCED_FACE ( 'NONE', ( #8484 ), #3812, .F. ) ;
#509 = VECTOR ( 'NONE', #6193, 1000.000000000000000 ) ;
#510 = CARTESIAN_POINT ( 'NONE',  ( 56.93724532572895924, 122.0197087289842557, -11.19452644746167813 ) ) ;
#511 = EDGE_CURVE ( 'NONE', #243, #1382, #5584, .T. ) ;
#512 = VERTEX_POINT ( 'NONE', #436 ) ;
#513 = ORIENTED_EDGE ( 'NONE', *, *, #2214, .F. ) ;
#514 = CARTESIAN_POINT ( 'NONE',  ( 69.38697848839053961, 121.2376102152930741, -22.68142888489091291 ) ) ;
#515 = EDGE_CURVE ( 'NONE', #2434, #3526, #9811, .T. ) ;
#516 = CARTESIAN_POINT ( 'NONE',  ( -57.00694410957883207, 33.00000000000000000, -5.999999999999402256 ) ) ;
#517 = CARTESIAN_POINT ( 'NONE',  ( 0.000000000000000000, 0.000000000000000000, 0.000000000000000000 ) ) ;
#518 = DIRECTION ( 'NONE',  ( 0.000000000000000000, 0.000000000000000000, -1.000000000000000000 ) ) ;
#519 = FACE_OUTER_BOUND ( 'NONE', #9204, .T. ) ;
#520 = DIRECTION ( 'NONE',  ( 1.000000000000000000, 0.000000000000000000, -1.047444401652940007E-14 ) ) ;
#521 = VERTEX_POINT ( 'NONE', #7142 ) ;
#522 = LINE ( 'NONE', #2439, #5935 ) ;
#523 = ADVANCED_FACE ( 'NONE', ( #10886 ), #2541, .T. ) ;
#524 = ORIENTED_EDGE ( 'NONE', *, *, #3991, .F. ) ;
#525 = DIRECTION ( 'NONE',  ( 0.000000000000000000, 1.000000000000000000, 0.000000000000000000 ) ) ;
#526 = EDGE_CURVE ( 'NONE', #9297, #484, #1064, .T. ) ;
#527 = DIRECTION ( 'NONE',  ( 0.000000000000000000, 0.000000000000000000, 1.000000000000000000 ) ) ;
#528 = AXIS2_PLACEMENT_3D ( 'NONE', #278, #7791, #5253 ) ;
#529 = VECTOR ( 'NONE', #136, 1000.000000000000000 ) ;
#530 = CARTESIAN_POINT ( 'NONE',  ( 4.623397510264704025, 53.00000000000000711, -62.00694410957876102 ) ) ;
#531 = ORIENTED_EDGE ( 'NONE', *, *, #10916, .T. ) ;
#532 = ADVANCED_FACE ( 'NONE', ( #9287 ), #1119, .T. ) ;
#533 = EDGE_CURVE ( 'NONE', #7340, #1668, #5705, .T. ) ;
#534 = MECHANICAL_DESIGN_GEOMETRIC_PRESENTATION_REPRESENTATION (  '', ( #6199 ), #3219 ) ;
#535 = CARTESIAN_POINT ( 'NONE',  ( -62.00694410957866154, 53.00000000000000711, 10.00000000000069278 ) ) ;
#536 = DIRECTION ( 'NONE',  ( 0.000000000000000000, 0.000000000000000000, 1.000000000000000000 ) ) ;
#537 = DIRECTION ( 'NONE',  ( 1.000000000000000000, 0.000000000000000000, 0.000000000000000000 ) ) ;
#538 = CARTESIAN_POINT ( 'NONE',  ( 54.31837234552349969, 120.9812746648143076, 48.77004236249246105 ) ) ;
#539 = CIRCLE ( 'NONE', #6966, 8.000000000000000000 ) ;
#540 = CARTESIAN_POINT ( 'NONE',  ( -26.58703817043319617, -42.40663761154805655, -45.84898473602144975 ) ) ;
#541 = CARTESIAN_POINT ( 'NONE',  ( 6.938893903907228378E-15, 72.00000000000000000, -3.469446951953614189E-15 ) ) ;
#542 = AXIS2_PLACEMENT_3D ( 'NONE', #2321, #5678, #6529 ) ;
#543 = CARTESIAN_POINT ( 'NONE',  ( -6.000000000001193712, 33.00000000000000000, -57.00694410957876812 ) ) ;
#544 = DIRECTION ( 'NONE',  ( 1.256065073714878991E-16, 1.000000000000000000, -1.648588188385822228E-16 ) ) ;
#545 = CARTESIAN_POINT ( 'NONE',  ( -56.94273243253066852, 121.5000000000000142, 11.16841825749757078 ) ) ;
#546 = CARTESIAN_POINT ( 'NONE',  ( 31.78372441481447197, 10.00000000000000000, 31.78372441481457145 ) ) ;
#547 = ADVANCED_FACE ( 'NONE', ( #2807 ), #2568, .F. ) ;
#548 = FACE_BOUND ( 'NONE', #2468, .T. ) ;
#549 = DIRECTION ( 'NONE',  ( 0.000000000000000000, 0.000000000000000000, 1.000000000000000000 ) ) ;
#550 = CARTESIAN_POINT ( 'NONE',  ( 0.000000000000000000, 53.00000000000000711, 0.000000000000000000 ) ) ;
#551 = VECTOR ( 'NONE', #1404, 1000.000000000000000 ) ;
#552 = AXIS2_PLACEMENT_3D ( 'NONE', #10913, #4104, #10123 ) ;
#553 = FILL_AREA_STYLE_COLOUR ( '', #7102 ) ;
#554 = CARTESIAN_POINT ( 'NONE',  ( 27.75835375625364776, 10.00000000000000000, 27.75835375625366908 ) ) ;
#555 = LINE ( 'NONE', #10655, #9019 ) ;
#556 = CARTESIAN_POINT ( 'NONE',  ( 19.16253729194202649, 0.000000000000000000, -41.08284750872499558 ) ) ;
#557 = VECTOR ( 'NONE', #9755, 1000.000000000000000 ) ;
#558 = LINE ( 'NONE', #2077, #7041 ) ;
#559 = DIRECTION ( 'NONE',  ( 0.000000000000000000, 0.000000000000000000, -1.000000000000000000 ) ) ;
#560 = CARTESIAN_POINT ( 'NONE',  ( 19.14876905137630914, 125.4497338060820937, -70.44425013804008984 ) ) ;
#561 = CARTESIAN_POINT ( 'NONE',  ( -67.95290519381386218, 0.000000000000000000, -20.57675085431490913 ) ) ;
#562 = EDGE_CURVE ( 'NONE', #4581, #9708, #4032, .T. ) ;
#563 = EDGE_CURVE ( 'NONE', #8535, #3538, #8521, .T. ) ;
#564 = ADVANCED_FACE ( 'NONE', ( #197 ), #2791, .T. ) ;
#565 = EDGE_LOOP ( 'NONE', ( #592, #8550, #1744, #2479, #4141, #624, #531 ) ) ;
#566 = CARTESIAN_POINT ( 'NONE',  ( 56.83210092876068842, 123.4836219565057149, -11.68489228083930875 ) ) ;
#567 = EDGE_CURVE ( 'NONE', #5900, #2615, #8646, .T. ) ;
#568 = FACE_BOUND ( 'NONE', #6451, .T. ) ;
#569 = LINE ( 'NONE', #419, #3747 ) ;
#570 = ORIENTED_EDGE ( 'NONE', *, *, #4760, .T. ) ;
#571 = AXIS2_PLACEMENT_3D ( 'NONE', #3745, #8996, #1145 ) ;
#572 = ORIENTED_EDGE ( 'NONE', *, *, #10278, .T. ) ;
#573 = CARTESIAN_POINT ( 'NONE',  ( 5.000000000000007994, 107.4999999999999858, -63.91067609231115654 ) ) ;
#574 = DIRECTION ( 'NONE',  ( 0.000000000000000000, 0.000000000000000000, 1.000000000000000000 ) ) ;
#575 = VERTEX_POINT ( 'NONE', #5337 ) ;
#576 = CARTESIAN_POINT ( 'NONE',  ( -63.91067609231115654, 92.49999999999998579, -2.231429329291523816E-13 ) ) ;
#577 = CARTESIAN_POINT ( 'NONE',  ( 45.68847653903531381, 10.00000000000000000, 45.68847653903517880 ) ) ;
#578 = ORIENTED_EDGE ( 'NONE', *, *, #5671, .T. ) ;
#579 = DIRECTION ( 'NONE',  ( 0.000000000000000000, 1.000000000000000000, 0.000000000000000000 ) ) ;
#580 = EDGE_CURVE ( 'NONE', #9031, #230, #2808, .T. ) ;
#581 = FACE_OUTER_BOUND ( 'NONE', #8233, .T. ) ;
#582 = ORIENTED_EDGE ( 'NONE', *, *, #9222, .T. ) ;
#583 = AXIS2_PLACEMENT_3D ( 'NONE', #9707, #9756, #10613 ) ;
#584 = EDGE_CURVE ( 'NONE', #243, #4582, #1766, .T. ) ;
#585 = ORIENTED_EDGE ( 'NONE', *, *, #8724, .T. ) ;
#586 = CARTESIAN_POINT ( 'NONE',  ( 0.000000000000000000, 92.49999999999998579, 67.86067609231115227 ) ) ;
#587 = EDGE_LOOP ( 'NONE', ( #10412, #10683, #2838, #6924 ) ) ;
#588 = EDGE_CURVE ( 'NONE', #3767, #7244, #9973, .T. ) ;
#589 = AXIS2_PLACEMENT_3D ( 'NONE', #3197, #1332, #3082 ) ;
#590 = EDGE_LOOP ( 'NONE', ( #3415, #3133, #7504, #9074 ) ) ;
#591 = CARTESIAN_POINT ( 'NONE',  ( -11.94358386879661005, 123.9273460831692688, 56.77592373737796549 ) ) ;
#592 = ORIENTED_EDGE ( 'NONE', *, *, #7307, .T. ) ;
#593 = CARTESIAN_POINT ( 'NONE',  ( 54.96131621769068687, 120.2304192305528403, -18.60502139257340204 ) ) ;
#594 = ORIENTED_EDGE ( 'NONE', *, *, #2572, .T. ) ;
#595 = ORIENTED_EDGE ( 'NONE', *, *, #4818, .F. ) ;
#596 = MECHANICAL_DESIGN_GEOMETRIC_PRESENTATION_REPRESENTATION (  '', ( #9526 ), #261 ) ;
#597 = ORIENTED_EDGE ( 'NONE', *, *, #4891, .T. ) ;
#598 = DIRECTION ( 'NONE',  ( 0.7071067811865482389, 0.000000000000000000, -0.7071067811865469066 ) ) ;
#599 = DIRECTION ( 'NONE',  ( 1.082138871172476148E-14, 0.000000000000000000, 1.000000000000000000 ) ) ;
#600 = SURFACE_STYLE_USAGE ( .BOTH. , #1442 ) ;
#601 = CARTESIAN_POINT ( 'NONE',  ( 16.97889545163848624, 124.9272040765920195, -70.99833349538879190 ) ) ;
#602 = CIRCLE ( 'NONE', #3173, 71.00000000000001421 ) ;
#603 = CIRCLE ( 'NONE', #4688, 71.00000000000001421 ) ;
#604 = VERTEX_POINT ( 'NONE', #2753 ) ;
#605 = ADVANCED_FACE ( 'NONE', ( #10521 ), #3591, .F. ) ;
#606 = AXIS2_PLACEMENT_3D ( 'NONE', #9832, #8207, #9944 ) ;
#607 = CARTESIAN_POINT ( 'NONE',  ( 56.28200566377120140, 125.3213000415433243, -14.02148056204423199 ) ) ;
#608 = PRESENTATION_LAYER_ASSIGNMENT (  '', '', ( #2099 ) ) ;
#609 = ORIENTED_EDGE ( 'NONE', *, *, #10059, .T. ) ;
#610 = VERTEX_POINT ( 'NONE', #8505 ) ;
#611 = ORIENTED_EDGE ( 'NONE', *, *, #7032, .F. ) ;
#612 = EDGE_LOOP ( 'NONE', ( #2318, #2563, #9477, #8813, #925, #3790 ) ) ;
#613 = CARTESIAN_POINT ( 'NONE',  ( -63.91067609231115654, 110.4999999999999858, -2.231429329291523816E-13 ) ) ;
#614 = CYLINDRICAL_SURFACE ( 'NONE', #4067, 71.00000000000001421 ) ;
#615 = ORIENTED_EDGE ( 'NONE', *, *, #4529, .T. ) ;
#616 = DIRECTION ( 'NONE',  ( 0.000000000000000000, 1.000000000000000000, 0.000000000000000000 ) ) ;
#617 = DIRECTION ( 'NONE',  ( 0.000000000000000000, 0.000000000000000000, -1.000000000000000000 ) ) ;
#618 = EDGE_CURVE ( 'NONE', #4784, #5280, #7466, .T. ) ;
#619 = UNCERTAINTY_MEASURE_WITH_UNIT (LENGTH_MEASURE( 1.000000000000000082E-05 ), #4794, 'distance_accuracy_value', 'NONE');
#620 = DIRECTION ( 'NONE',  ( -0.000000000000000000, -1.000000000000000000, -0.000000000000000000 ) ) ;
#621 = LINE ( 'NONE', #1804, #8147 ) ;
#622 = CARTESIAN_POINT ( 'NONE',  ( -63.91067609231114233, 107.4999999999999858, -5.000000000000230926 ) ) ;
#623 = ORIENTED_EDGE ( 'NONE', *, *, #5962, .F. ) ;
#624 = ORIENTED_EDGE ( 'NONE', *, *, #5599, .T. ) ;
#625 = VECTOR ( 'NONE', #10297, 1000.000000000000000 ) ;
#626 = AXIS2_PLACEMENT_3D ( 'NONE', #3658, #4503, #8742 ) ;
#627 = CARTESIAN_POINT ( 'NONE',  ( -56.29095918109161545, 117.5505524752647517, 14.01395652610442966 ) ) ;
#628 = CARTESIAN_POINT ( 'NONE',  ( -14.48888739433604123, 127.5000000000000000, 3.882285676537741814 ) ) ;
#629 = ORIENTED_EDGE ( 'NONE', *, *, #5956, .T. ) ;
#630 = CARTESIAN_POINT ( 'NONE',  ( 42.42640687119286014, -6.000000000000000000, -1.849999999999845324 ) ) ;
#631 =( LENGTH_UNIT ( ) NAMED_UNIT ( * ) SI_UNIT ( .MILLI., .METRE. ) );
#632 = B_SPLINE_CURVE_WITH_KNOTS ( 'NONE', 3,
 ( #268, #1944, #7929, #2800, #6166, #1037, #8828, #3611, #9528, #1072, #7047, #7141, #4465, #6983, #1161, #10370, #3759, #5346, #6121, #331, #2013, #1893, #7092, #8670, #5309, #7011, #2886, #294, #10457, #3722, #1978, #8775 ),
 .UNSPECIFIED., .F., .F.,
 ( 4, 2, 2, 2, 2, 2, 2, 2, 2, 2, 2, 2, 2, 2, 2, 4 ),
 ( 0.000000000000000000, 0.001556037729137674415, 0.002334056593706517260, 0.003112075458275360106, 0.003890094322844202951, 0.004668113187413045796, 0.005446132051981888642, 0.006224150916550731487, 0.007002169781119573465, 0.007780188645688416310, 0.008558207510257258288, 0.009336226374826102001, 0.01011424523939494398, 0.01089226410396378769, 0.01167028296853262967, 0.01244830183310147338 ),
 .UNSPECIFIED. ) ;
#633 = DIRECTION ( 'NONE',  ( 0.000000000000000000, 1.000000000000000000, 0.000000000000000000 ) ) ;
#634 = VECTOR ( 'NONE', #4223, 1000.000000000000114 ) ;
#635 = DIRECTION ( 'NONE',  ( 0.000000000000000000, 0.000000000000000000, -1.000000000000000000 ) ) ;
#636 = ORIENTED_EDGE ( 'NONE', *, *, #5325, .F. ) ;
#637 = AXIS2_PLACEMENT_3D ( 'NONE', #5377, #5265, #8617 ) ;
#638 = VECTOR ( 'NONE', #1590, 999.9999999999998863 ) ;
#639 = EDGE_CURVE ( 'NONE', #5513, #4136, #6010, .T. ) ;
#640 = VECTOR ( 'NONE', #10008, 1000.000000000000114 ) ;
#641 = CARTESIAN_POINT ( 'NONE',  ( 5.000000000000007994, 107.4999999999999858, 63.91067609231115654 ) ) ;
#642 = DIRECTION ( 'NONE',  ( 0.000000000000000000, 0.000000000000000000, -1.000000000000000000 ) ) ;
#643 = CARTESIAN_POINT ( 'NONE',  ( 40.83167792437489396, 125.4502610479492120, 41.19272842586634908 ) ) ;
#644 = DIRECTION ( 'NONE',  ( -0.000000000000000000, -1.000000000000000000, -0.000000000000000000 ) ) ;
#645 = ORIENTED_EDGE ( 'NONE', *, *, #9797, .F. ) ;
#646 = DIRECTION ( 'NONE',  ( -0.7071067811865476838, 0.000000000000000000, 0.7071067811865474617 ) ) ;
#647 = VECTOR ( 'NONE', #2228, 1000.000000000000000 ) ;
#648 = EDGE_CURVE ( 'NONE', #4473, #7228, #7213, .T. ) ;
#649 = AXIS2_PLACEMENT_3D ( 'NONE', #903, #1703, #4294 ) ;
#650 = FACE_OUTER_BOUND ( 'NONE', #712, .T. ) ;
#651 = CARTESIAN_POINT ( 'NONE',  ( -62.20458146424486046, 72.00000000000000000, -11.99999999999974776 ) ) ;
#652 = CARTESIAN_POINT ( 'NONE',  ( 48.08326112068522207, 31.50000000000000000, -3.469446951953614189E-15 ) ) ;
#653 = ORIENTED_EDGE ( 'NONE', *, *, #4945, .F. ) ;
#654 = EDGE_CURVE ( 'NONE', #4846, #973, #3892, .T. ) ;
#655 = SURFACE_STYLE_USAGE ( .BOTH. , #8261 ) ;
#656 = CARTESIAN_POINT ( 'NONE',  ( -11.99999999999995737, 13.00000000000000178, 0.000000000000000000 ) ) ;
#657 = CARTESIAN_POINT ( 'NONE',  ( -55.30195723008738895, 124.4718737084310760, 17.52497640285461245 ) ) ;
#658 = CARTESIAN_POINT ( 'NONE',  ( -71.43161982686670797, 121.5000000000000142, 15.05070393403519269 ) ) ;
#659 = AXIS2_PLACEMENT_3D ( 'NONE', #10587, #6361, #1284 ) ;
#660 = CYLINDRICAL_SURFACE ( 'NONE', #8653, 73.00000000000000000 ) ;
#661 = VECTOR ( 'NONE', #1409, 1000.000000000000000 ) ;
#662 = ADVANCED_FACE ( 'NONE', ( #7720 ), #7687, .T. ) ;
#663 = CARTESIAN_POINT ( 'NONE',  ( -56.85657388217516228, 119.4352849012582709, 11.58888150944083328 ) ) ;
#664 = DIRECTION ( 'NONE',  ( -0.000000000000000000, -1.000000000000000000, -0.000000000000000000 ) ) ;
#665 = CARTESIAN_POINT ( 'NONE',  ( -11.99999999999995737, 72.00000000000000000, 0.000000000000000000 ) ) ;
#666 = CARTESIAN_POINT ( 'NONE',  ( 8.000000000000000000, 33.00000000000000000, -58.20458146424483914 ) ) ;
#667 = AXIS2_PLACEMENT_3D ( 'NONE', #878, #1726, #4289 ) ;
#668 = CARTESIAN_POINT ( 'NONE',  ( -49.88867489039567005, 118.3596283656350039, -53.29320923250412534 ) ) ;
#669 = COLOUR_RGB ( '',1.000000000000000000, 0.5019607843137254832, 0.7529411764705882248 ) ;
#670 = DIRECTION ( 'NONE',  ( 0.000000000000000000, 1.000000000000000000, 0.000000000000000000 ) ) ;
#671 = EDGE_CURVE ( 'NONE', #356, #709, #8118, .T. ) ;
#672 = MECHANICAL_DESIGN_GEOMETRIC_PRESENTATION_REPRESENTATION (  '', ( #6554 ), #5561 ) ;
#673 = DIRECTION ( 'NONE',  ( 0.7071067811865476838, 6.846333395423442283E-17, -0.7071067811865474617 ) ) ;
#674 = DIRECTION ( 'NONE',  ( -0.000000000000000000, 1.000000000000000000, -0.000000000000000000 ) ) ;
#675 = CARTESIAN_POINT ( 'NONE',  ( 0.000000000000000000, 2.327753354443970006E-15, -48.08326112068525759 ) ) ;
#676 = CARTESIAN_POINT ( 'NONE',  ( 29.97765431706064021, 10.00000000000000000, 57.37392810244902819 ) ) ;
#677 = LINE ( 'NONE', #9116, #152 ) ;
#678 = VECTOR ( 'NONE', #3846, 1000.000000000000000 ) ;
#679 = CYLINDRICAL_SURFACE ( 'NONE', #4217, 71.00000000000001421 ) ;
#680 = DIRECTION ( 'NONE',  ( 0.000000000000000000, -1.000000000000000000, 0.000000000000000000 ) ) ;
#681 = AXIS2_PLACEMENT_3D ( 'NONE', #1822, #6870, #6014 ) ;
#682 =( NAMED_UNIT ( * ) SI_UNIT ( $, .STERADIAN. ) SOLID_ANGLE_UNIT ( ) );
#683 = LINE ( 'NONE', #1468, #1595 ) ;
#684 = ORIENTED_EDGE ( 'NONE', *, *, #8029, .T. ) ;
#685 = CARTESIAN_POINT ( 'NONE',  ( -70.86747919565206644, 117.5505524752647517, 17.91972329246181417 ) ) ;
#686 = DIRECTION ( 'NONE',  ( 0.7071067811865496822, -0.000000000000000000, 0.7071067811865453523 ) ) ;
#687 = DIRECTION ( 'NONE',  ( -0.000000000000000000, -1.000000000000000000, -0.000000000000000000 ) ) ;
#688 = DIRECTION ( 'NONE',  ( -0.000000000000000000, -1.000000000000000000, -0.000000000000000000 ) ) ;
#689 = VECTOR ( 'NONE', #4110, 1000.000000000000000 ) ;
#690 = CIRCLE ( 'NONE', #9197, 5.000000000000007994 ) ;
#691 = ORIENTED_EDGE ( 'NONE', *, *, #4332, .F. ) ;
#692 = ORIENTED_EDGE ( 'NONE', *, *, #5810, .F. ) ;
#693 = ORIENTED_EDGE ( 'NONE', *, *, #8349, .T. ) ;
#694 = DIRECTION ( 'NONE',  ( -0.7071067811865475727, 0.000000000000000000, -0.7071067811865474617 ) ) ;
#695 = ORIENTED_EDGE ( 'NONE', *, *, #221, .T. ) ;
#696 = CARTESIAN_POINT ( 'NONE',  ( 43.46917597822829293, 10.00000000000000000, 16.07290219283991917 ) ) ;
#697 = CARTESIAN_POINT ( 'NONE',  ( -71.22443721293238639, 118.8896745639160315, 16.00354784567552002 ) ) ;
#698 = ORIENTED_EDGE ( 'NONE', *, *, #2232, .T. ) ;
#699 = CARTESIAN_POINT ( 'NONE',  ( 41.38074165539557470, 125.4229510342337903, 40.64162901350201196 ) ) ;
#700 = CARTESIAN_POINT ( 'NONE',  ( 41.08284750872500979, 0.000000000000000000, -19.16253729194202293 ) ) ;
#701 = EDGE_CURVE ( 'NONE', #5676, #6170, #8255, .T. ) ;
#702 = DIRECTION ( 'NONE',  ( 0.000000000000000000, 0.000000000000000000, -1.000000000000000000 ) ) ;
#703 = EDGE_LOOP ( 'NONE', ( #3893, #8973, #9349, #6129 ) ) ;
#704 = UNCERTAINTY_MEASURE_WITH_UNIT (LENGTH_MEASURE( 1.000000000000000082E-05 ), #9851, 'distance_accuracy_value', 'NONE');
#705 = ADVANCED_FACE ( 'NONE', ( #10367 ), #6885, .F. ) ;
#706 = DIRECTION ( 'NONE',  ( 0.000000000000000000, 0.000000000000000000, -1.000000000000000000 ) ) ;
#707 = ORIENTED_EDGE ( 'NONE', *, *, #3991, .T. ) ;
#708 = EDGE_CURVE ( 'NONE', #725, #4927, #6413, .T. ) ;
#709 = VERTEX_POINT ( 'NONE', #10395 ) ;
#710 = LINE ( 'NONE', #9187, #3769 ) ;
#711 = CIRCLE ( 'NONE', #9418, 71.00000000000001421 ) ;
#712 = EDGE_LOOP ( 'NONE', ( #4845, #10115, #10120, #7458 ) ) ;
#713 = EDGE_LOOP ( 'NONE', ( #7365, #6823, #2612, #3103 ) ) ;
#714 = ORIENTED_EDGE ( 'NONE', *, *, #3901, .T. ) ;
#715 = DIRECTION ( 'NONE',  ( -0.000000000000000000, -1.000000000000000000, 0.000000000000000000 ) ) ;
#716 = ORIENTED_EDGE ( 'NONE', *, *, #1275, .F. ) ;
#717 = EDGE_CURVE ( 'NONE', #6350, #9595, #10907, .T. ) ;
#718 = VERTEX_POINT ( 'NONE', #4342 ) ;
#719 = DIRECTION ( 'NONE',  ( -1.000000000000000000, 0.000000000000000000, 1.047444401652940007E-14 ) ) ;
#720 =( GEOMETRIC_REPRESENTATION_CONTEXT ( 3 ) GLOBAL_UNCERTAINTY_ASSIGNED_CONTEXT ( ( #4791 ) ) GLOBAL_UNIT_ASSIGNED_CONTEXT ( ( #1188, #8041, #8696 ) ) REPRESENTATION_CONTEXT ( 'NONE', 'WORKASPACE' ) );
#721 = LINE ( 'NONE', #8417, #7607 ) ;
#722 = VERTEX_POINT ( 'NONE', #923 ) ;
#723 = CARTESIAN_POINT ( 'NONE',  ( 0.000000000000000000, 107.4999999999999858, -63.91067609231115654 ) ) ;
#724 = CARTESIAN_POINT ( 'NONE',  ( 11.95996636984090244, 119.0926397304038886, -56.77150465516366751 ) ) ;
#725 = VERTEX_POINT ( 'NONE', #1799 ) ;
#726 = EDGE_CURVE ( 'NONE', #4661, #8438, #6929, .T. ) ;
#727 = ORIENTED_EDGE ( 'NONE', *, *, #2058, .F. ) ;
#728 = AXIS2_PLACEMENT_3D ( 'NONE', #1837, #2635, #5931 ) ;
#729 = DIRECTION ( 'NONE',  ( -0.7071067811865479058, 0.000000000000000000, 0.7071067811865472397 ) ) ;
#730 = ORIENTED_EDGE ( 'NONE', *, *, #9290, .T. ) ;
#731 = ORIENTED_EDGE ( 'NONE', *, *, #8215, .T. ) ;
#732 = ORIENTED_EDGE ( 'NONE', *, *, #1040, .F. ) ;
#733 = AXIS2_PLACEMENT_3D ( 'NONE', #9491, #6149, #4490 ) ;
#734 = CARTESIAN_POINT ( 'NONE',  ( 8.000000000000001776, 31.50276128561021238, -58.20458146424483914 ) ) ;
#735 = CARTESIAN_POINT ( 'NONE',  ( 62.00694410957880365, 13.00000000000000178, 11.99999999999974065 ) ) ;
#736 = CARTESIAN_POINT ( 'NONE',  ( 26.11681342984624976, 10.00000000000000000, 26.11681342984624976 ) ) ;
#737 = ORIENTED_EDGE ( 'NONE', *, *, #3208, .T. ) ;
#738 = ORIENTED_EDGE ( 'NONE', *, *, #4130, .T. ) ;
#739 = CARTESIAN_POINT ( 'NONE',  ( 12.00000000000004796, 107.4999999999999858, 69.97856814768360323 ) ) ;
#740 = VERTEX_POINT ( 'NONE', #9421 ) ;
#741 = DIRECTION ( 'NONE',  ( -0.7071067811865482389, 0.000000000000000000, 0.7071067811865469066 ) ) ;
#742 = PRESENTATION_STYLE_ASSIGNMENT (( #4656 ) ) ;
#743 = ORIENTED_EDGE ( 'NONE', *, *, #3968, .F. ) ;
#744 = AXIS2_PLACEMENT_3D ( 'NONE', #2235, #9880, #3075 ) ;
#745 = FACE_BOUND ( 'NONE', #2163, .T. ) ;
#746 = VERTEX_POINT ( 'NONE', #5322 ) ;
#747 = ORIENTED_EDGE ( 'NONE', *, *, #8707, .T. ) ;
#748 = DIRECTION ( 'NONE',  ( 0.000000000000000000, 1.000000000000000000, 0.000000000000000000 ) ) ;
#749 = CIRCLE ( 'NONE', #3446, 5.000000000000004441 ) ;
#750 = SURFACE_SIDE_STYLE ('',( #5959 ) ) ;
#751 = CARTESIAN_POINT ( 'NONE',  ( -43.72972764420043035, 121.7545221335566623, -38.14340660507552627 ) ) ;
#752 = CIRCLE ( 'NONE', #185, 71.00000000000001421 ) ;
#753 = FACE_OUTER_BOUND ( 'NONE', #9889, .T. ) ;
#754 = COLOUR_RGB ( '',1.000000000000000000, 0.5019607843137254832, 0.7529411764705882248 ) ;
#755 = ORIENTED_EDGE ( 'NONE', *, *, #7098, .F. ) ;
#756 = ORIENTED_EDGE ( 'NONE', *, *, #6231, .T. ) ;
#757 = ADVANCED_FACE ( 'NONE', ( #2173 ), #5094, .T. ) ;
#758 = CARTESIAN_POINT ( 'NONE',  ( 25.10229073212242668, 72.00000000000000000, 25.10229073212244799 ) ) ;
#759 = DIRECTION ( 'NONE',  ( 0.000000000000000000, 0.000000000000000000, 1.000000000000000000 ) ) ;
#760 = VECTOR ( 'NONE', #9865, 1000.000000000000000 ) ;
#761 = FACE_OUTER_BOUND ( 'NONE', #10807, .T. ) ;
#762 = EDGE_CURVE ( 'NONE', #6425, #8248, #10095, .T. ) ;
#763 = CARTESIAN_POINT ( 'NONE',  ( 38.29707067598133818, 120.2234528238473814, 43.59155942965406183 ) ) ;
#764 = EDGE_LOOP ( 'NONE', ( #8395, #3664, #2165, #6953, #7756, #434 ) ) ;
#765 = EDGE_CURVE ( 'NONE', #5197, #7228, #5490, .T. ) ;
#766 = PLANE ( 'NONE',  #9622 ) ;
#767 = DIRECTION ( 'NONE',  ( -0.000000000000000000, -1.000000000000000000, -0.000000000000000000 ) ) ;
#768 = PLANE ( 'NONE',  #6220 ) ;
#769 = CARTESIAN_POINT ( 'NONE',  ( 0.000000000000000000, 33.00000000000000000, 57.00694410957876812 ) ) ;
#770 = DIRECTION ( 'NONE',  ( -0.7071067811865474617, 0.000000000000000000, -0.7071067811865476838 ) ) ;
#771 = CIRCLE ( 'NONE', #8092, 73.00000000000000000 ) ;
#772 = STYLED_ITEM ( 'NONE', ( #2129 ), #2048 ) ;
#773 = CYLINDRICAL_SURFACE ( 'NONE', #10445, 71.00000000000001421 ) ;
#774 = CARTESIAN_POINT ( 'NONE',  ( -63.91067609231115654, 92.49999999999998579, -3.950000000000212008 ) ) ;
#775 = EDGE_CURVE ( 'NONE', #2995, #9901, #3770, .T. ) ;
#776 = EDGE_CURVE ( 'NONE', #5876, #5411, #3236, .T. ) ;
#777 = CARTESIAN_POINT ( 'NONE',  ( -38.86765214505699362, 124.1139184726595630, -43.07143157002006717 ) ) ;
#778 = PRESENTATION_STYLE_ASSIGNMENT (( #5073 ) ) ;
#779 = EDGE_CURVE ( 'NONE', #7085, #10243, #5343, .T. ) ;
#780 = DIRECTION ( 'NONE',  ( -1.000000000000000000, -0.000000000000000000, 1.047444401652940007E-14 ) ) ;
#781 = AXIS2_PLACEMENT_3D ( 'NONE', #1155, #7203, #10607 ) ;
#782 = PLANE ( 'NONE',  #10075 ) ;
#783 = CARTESIAN_POINT ( 'NONE',  ( 15.48691951478500783, 119.4426215047596145, -71.43486239133257243 ) ) ;
#784 = CARTESIAN_POINT ( 'NONE',  ( 4.837354856632024350E-16, 110.4999999999999858, -67.86067609231115227 ) ) ;
#785 = SURFACE_STYLE_USAGE ( .BOTH. , #2398 ) ;
#786 = DIRECTION ( 'NONE',  ( 0.000000000000000000, 0.000000000000000000, 1.000000000000000000 ) ) ;
#787 = SURFACE_STYLE_FILL_AREA ( #5627 ) ;
#788 = CARTESIAN_POINT ( 'NONE',  ( 70.37804405993956891, 125.4238305153196649, -19.39057837274242857 ) ) ;
#789 = FACE_OUTER_BOUND ( 'NONE', #5926, .T. ) ;
#790 =( NAMED_UNIT ( * ) PLANE_ANGLE_UNIT ( ) SI_UNIT ( $, .RADIAN. ) );
#791 = CARTESIAN_POINT ( 'NONE',  ( 43.71207129066525710, 120.9840231387841953, 38.16310591437234478 ) ) ;
#792 = B_SPLINE_SURFACE_WITH_KNOTS ( 'NONE', 3, 1, ( 
 ( #7260, #5445 ),
 ( #8798, #6250 ),
 ( #10623, #9654 ),
 ( #8952, #9793 ),
 ( #7983, #8848 ),
 ( #5410, #1180 ),
 ( #3740, #4594 ),
 ( #3783, #4632 ),
 ( #2115, #422 ),
 ( #6442, #7400 ) ),
 .UNSPECIFIED., .F., .F., .F.,
 ( 4, 2, 2, 2, 4 ),
 ( 2, 2 ),
 ( 0.4999999999999982236, 0.6249999999999977796, 0.7499999999999985567, 0.8749999999999993339, 1.000000000136231693 ),
 ( 0.000000000000000000, 1.000000000000000000 ),
 .UNSPECIFIED. ) ;
#793 = VECTOR ( 'NONE', #9052, 1000.000000000000000 ) ;
#794 = AXIS2_PLACEMENT_3D ( 'NONE', #4992, #6702, #10959 ) ;
#795 = VECTOR ( 'NONE', #8902, 1000.000000000000000 ) ;
#796 = PLANE ( 'NONE',  #413 ) ;
#797 = FILL_AREA_STYLE ('',( #18 ) ) ;
#798 = CARTESIAN_POINT ( 'NONE',  ( 63.91067609231115654, 92.49999999999998579, 6.694287987874572456E-13 ) ) ;
#799 = CARTESIAN_POINT ( 'NONE',  ( 0.000000000000000000, 15.00000000000000178, 0.000000000000000000 ) ) ;
#800 = PLANE ( 'NONE',  #1231 ) ;
#801 = ORIENTED_EDGE ( 'NONE', *, *, #6532, .T. ) ;
#802 = ADVANCED_FACE ( 'NONE', ( #8917 ), #4939, .T. ) ;
#803 = VECTOR ( 'NONE', #3556, 1000.000000000000000 ) ;
#804 = CIRCLE ( 'NONE', #7656, 69.74567609231115739 ) ;
#805 = EDGE_CURVE ( 'NONE', #8957, #7590, #5212, .T. ) ;
#806 = DIRECTION ( 'NONE',  ( 0.2588190451025298988, 0.000000000000000000, -0.9659258262890658697 ) ) ;
#807 = AXIS2_PLACEMENT_3D ( 'NONE', #8769, #8857, #9666 ) ;
#808 = CARTESIAN_POINT ( 'NONE',  ( -38.53546402031371088, 123.4836219571374727, -43.37559701410730639 ) ) ;
#809 = EDGE_LOOP ( 'NONE', ( #3595, #3506 ) ) ;
#810 = VECTOR ( 'NONE', #9904, 999.9999999999998863 ) ;
#811 = VERTEX_POINT ( 'NONE', #2550 ) ;
#812 = FILL_AREA_STYLE ('',( #115 ) ) ;
#813 = ORIENTED_EDGE ( 'NONE', *, *, #1650, .T. ) ;
#814 = DIRECTION ( 'NONE',  ( 0.7071067811865476838, 0.000000000000000000, 0.7071067811865474617 ) ) ;
#815 = AXIS2_PLACEMENT_3D ( 'NONE', #7902, #6291, #2853 ) ;
#816 = VERTEX_POINT ( 'NONE', #6805 ) ;
#817 = DIRECTION ( 'NONE',  ( 0.000000000000000000, 1.000000000000000000, 0.000000000000000000 ) ) ;
#818 = CARTESIAN_POINT ( 'NONE',  ( 16.23687343852992271, 117.7561558019066013, -55.68430325627568322 ) ) ;
#819 = ORIENTED_EDGE ( 'NONE', *, *, #4704, .T. ) ;
#820 = DIRECTION ( 'NONE',  ( 1.000000000000000000, 0.000000000000000000, -1.047444401652940007E-14 ) ) ;
#821 = PRESENTATION_STYLE_ASSIGNMENT (( #10893 ) ) ;
#822 = LINE ( 'NONE', #4831, #10781 ) ;
#823 = EDGE_LOOP ( 'NONE', ( #2852, #485, #8237, #4718 ) ) ;
#824 = CARTESIAN_POINT ( 'NONE',  ( -51.80233272285209978, 117.5501692463046055, -51.43524529055798666 ) ) ;
#825 = CARTESIAN_POINT ( 'NONE',  ( 0.000000000000000000, 53.00000000000000711, 0.000000000000000000 ) ) ;
#826 = ORIENTED_EDGE ( 'NONE', *, *, #3411, .F. ) ;
#827 = ORIENTED_EDGE ( 'NONE', *, *, #1300, .F. ) ;
#828 = CARTESIAN_POINT ( 'NONE',  ( -70.44539543293343797, 117.5501692463045202, 19.14451346800401765 ) ) ;
#829 = CARTESIAN_POINT ( 'NONE',  ( -10.60660171779821148, 127.5000000000000000, -10.60660171779821503 ) ) ;
#830 = CARTESIAN_POINT ( 'NONE',  ( -66.18446766623711142, 72.00000000000000000, 15.02265631979615712 ) ) ;
#831 = EDGE_CURVE ( 'NONE', #10131, #7711, #10239, .T. ) ;
#832 = CIRCLE ( 'NONE', #8058, 1.849999999999997646 ) ;
#833 = FACE_OUTER_BOUND ( 'NONE', #4872, .T. ) ;
#834 = ORIENTED_EDGE ( 'NONE', *, *, #4121, .T. ) ;
#835 = DIRECTION ( 'NONE',  ( 0.000000000000000000, -0.000000000000000000, 1.000000000000000000 ) ) ;
#836 = CARTESIAN_POINT ( 'NONE',  ( -54.33624526761269635, 121.4985874826541874, -48.75010205340944935 ) ) ;
#837 = ORIENTED_EDGE ( 'NONE', *, *, #2225, .T. ) ;
#838 = EDGE_CURVE ( 'NONE', #3021, #5378, #7995, .T. ) ;
#839 = VERTEX_POINT ( 'NONE', #5017 ) ;
#840 = ORIENTED_EDGE ( 'NONE', *, *, #8440, .F. ) ;
#841 = VERTEX_POINT ( 'NONE', #1661 ) ;
#842 = ORIENTED_EDGE ( 'NONE', *, *, #5425, .T. ) ;
#843 = UNCERTAINTY_MEASURE_WITH_UNIT (LENGTH_MEASURE( 1.000000000000000082E-05 ), #8432, 'distance_accuracy_value', 'NONE');
#844 = EDGE_CURVE ( 'NONE', #5888, #2170, #1363, .T. ) ;
#845 = COLOUR_RGB ( '',0.7921568627450980005, 0.8196078431372548767, 0.9333333333333333481 ) ;
#846 = DIRECTION ( 'NONE',  ( 0.000000000000000000, 1.000000000000000000, 0.000000000000000000 ) ) ;
#847 = VECTOR ( 'NONE', #2301, 1000.000000000000000 ) ;
#848 = ORIENTED_EDGE ( 'NONE', *, *, #1410, .T. ) ;
#849 = DIRECTION ( 'NONE',  ( -0.000000000000000000, -1.000000000000000000, -0.000000000000000000 ) ) ;
#850 =( NAMED_UNIT ( * ) SI_UNIT ( $, .STERADIAN. ) SOLID_ANGLE_UNIT ( ) );
#851 = EDGE_CURVE ( 'NONE', #10274, #4060, #463, .T. ) ;
#852 = CARTESIAN_POINT ( 'NONE',  ( -20.90438846945074403, 117.9780511645801511, 70.04132849012052020 ) ) ;
#853 = ORIENTED_EDGE ( 'NONE', *, *, #4486, .F. ) ;
#854 = ORIENTED_EDGE ( 'NONE', *, *, #7674, .F. ) ;
#855 = ORIENTED_EDGE ( 'NONE', *, *, #5815, .T. ) ;
#856 = CARTESIAN_POINT ( 'NONE',  ( -11.80236264533412438, 53.00000000000000711, -62.00694410957876102 ) ) ;
#857 = ORIENTED_EDGE ( 'NONE', *, *, #4839, .T. ) ;
#858 = ADVANCED_FACE ( 'NONE', ( #2437 ), #5604, .T. ) ;
#860 = CIRCLE ( 'NONE', #9261, 1.849999999999997646 ) ;
#859 = CARTESIAN_POINT ( 'NONE',  ( -69.97856814768367428, 12.99999999999999822, -11.99999999999971223 ) ) ;
#861 = LINE ( 'NONE', #546, #1373 ) ;
#862 = EDGE_LOOP ( 'NONE', ( #7508, #483, #684, #8160 ) ) ;
#863 = DIRECTION ( 'NONE',  ( -0.000000000000000000, -1.000000000000000000, -0.000000000000000000 ) ) ;
#864 = CARTESIAN_POINT ( 'NONE',  ( 10.96015510839149343, 72.00000000000000000, 10.96015510839149343 ) ) ;
#865 = EDGE_CURVE ( 'NONE', #3526, #3797, #1625, .T. ) ;
#866 = AXIS2_PLACEMENT_3D ( 'NONE', #8911, #423, #10560 ) ;
#867 = PLANE ( 'NONE',  #4195 ) ;
#868 = FACE_BOUND ( 'NONE', #5084, .T. ) ;
#869 = DIRECTION ( 'NONE',  ( 0.000000000000000000, 0.000000000000000000, 1.000000000000000000 ) ) ;
#870 = ORIENTED_EDGE ( 'NONE', *, *, #6669, .T. ) ;
#871 = ORIENTED_EDGE ( 'NONE', *, *, #2689, .T. ) ;
#872 = CARTESIAN_POINT ( 'NONE',  ( 43.18558205758105117, 119.0926397305143780, 38.74338703220239921 ) ) ;
#873 = VECTOR ( 'NONE', #6120, 1000.000000000000000 ) ;
#874 = LINE ( 'NONE', #10143, #6581 ) ;
#875 = ORIENTED_EDGE ( 'NONE', *, *, #7010, .T. ) ;
#876 = FILL_AREA_STYLE ('',( #1831 ) ) ;
#877 = DIRECTION ( 'NONE',  ( 1.000000000000000000, 0.000000000000000000, 0.000000000000000000 ) ) ;
#878 = CARTESIAN_POINT ( 'NONE',  ( -66.18446766623711142, 0.000000000000000000, 15.02265631979615712 ) ) ;
#879 = CARTESIAN_POINT ( 'NONE',  ( 63.91067609231115654, 92.49999999999998579, -3.949999999999319389 ) ) ;
#880 = LINE ( 'NONE', #2908, #3815 ) ;
#881 = EDGE_LOOP ( 'NONE', ( #9076, #4572, #5858, #10100, #6964 ) ) ;
#882 = ORIENTED_EDGE ( 'NONE', *, *, #2407, .F. ) ;
#883 = CARTESIAN_POINT ( 'NONE',  ( -48.08326112068524338, 48.00000000000000000, -3.469446951953614189E-14 ) ) ;
#884 = AXIS2_PLACEMENT_3D ( 'NONE', #9786, #10415, #9554 ) ;
#885 = VECTOR ( 'NONE', #7969, 1000.000000000000000 ) ;
#886 = ORIENTED_EDGE ( 'NONE', *, *, #4177, .T. ) ;
#887 = CARTESIAN_POINT ( 'NONE',  ( 13.38889136848837680, 10.00000000000000000, 36.72341514764445947 ) ) ;
#888 = CARTESIAN_POINT ( 'NONE',  ( 4.837354856632032238E-16, -53.00099999999999056, 59.96067609231116791 ) ) ;
#889 = CARTESIAN_POINT ( 'NONE',  ( 43.46917597822829293, 10.00000000000000000, 16.07290219283991917 ) ) ;
#890 = CARTESIAN_POINT ( 'NONE',  ( -53.81076957008286143, 0.000000000000000000, -6.434615230583979439 ) ) ;
#891 = SURFACE_SIDE_STYLE ('',( #1140 ) ) ;
#892 = LINE ( 'NONE', #774, #10451 ) ;
#893 = DIRECTION ( 'NONE',  ( 0.000000000000000000, -1.000000000000000000, 0.000000000000000000 ) ) ;
#894 = ORIENTED_EDGE ( 'NONE', *, *, #247, .T. ) ;
#895 = CARTESIAN_POINT ( 'NONE',  ( 39.42561564583169798, 10.00000000000000000, 16.09109186667564018 ) ) ;
#896 = CARTESIAN_POINT ( 'NONE',  ( -42.38789747859169665, 118.0703810270970422, -39.59927629646753644 ) ) ;
#897 = EDGE_CURVE ( 'NONE', #4846, #9736, #1889, .T. ) ;
#898 = CARTESIAN_POINT ( 'NONE',  ( 41.89951377665844490, 117.7525690101733034, 40.10991498802535915 ) ) ;
#899 = EDGE_CURVE ( 'NONE', #4581, #223, #711, .T. ) ;
#900 = CARTESIAN_POINT ( 'NONE',  ( 50.95267519788630040, 117.5505524752647659, 52.41317563936838297 ) ) ;
#901 = SURFACE_STYLE_USAGE ( .BOTH. , #3453 ) ;
#902 = AXIS2_PLACEMENT_3D ( 'NONE', #5989, #96, #10238 ) ;
#903 = CARTESIAN_POINT ( 'NONE',  ( 0.000000000000000000, 109.4999999999999858, 0.000000000000000000 ) ) ;
#904 = ADVANCED_FACE ( 'NONE', ( #6671 ), #766, .F. ) ;
#905 = CIRCLE ( 'NONE', #9857, 6.000000000000000000 ) ;
#906 = CARTESIAN_POINT ( 'NONE',  ( -1.204972080621668936E-12, 0.000000000000000000, -42.42640687119408227 ) ) ;
#907 = EDGE_CURVE ( 'NONE', #7873, #10902, #1989, .T. ) ;
#908 = PRESENTATION_LAYER_ASSIGNMENT (  '', '', ( #4759 ) ) ;
#909 = DIRECTION ( 'NONE',  ( -0.7071067811865474617, 0.000000000000000000, -0.7071067811865474617 ) ) ;
#910 = SURFACE_STYLE_USAGE ( .BOTH. , #5152 ) ;
#911 = EDGE_CURVE ( 'NONE', #4584, #2757, #4808, .T. ) ;
#912 = CARTESIAN_POINT ( 'NONE',  ( 12.00000000000004441, 13.00000000000000178, 62.00694410957876102 ) ) ;
#913 = CARTESIAN_POINT ( 'NONE',  ( -16.91295436042149092, 125.0194328563234762, 71.11060471788897530 ) ) ;
#914 = EDGE_CURVE ( 'NONE', #7842, #5127, #4280, .T. ) ;
#915 = CARTESIAN_POINT ( 'NONE',  ( -16.00903723140853074, 117.5505524752647233, 55.75637891727050288 ) ) ;
#916 = AXIS2_PLACEMENT_3D ( 'NONE', #5949, #1691, #7606 ) ;
#917 = CIRCLE ( 'NONE', #8755, 3.949999999999989075 ) ;
#918 = DIRECTION ( 'NONE',  ( -0.7071067811865456854, 0.000000000000000000, 0.7071067811865493491 ) ) ;
#919 = VECTOR ( 'NONE', #8500, 1000.000000000000000 ) ;
#920 = UNCERTAINTY_MEASURE_WITH_UNIT (LENGTH_MEASURE( 1.000000000000000082E-05 ), #1449, 'distance_accuracy_value', 'NONE');
#921 = CARTESIAN_POINT ( 'NONE',  ( 70.94627604047998659, 125.0456951155891119, -17.19543413295468071 ) ) ;
#922 = CARTESIAN_POINT ( 'NONE',  ( 11.16841850499247002, 121.4985874826542016, -56.94273238038327634 ) ) ;
#923 = CARTESIAN_POINT ( 'NONE',  ( 8.939921633775676859E-15, 15.00000000000000000, 73.00000000000001421 ) ) ;
#924 = CARTESIAN_POINT ( 'NONE',  ( 66.18446766623711142, 0.000000000000000000, -13.17265631979615037 ) ) ;
#925 = ORIENTED_EDGE ( 'NONE', *, *, #9590, .F. ) ;
#926 = CIRCLE ( 'NONE', #7220, 5.000000000000004441 ) ;
#927 = SURFACE_STYLE_USAGE ( .BOTH. , #6027 ) ;
#928 = CYLINDRICAL_SURFACE ( 'NONE', #10695, 71.00000000000001421 ) ;
#929 = DIRECTION ( 'NONE',  ( 0.7071067811865474617, -0.000000000000000000, 0.7071067811865476838 ) ) ;
#930 = CARTESIAN_POINT ( 'NONE',  ( -70.64482137184907629, 117.5767542232389218, 18.39492797872793517 ) ) ;
#931 =( NAMED_UNIT ( * ) SI_UNIT ( $, .STERADIAN. ) SOLID_ANGLE_UNIT ( ) );
#932 = VECTOR ( 'NONE', #2331, 1000.000000000000000 ) ;
#933 = ORIENTED_EDGE ( 'NONE', *, *, #4549, .T. ) ;
#934 = CARTESIAN_POINT ( 'NONE',  ( 39.26778044330285411, 124.6580409004657213, 42.70079191372614247 ) ) ;
#935 = DIRECTION ( 'NONE',  ( 0.7071067811865473507, 0.000000000000000000, -0.7071067811865477948 ) ) ;
#936 = EDGE_LOOP ( 'NONE', ( #8356, #6122, #2299, #7700 ) ) ;
#937 = CARTESIAN_POINT ( 'NONE',  ( -19.39573485219645121, 125.4230954411308687, 70.37662295983342631 ) ) ;
#938 = EDGE_LOOP ( 'NONE', ( #7892, #3621, #4672, #9188 ) ) ;
#939 = ORIENTED_EDGE ( 'NONE', *, *, #6620, .T. ) ;
#940 = DIRECTION ( 'NONE',  ( 0.000000000000000000, 0.000000000000000000, 1.000000000000000000 ) ) ;
#941 = EDGE_CURVE ( 'NONE', #4298, #8006, #6398, .T. ) ;
#942 = LINE ( 'NONE', #1226, #2031 ) ;
#943 = ORIENTED_EDGE ( 'NONE', *, *, #7417, .T. ) ;
#944 = DIRECTION ( 'NONE',  ( -0.000000000000000000, 1.000000000000000000, -0.000000000000000000 ) ) ;
#945 = AXIS2_PLACEMENT_3D ( 'NONE', #10480, #3799, #7920 ) ;
#946 = ORIENTED_EDGE ( 'NONE', *, *, #150, .F. ) ;
#947 = ORIENTED_EDGE ( 'NONE', *, *, #5875, .T. ) ;
#948 = ORIENTED_EDGE ( 'NONE', *, *, #8936, .F. ) ;
#949 = CARTESIAN_POINT ( 'NONE',  ( 69.60952790244813571, 123.5612961437243058, -22.29954356831226647 ) ) ;
#950 = CYLINDRICAL_SURFACE ( 'NONE', #5374, 6.000000000000000000 ) ;
#951 = ORIENTED_EDGE ( 'NONE', *, *, #3627, .T. ) ;
#952 = CARTESIAN_POINT ( 'NONE',  ( 15.02265631979615712, 0.000000000000000000, -64.33446766623708868 ) ) ;
#953 = ORIENTED_EDGE ( 'NONE', *, *, #526, .F. ) ;
#954 = ADVANCED_FACE ( 'NONE', ( #3755 ), #3436, .T. ) ;
#955 = DIRECTION ( 'NONE',  ( 0.000000000000000000, -0.000000000000000000, 1.000000000000000000 ) ) ;
#956 = EDGE_CURVE ( 'NONE', #5623, #9859, #5997, .T. ) ;
#957 = VERTEX_POINT ( 'NONE', #10339 ) ;
#958 = EDGE_CURVE ( 'NONE', #5360, #1266, #328, .T. ) ;
#959 = CARTESIAN_POINT ( 'NONE',  ( -38.16360472771481227, 120.9786505004500157, -43.71162368612322524 ) ) ;
#960 = ORIENTED_EDGE ( 'NONE', *, *, #2624, .F. ) ;
#961 = ORIENTED_EDGE ( 'NONE', *, *, #9277, .F. ) ;
#962 = DIRECTION ( 'NONE',  ( 0.7071067811865457964, 0.000000000000000000, -0.7071067811865492381 ) ) ;
#963 = VECTOR ( 'NONE', #78, 1000.000000000000000 ) ;
#964 = LINE ( 'NONE', #6390, #5225 ) ;
#965 = ORIENTED_EDGE ( 'NONE', *, *, #3549, .F. ) ;
#966 = CARTESIAN_POINT ( 'NONE',  ( 9.999999999999957367, 15.00000000000000000, -62.00694410957876102 ) ) ;
#967 = VERTEX_POINT ( 'NONE', #6877 ) ;
#968 = ORIENTED_EDGE ( 'NONE', *, *, #8219, .T. ) ;
#969 = ADVANCED_FACE ( 'NONE', ( #1233 ), #64, .F. ) ;
#970 = CARTESIAN_POINT ( 'NONE',  ( 38.46455272971161321, 119.4352849012581999, 43.44479659938963323 ) ) ;
#971 = CARTESIAN_POINT ( 'NONE',  ( -69.85041980004326945, 118.3615628034691127, 21.21239069341253725 ) ) ;
#972 =( NAMED_UNIT ( * ) PLANE_ANGLE_UNIT ( ) SI_UNIT ( $, .RADIAN. ) );
#973 = VERTEX_POINT ( 'NONE', #5289 ) ;
#974 = FILL_AREA_STYLE_COLOUR ( '', #10598 ) ;
#975 =( NAMED_UNIT ( * ) SI_UNIT ( $, .STERADIAN. ) SOLID_ANGLE_UNIT ( ) );
#976 = VERTEX_POINT ( 'NONE', #5140 ) ;
#977 = EDGE_CURVE ( 'NONE', #9439, #1243, #6272, .T. ) ;
#978 = EDGE_LOOP ( 'NONE', ( #1505, #8544, #10762, #10092 ) ) ;
#979 = ORIENTED_EDGE ( 'NONE', *, *, #6198, .F. ) ;
#980 = CARTESIAN_POINT ( 'NONE',  ( 43.45098630439257903, 0.000000000000000000, 20.11646252523650347 ) ) ;
#981 = AXIS2_PLACEMENT_3D ( 'NONE', #8721, #6139, #9575 ) ;
#982 = CIRCLE ( 'NONE', #9994, 73.00000000000000000 ) ;
#983 = ORIENTED_EDGE ( 'NONE', *, *, #9015, .T. ) ;
#984 = EDGE_CURVE ( 'NONE', #2434, #10171, #4021, .T. ) ;
#985 = FACE_BOUND ( 'NONE', #5243, .T. ) ;
#986 = CARTESIAN_POINT ( 'NONE',  ( 45.84898473602144264, 127.5000000000000000, 26.58703817043318551 ) ) ;
#987 = ORIENTED_EDGE ( 'NONE', *, *, #779, .T. ) ;
#988 = AXIS2_PLACEMENT_3D ( 'NONE', #7380, #2271, #10027 ) ;
#989 = ORIENTED_EDGE ( 'NONE', *, *, #8704, .F. ) ;
#990 = CARTESIAN_POINT ( 'NONE',  ( 0.000000000000000000, -53.00000000000000000, 0.000000000000000000 ) ) ;
#991 = CYLINDRICAL_SURFACE ( 'NONE', #10671, 3.949999999999989075 ) ;
#992 = VERTEX_POINT ( 'NONE', #1046 ) ;
#993 = CARTESIAN_POINT ( 'NONE',  ( 11.99999999999995737, 72.00000000000000000, -69.97856814768363165 ) ) ;
#994 = DIRECTION ( 'NONE',  ( 0.000000000000000000, 1.000000000000000000, 0.000000000000000000 ) ) ;
#995 = CARTESIAN_POINT ( 'NONE',  ( 0.000000000000000000, 107.4999999999999858, -73.00000000000000000 ) ) ;
#996 = CIRCLE ( 'NONE', #10612, 71.00000000000001421 ) ;
#997 = ORIENTED_EDGE ( 'NONE', *, *, #9500, .T. ) ;
#998 = CARTESIAN_POINT ( 'NONE',  ( 70.04006734437601267, 125.0194328563235047, -20.90825422977298231 ) ) ;
#999 = AXIS2_PLACEMENT_3D ( 'NONE', #3768, #10647, #5469 ) ;
#1000 = CARTESIAN_POINT ( 'NONE',  ( 0.000000000000000000, 53.00000000000000711, 0.000000000000000000 ) ) ;
#1001 = VERTEX_POINT ( 'NONE', #92 ) ;
#1002 = EDGE_LOOP ( 'NONE', ( #10378, #7473 ) ) ;
#1003 = CARTESIAN_POINT ( 'NONE',  ( 42.42640687119286014, -6.000000000000000000, 1.524678165548779904E-13 ) ) ;
#1004 = CYLINDRICAL_SURFACE ( 'NONE', #7604, 1.850000000000004530 ) ;
#1005 = CARTESIAN_POINT ( 'NONE',  ( 4.837354856632024350E-16, 107.4999999999999858, -67.86067609231115227 ) ) ;
#1006 = LINE ( 'NONE', #10058, #4866 ) ;
#1007 = AXIS2_PLACEMENT_3D ( 'NONE', #7949, #7031, #7118 ) ;
#1008 = CARTESIAN_POINT ( 'NONE',  ( -40.10558449204177833, 117.7561558022977692, -41.90369650457517281 ) ) ;
#1009 = FACE_OUTER_BOUND ( 'NONE', #3237, .T. ) ;
#1010 = DIRECTION ( 'NONE',  ( -0.7071067811865476838, 0.000000000000000000, 0.7071067811865474617 ) ) ;
#1011 = ADVANCED_FACE ( 'NONE', ( #2564 ), #9474, .F. ) ;
#1012 = FACE_OUTER_BOUND ( 'NONE', #6030, .T. ) ;
#1013 = CARTESIAN_POINT ( 'NONE',  ( 8.939921633775676859E-15, 127.5000000000000000, 73.00000000000000000 ) ) ;
#1014 = VERTEX_POINT ( 'NONE', #8606 ) ;
#1015 = CARTESIAN_POINT ( 'NONE',  ( 43.72939693150826201, 120.4673962467907415, 38.14377521324656328 ) ) ;
#1016 = APPLICATION_CONTEXT ( 'automotive_design' ) ;
#1017 = DIRECTION ( 'NONE',  ( 0.7071067811865479058, 0.000000000000000000, -0.7071067811865472397 ) ) ;
#1018 = DIRECTION ( 'NONE',  ( 0.000000000000000000, -0.000000000000000000, 1.000000000000000000 ) ) ;
#1019 = DIRECTION ( 'NONE',  ( 0.000000000000000000, 1.000000000000000000, 0.000000000000000000 ) ) ;
#1020 = VECTOR ( 'NONE', #1217, 1000.000000000000000 ) ;
#1021 = ADVANCED_FACE ( 'NONE', ( #9172, #3226 ), #130, .T. ) ;
#1022 = CARTESIAN_POINT ( 'NONE',  ( -42.42640687119286014, 0.000000000000000000, 1.849999999999549116 ) ) ;
#1023 = EDGE_LOOP ( 'NONE', ( #10368, #6419, #5659, #9492 ) ) ;
#1024 = AXIS2_PLACEMENT_3D ( 'NONE', #8263, #715, #4016 ) ;
#1025 = DIRECTION ( 'NONE',  ( 3.469446951953613696E-16, -0.000000000000000000, 1.000000000000000000 ) ) ;
#1026 = PLANE ( 'NONE',  #1600 ) ;
#1027 = VECTOR ( 'NONE', #2555, 1000.000000000000000 ) ;
#1028 = CARTESIAN_POINT ( 'NONE',  ( -3.606188105838151081, 72.00000000000000000, -53.81076957008283301 ) ) ;
#1029 = DIRECTION ( 'NONE',  ( 0.000000000000000000, 1.000000000000000000, 0.000000000000000000 ) ) ;
#1030 = CARTESIAN_POINT ( 'NONE',  ( -11.99999999999995737, 72.00000000000000000, 69.97856814768363165 ) ) ;
#1031 = SURFACE_SIDE_STYLE ('',( #7212 ) ) ;
#1032 = VECTOR ( 'NONE', #9806, 1000.000000000000000 ) ;
#1033 = ADVANCED_FACE ( 'NONE', ( #6658 ), #2810, .F. ) ;
#1034 =( LENGTH_UNIT ( ) NAMED_UNIT ( * ) SI_UNIT ( .MILLI., .METRE. ) );
#1035 = DIRECTION ( 'NONE',  ( 0.000000000000000000, 0.000000000000000000, -1.000000000000000000 ) ) ;
#1036 = CARTESIAN_POINT ( 'NONE',  ( 0.000000000000000000, 115.4999999999999858, 0.000000000000000000 ) ) ;
#1037 = CARTESIAN_POINT ( 'NONE',  ( -53.78876921827632174, 123.9132567441152588, -49.35371149058344287 ) ) ;
#1038 = SURFACE_STYLE_FILL_AREA ( #876 ) ;
#1039 =( LENGTH_UNIT ( ) NAMED_UNIT ( * ) SI_UNIT ( .MILLI., .METRE. ) );
#1040 = EDGE_CURVE ( 'NONE', #1884, #8514, #569, .T. ) ;
#1041 = CARTESIAN_POINT ( 'NONE',  ( 70.82372483850305400, 53.00000000000000711, 5.000000000000749623 ) ) ;
#1042 = LINE ( 'NONE', #8080, #2655 ) ;
#1043 = FACE_OUTER_BOUND ( 'NONE', #8512, .T. ) ;
#1044 = EDGE_CURVE ( 'NONE', #8377, #10953, #7443, .T. ) ;
#1045 = VECTOR ( 'NONE', #2446, 1000.000000000000114 ) ;
#1046 = CARTESIAN_POINT ( 'NONE',  ( -6.434615230584167733, 72.00000000000000000, 53.81076957008284012 ) ) ;
#1047 = CARTESIAN_POINT ( 'NONE',  ( 70.82372483850315348, 107.4999999999999858, -4.999999999999265476 ) ) ;
#1048 = LINE ( 'NONE', #4000, #8611 ) ;
#1049 = AXIS2_PLACEMENT_3D ( 'NONE', #2581, #10181, #80 ) ;
#1050 = CARTESIAN_POINT ( 'NONE',  ( 0.000000000000000000, 127.5000000000000000, -63.91067609231115654 ) ) ;
#1051 = LINE ( 'NONE', #7406, #5452 ) ;
#1052 = DIRECTION ( 'NONE',  ( -3.491481338843133355E-15, 0.000000000000000000, -1.000000000000000000 ) ) ;
#1053 = CIRCLE ( 'NONE', #10652, 5.000000000000007994 ) ;
#1054 = CYLINDRICAL_SURFACE ( 'NONE', #902, 3.949999999999995293 ) ;
#1055 = DIRECTION ( 'NONE',  ( 0.7071067811865474617, -0.000000000000000000, 0.7071067811865476838 ) ) ;
#1056 = EDGE_CURVE ( 'NONE', #1955, #1253, #8497, .T. ) ;
#1057 = AXIS2_PLACEMENT_3D ( 'NONE', #6293, #8061, #9614 ) ;
#1058 = CARTESIAN_POINT ( 'NONE',  ( 0.000000000000000000, 127.5000000000000000, 0.000000000000000000 ) ) ;
#1059 = PLANE ( 'NONE',  #10608 ) ;
#1060 = FILL_AREA_STYLE_COLOUR ( '', #4117 ) ;
#1061 = CARTESIAN_POINT ( 'NONE',  ( 63.91067609231121338, 107.4999999999999858, -4.999999999999338307 ) ) ;
#1062 = CARTESIAN_POINT ( 'NONE',  ( 30.12269240033350570, 0.000000000000000000, -30.12269240033351281 ) ) ;
#1063 = FACE_BOUND ( 'NONE', #9818, .T. ) ;
#1064 = CIRCLE ( 'NONE', #6583, 1.849999999999997646 ) ;
#1065 = EDGE_CURVE ( 'NONE', #5378, #722, #9824, .T. ) ;
#1066 = CIRCLE ( 'NONE', #1986, 5.000000000000007994 ) ;
#1067 = CIRCLE ( 'NONE', #637, 71.00000000000001421 ) ;
#1068 = AXIS2_PLACEMENT_3D ( 'NONE', #9709, #3843, #2133 ) ;
#1069 = CARTESIAN_POINT ( 'NONE',  ( 64.00694410957878233, 53.00000000000000711, 9.999999999999731770 ) ) ;
#1070 = ADVANCED_FACE ( 'NONE', ( #5187 ), #6244, .F. ) ;
#1071 = CARTESIAN_POINT ( 'NONE',  ( -41.08284750872500979, 0.000000000000000000, 19.16253729194202293 ) ) ;
#1072 = CARTESIAN_POINT ( 'NONE',  ( -52.99691270754718175, 124.9272040765920195, -50.20332153701328792 ) ) ;
#1073 = ORIENTED_EDGE ( 'NONE', *, *, #9711, .F. ) ;
#1074 = DIRECTION ( 'NONE',  ( 0.000000000000000000, 0.000000000000000000, 1.000000000000000000 ) ) ;
#1075 =( LENGTH_UNIT ( ) NAMED_UNIT ( * ) SI_UNIT ( .MILLI., .METRE. ) );
#1076 = LINE ( 'NONE', #4915, #10758 ) ;
#1077 = VECTOR ( 'NONE', #10552, 1000.000000000000000 ) ;
#1078 = ORIENTED_EDGE ( 'NONE', *, *, #914, .F. ) ;
#1079 = SURFACE_SIDE_STYLE ('',( #8048 ) ) ;
#1080 = CARTESIAN_POINT ( 'NONE',  ( 23.68807716974934863, 72.00000000000000000, 23.68807716974938771 ) ) ;
#1081 = ORIENTED_EDGE ( 'NONE', *, *, #3058, .F. ) ;
#1082 = EDGE_LOOP ( 'NONE', ( #10400, #1258, #1928 ) ) ;
#1083 =( GEOMETRIC_REPRESENTATION_CONTEXT ( 3 ) GLOBAL_UNCERTAINTY_ASSIGNED_CONTEXT ( ( #8576 ) ) GLOBAL_UNIT_ASSIGNED_CONTEXT ( ( #6756, #2395, #5080 ) ) REPRESENTATION_CONTEXT ( 'NONE', 'WORKASPACE' ) );
#1084 = VERTEX_POINT ( 'NONE', #1175 ) ;
#1085 = ADVANCED_FACE ( 'NONE', ( #8107 ), #9300, .F. ) ;
#1086 = FILL_AREA_STYLE ('',( #6069 ) ) ;
#1087 = CARTESIAN_POINT ( 'NONE',  ( -6.434615230584167733, 0.000000000000000000, 53.81076957008284012 ) ) ;
#1088 = DIRECTION ( 'NONE',  ( 0.7071067811865472397, -0.000000000000000000, 0.7071067811865479058 ) ) ;
#1089 = LINE ( 'NONE', #1566, #3366 ) ;
#1090 = VECTOR ( 'NONE', #9210, 1000.000000000000000 ) ;
#1091 = VERTEX_POINT ( 'NONE', #2071 ) ;
#1092 = DIRECTION ( 'NONE',  ( 0.000000000000000000, 1.000000000000000000, 0.000000000000000000 ) ) ;
#1093 = EDGE_LOOP ( 'NONE', ( #9186, #4091, #6579, #1298 ) ) ;
#1094 = CARTESIAN_POINT ( 'NONE',  ( 25.95867897095135390, -42.40663761154805655, 46.20765073105411602 ) ) ;
#1095 = VERTEX_POINT ( 'NONE', #1131 ) ;
#1096 = DIRECTION ( 'NONE',  ( -0.000000000000000000, -1.000000000000000000, -0.000000000000000000 ) ) ;
#1097 = DIRECTION ( 'NONE',  ( 0.000000000000000000, 0.000000000000000000, -1.000000000000000000 ) ) ;
#1098 = DIRECTION ( 'NONE',  ( 0.000000000000000000, 0.000000000000000000, 1.000000000000000000 ) ) ;
#1099 = VECTOR ( 'NONE', #1903, 1000.000000000000000 ) ;
#1100 = VERTEX_POINT ( 'NONE', #1209 ) ;
#1101 = CARTESIAN_POINT ( 'NONE',  ( 0.000000000000000000, 0.000000000000000000, 0.000000000000000000 ) ) ;
#1102 = CARTESIAN_POINT ( 'NONE',  ( -54.93795860477646897, 120.4775616638067390, 18.67687376133337551 ) ) ;
#1103 = CARTESIAN_POINT ( 'NONE',  ( 10.96015510839145435, 72.00000000000000000, -10.96015510839153073 ) ) ;
#1104 = ORIENTED_EDGE ( 'NONE', *, *, #6396, .F. ) ;
#1105 = VERTEX_POINT ( 'NONE', #8680 ) ;
#1106 = DIRECTION ( 'NONE',  ( -1.000000000000000000, 0.000000000000000000, 3.469446951953613696E-16 ) ) ;
#1107 = VERTEX_POINT ( 'NONE', #7151 ) ;
#1108 = ORIENTED_EDGE ( 'NONE', *, *, #9984, .F. ) ;
#1109 = EDGE_LOOP ( 'NONE', ( #1875, #7611, #3270, #6174 ) ) ;
#1110 = EDGE_CURVE ( 'NONE', #4339, #8009, #7318, .T. ) ;
#1112 = SURFACE_STYLE_FILL_AREA ( #8567 ) ;
#1111 = DIRECTION ( 'NONE',  ( -0.000000000000000000, -1.000000000000000000, -0.000000000000000000 ) ) ;
#1113 = EDGE_CURVE ( 'NONE', #8790, #4745, #10493, .T. ) ;
#1114 = LINE ( 'NONE', #8238, #5371 ) ;
#1115 = VERTEX_POINT ( 'NONE', #2898 ) ;
#1116 = CARTESIAN_POINT ( 'NONE',  ( -16.23687343847752373, 117.7561558018932004, 55.68430325629091016 ) ) ;
#1117 = CARTESIAN_POINT ( 'NONE',  ( 8.694992273946206563E-15, -8.000000000000000000, -71.00000000000001421 ) ) ;
#1118 = EDGE_CURVE ( 'NONE', #10531, #5889, #6125, .T. ) ;
#1119 = PLANE ( 'NONE',  #5855 ) ;
#1120 =( NAMED_UNIT ( * ) PLANE_ANGLE_UNIT ( ) SI_UNIT ( $, .RADIAN. ) );
#1121 = PRESENTATION_STYLE_ASSIGNMENT (( #5298 ) ) ;
#1122 = CARTESIAN_POINT ( 'NONE',  ( 11.29488668785525896, 122.5197679867503240, -56.91598686671732565 ) ) ;
#1123 = DIRECTION ( 'NONE',  ( 0.000000000000000000, 0.000000000000000000, -1.000000000000000000 ) ) ;
#1124 = VERTEX_POINT ( 'NONE', #10468 ) ;
#1125 = EDGE_LOOP ( 'NONE', ( #2184, #5910, #2686, #7695 ) ) ;
#1126 = CARTESIAN_POINT ( 'NONE',  ( -10.00000000000004441, 15.00000000000000178, -64.00694410957875391 ) ) ;
#1127 = VERTEX_POINT ( 'NONE', #7106 ) ;
#1128 = AXIS2_PLACEMENT_3D ( 'NONE', #9479, #195, #3672 ) ;
#1129 = LINE ( 'NONE', #895, #1526 ) ;
#1130 = ORIENTED_EDGE ( 'NONE', *, *, #5667, .F. ) ;
#1131 = CARTESIAN_POINT ( 'NONE',  ( -3.003722647619716867E-13, 0.000000000000000000, 40.57640687119287293 ) ) ;
#1132 = PLANE ( 'NONE',  #6427 ) ;
#1133 = EDGE_CURVE ( 'NONE', #7873, #4858, #1741, .T. ) ;
#1134 = VERTEX_POINT ( 'NONE', #2934 ) ;
#1135 = DIRECTION ( 'NONE',  ( 1.256065073714878991E-16, 1.000000000000000000, -1.648588188385822228E-16 ) ) ;
#1136 = ORIENTED_EDGE ( 'NONE', *, *, #618, .F. ) ;
#1137 = AXIS2_PLACEMENT_3D ( 'NONE', #6922, #8856, #2092 ) ;
#1138 = ADVANCED_FACE ( 'NONE', ( #10213, #7697 ), #10383, .T. ) ;
#1139 = DIRECTION ( 'NONE',  ( 0.000000000000000000, -1.000000000000000000, 0.000000000000000000 ) ) ;
#1140 = SURFACE_STYLE_FILL_AREA ( #3464 ) ;
#1141 = EDGE_CURVE ( 'NONE', #3899, #1955, #1352, .T. ) ;
#1142 = LINE ( 'NONE', #5299, #509 ) ;
#1143 = ORIENTED_EDGE ( 'NONE', *, *, #7388, .F. ) ;
#1144 = CARTESIAN_POINT ( 'NONE',  ( -63.91067609231114233, 107.4999999999999858, -5.000000000000230926 ) ) ;
#1145 = DIRECTION ( 'NONE',  ( 0.000000000000000000, 0.000000000000000000, 1.000000000000000000 ) ) ;
#1146 = EDGE_CURVE ( 'NONE', #2353, #6517, #3353, .T. ) ;
#1147 = AXIS2_PLACEMENT_3D ( 'NONE', #7884, #3539, #2831 ) ;
#1148 = CARTESIAN_POINT ( 'NONE',  ( 4.837354856632032238E-16, 107.4999999999999858, 59.96067609231116791 ) ) ;
#1149 = DIRECTION ( 'NONE',  ( 0.000000000000000000, 0.000000000000000000, 1.000000000000000000 ) ) ;
#1150 = EDGE_LOOP ( 'NONE', ( #7839, #10359 ) ) ;
#1151 = ORIENTED_EDGE ( 'NONE', *, *, #7185, .F. ) ;
#1152 = SURFACE_STYLE_USAGE ( .BOTH. , #2121 ) ;
#1153 = CARTESIAN_POINT ( 'NONE',  ( -18.79923228518239142, 122.5440287291550447, 54.89806197622047534 ) ) ;
#1154 = ADVANCED_FACE ( 'NONE', ( #1477 ), #450, .T. ) ;
#1155 = CARTESIAN_POINT ( 'NONE',  ( -1.799306197152281097E-14, 107.4999999999999858, 5.000000000000015099 ) ) ;
#1156 = AXIS2_PLACEMENT_3D ( 'NONE', #5277, #9496, #6931 ) ;
#1157 = LINE ( 'NONE', #416, #885 ) ;
#1158 = ORIENTED_EDGE ( 'NONE', *, *, #10602, .F. ) ;
#1159 = LINE ( 'NONE', #6797, #5412 ) ;
#1160 = ORIENTED_EDGE ( 'NONE', *, *, #8308, .T. ) ;
#1161 = CARTESIAN_POINT ( 'NONE',  ( -51.80020334556471084, 125.4502621270700899, -51.43740532969999180 ) ) ;
#1162 = AXIS2_PLACEMENT_3D ( 'NONE', #6412, #4561, #2154 ) ;
#1163 = DIRECTION ( 'NONE',  ( 0.000000000000000000, 1.000000000000000000, 0.000000000000000000 ) ) ;
#1164 = MECHANICAL_DESIGN_GEOMETRIC_PRESENTATION_REPRESENTATION (  '', ( #4007 ), #6490 ) ;
#1165 = DIRECTION ( 'NONE',  ( 0.000000000000000000, 0.000000000000000000, -1.000000000000000000 ) ) ;
#1166 = CARTESIAN_POINT ( 'NONE',  ( -11.80236264533412438, 53.00000000000000711, -62.00694410957876102 ) ) ;
#1167 = CARTESIAN_POINT ( 'NONE',  ( 0.000000000000000000, 127.5000000000000000, 0.000000000000000000 ) ) ;
#1168 = CARTESIAN_POINT ( 'NONE',  ( 0.000000000000000000, 2.327753354443970006E-15, -48.08326112068525759 ) ) ;
#1169 = LINE ( 'NONE', #10520, #5933 ) ;
#1170 = CARTESIAN_POINT ( 'NONE',  ( 22.65610663443488093, 120.9805368309900757, -69.39526973338738003 ) ) ;
#1171 = CIRCLE ( 'NONE', #6260, 52.99999999999999289 ) ;
#1172 = B_SPLINE_CURVE_WITH_KNOTS ( 'NONE', 3,
 ( #10761, #5691, #1462, #7401, #4906, #5618, #2338, #8235, #3186, #9102, #668, #10847, #10117, #5914, #5801, #2546, #9361, #824, #1606, #5870, #7535, #5049, #4172, #3329, #7507, #4135, #8, #4213, #3407, #2587, #9317, #10076, #8344, #3447 ),
 .UNSPECIFIED., .F., .F.,
 ( 4, 2, 2, 2, 2, 2, 2, 2, 2, 2, 2, 2, 2, 2, 2, 2, 4 ),
 ( 0.01244830183310147338, 0.01322653982068759844, 0.01400477780827372523, 0.01478301579585985029, 0.01556125378344597535, 0.01633949177103210040, 0.01711772975861822893, 0.01789596774620435399, 0.01867420573379047904, 0.01945244372137660410, 0.02023068170896272916, 0.02100891969654885422, 0.02178715768413497927, 0.02256539567172110433, 0.02334363365930722939, 0.02412187164689335792, 0.02490010963447948297 ),
 .UNSPECIFIED. ) ;
#1173 = ORIENTED_EDGE ( 'NONE', *, *, #5969, .T. ) ;
#1174 = UNCERTAINTY_MEASURE_WITH_UNIT (LENGTH_MEASURE( 1.000000000000000082E-05 ), #7824, 'distance_accuracy_value', 'NONE');
#1175 = CARTESIAN_POINT ( 'NONE',  ( -64.00694410957865443, 15.00000000000000178, 10.00000000000071232 ) ) ;
#1176 = CARTESIAN_POINT ( 'NONE',  ( 63.91067609231115654, 92.49999999999998579, 3.950000000000658762 ) ) ;
#1177 = DIRECTION ( 'NONE',  ( 0.7071067811865476838, 6.846333395423442283E-17, -0.7071067811865474617 ) ) ;
#1178 =( NAMED_UNIT ( * ) SI_UNIT ( $, .STERADIAN. ) SOLID_ANGLE_UNIT ( ) );
#1179 = CARTESIAN_POINT ( 'NONE',  ( 29.97765431706064021, 0.000000000000000000, 59.22392810244902250 ) ) ;
#1180 = CARTESIAN_POINT ( 'NONE',  ( 40.27795188356818556, 125.4510427797605416, 41.74651453016088709 ) ) ;
#1181 = FACE_BOUND ( 'NONE', #7761, .T. ) ;
#1182 = VECTOR ( 'NONE', #1851, 1000.000000000000000 ) ;
#1183 = DIRECTION ( 'NONE',  ( -0.7071067811865474617, 0.000000000000000000, -0.7071067811865476838 ) ) ;
#1184 =( NAMED_UNIT ( * ) PLANE_ANGLE_UNIT ( ) SI_UNIT ( $, .RADIAN. ) );
#1185 = CARTESIAN_POINT ( 'NONE',  ( 41.08284750872500979, 72.00000000000000000, -19.16253729194202293 ) ) ;
#1186 = SURFACE_STYLE_USAGE ( .BOTH. , #1303 ) ;
#1187 = DIRECTION ( 'NONE',  ( -1.000000000000000000, 0.000000000000000000, 0.000000000000000000 ) ) ;
#1188 =( LENGTH_UNIT ( ) NAMED_UNIT ( * ) SI_UNIT ( .MILLI., .METRE. ) );
#1189 = DIRECTION ( 'NONE',  ( -0.7071067811865476838, 0.000000000000000000, 0.7071067811865474617 ) ) ;
#1190 = LINE ( 'NONE', #5184, #1987 ) ;
#1191 =( GEOMETRIC_REPRESENTATION_CONTEXT ( 3 ) GLOBAL_UNCERTAINTY_ASSIGNED_CONTEXT ( ( #1174 ) ) GLOBAL_UNIT_ASSIGNED_CONTEXT ( ( #7824, #9434, #1830 ) ) REPRESENTATION_CONTEXT ( 'NONE', 'WORKASPACE' ) );
#1192 = EDGE_CURVE ( 'NONE', #5775, #2615, #2957, .T. ) ;
#1193 = UNCERTAINTY_MEASURE_WITH_UNIT (LENGTH_MEASURE( 1.000000000000000082E-05 ), #4335, 'distance_accuracy_value', 'NONE');
#1194 = DIRECTION ( 'NONE',  ( 0.000000000000000000, 0.000000000000000000, 1.000000000000000000 ) ) ;
#1195 = CARTESIAN_POINT ( 'NONE',  ( -12.67744514819180068, 118.3575743856695084, 56.60838714746583378 ) ) ;
#1196 = CIRCLE ( 'NONE', #3982, 3.949999999999988187 ) ;
#1197 = CARTESIAN_POINT ( 'NONE',  ( 63.91067609231115654, 53.00000000000000711, 6.694287987874572456E-13 ) ) ;
#1198 = CARTESIAN_POINT ( 'NONE',  ( 0.000000000000000000, 33.00000000000000000, 57.00694410957876812 ) ) ;
#1199 = CARTESIAN_POINT ( 'NONE',  ( 16.92537064137278691, 124.9483717531305729, -55.48446135729608386 ) ) ;
#1200 = DIRECTION ( 'NONE',  ( -0.000000000000000000, -1.000000000000000000, -0.000000000000000000 ) ) ;
#1201 = EDGE_CURVE ( 'NONE', #8135, #1115, #2820, .T. ) ;
#1202 = DIRECTION ( 'NONE',  ( -0.7071067811865479058, 0.000000000000000000, 0.7071067811865470176 ) ) ;
#1203 = AXIS2_PLACEMENT_3D ( 'NONE', #3588, #8612, #7768 ) ;
#1204 = CIRCLE ( 'NONE', #421, 52.99999999999999289 ) ;
#1205 = EDGE_CURVE ( 'NONE', #10531, #8546, #9436, .T. ) ;
#1206 = VECTOR ( 'NONE', #5565, 1000.000000000000114 ) ;
#1207 = ADVANCED_FACE ( 'NONE', ( #1612 ), #5985, .F. ) ;
#1208 = FACE_OUTER_BOUND ( 'NONE', #5226, .T. ) ;
#1209 = CARTESIAN_POINT ( 'NONE',  ( 57.00694410957874680, 28.78955317794305913, -6.802362645333846380 ) ) ;
#1210 = LINE ( 'NONE', #8580, #919 ) ;
#1211 = CARTESIAN_POINT ( 'NONE',  ( 69.47469681122932172, 120.4673962467907984, -22.70464779459340576 ) ) ;
#1212 = PLANE ( 'NONE',  #2850 ) ;
#1213 = EDGE_CURVE ( 'NONE', #5639, #2422, #8762, .T. ) ;
#1214 = AXIS2_PLACEMENT_3D ( 'NONE', #1310, #433, #8050 ) ;
#1215 = CARTESIAN_POINT ( 'NONE',  ( 6.123233995736775157E-16, 93.35786437626902057, -68.91067609231116364 ) ) ;
#1216 = EDGE_LOOP ( 'NONE', ( #376, #8277, #5329, #8649 ) ) ;
#1217 = DIRECTION ( 'NONE',  ( -1.000000000000000000, 0.000000000000000000, -1.047444401652940007E-14 ) ) ;
#1218 = ORIENTED_EDGE ( 'NONE', *, *, #9, .F. ) ;
#1219 = LINE ( 'NONE', #9639, #6902 ) ;
#1220 = VECTOR ( 'NONE', #5576, 1000.000000000000000 ) ;
#1221 = VERTEX_POINT ( 'NONE', #1319 ) ;
#1222 =( GEOMETRIC_REPRESENTATION_CONTEXT ( 3 ) GLOBAL_UNCERTAINTY_ASSIGNED_CONTEXT ( ( #1673 ) ) GLOBAL_UNIT_ASSIGNED_CONTEXT ( ( #2698, #6216, #1178 ) ) REPRESENTATION_CONTEXT ( 'NONE', 'WORKASPACE' ) );
#1223 = PLANE ( 'NONE',  #5349 ) ;
#1224 = CARTESIAN_POINT ( 'NONE',  ( -54.90625485448806131, 120.9840231388925247, 18.77421123258845626 ) ) ;
#1225 = EDGE_LOOP ( 'NONE', ( #6672, #7240, #9448, #5248 ) ) ;
#1226 = CARTESIAN_POINT ( 'NONE',  ( 6.000000000000000000, 33.00000000000000000, 57.00694410957876812 ) ) ;
#1227 = ORIENTED_EDGE ( 'NONE', *, *, #1564, .F. ) ;
#1228 = EDGE_LOOP ( 'NONE', ( #8271, #9893, #6556, #7241 ) ) ;
#1229 = EDGE_CURVE ( 'NONE', #9073, #10401, #2553, .T. ) ;
#1230 = DIRECTION ( 'NONE',  ( 1.000000000000000000, 0.000000000000000000, -1.047444401652940007E-14 ) ) ;
#1231 = AXIS2_PLACEMENT_3D ( 'NONE', #9176, #4186, #5812 ) ;
#1232 = CIRCLE ( 'NONE', #945, 3.949999999999989075 ) ;
#1233 = FACE_OUTER_BOUND ( 'NONE', #862, .T. ) ;
#1234 = ORIENTED_EDGE ( 'NONE', *, *, #838, .F. ) ;
#1235 = CARTESIAN_POINT ( 'NONE',  ( -11.29433216177795174, 120.4775616640125548, 56.91610466446535810 ) ) ;
#1236 = ORIENTED_EDGE ( 'NONE', *, *, #10848, .T. ) ;
#1237 = CARTESIAN_POINT ( 'NONE',  ( -10.96015510839134421, 72.00000000000000000, 10.96015510839147211 ) ) ;
#1238 = ORIENTED_EDGE ( 'NONE', *, *, #7674, .T. ) ;
#1239 = DIRECTION ( 'NONE',  ( 0.7071067811865474617, 0.000000000000000000, -0.7071067811865474617 ) ) ;
#1240 = EDGE_LOOP ( 'NONE', ( #5804, #1364, #85, #6194 ) ) ;
#1241 = CARTESIAN_POINT ( 'NONE',  ( 11.65991307902109497, 123.4861478527646881, -56.83768049362748798 ) ) ;
#1242 = CYLINDRICAL_SURFACE ( 'NONE', #5937, 3.949999999999989075 ) ;
#1243 = VERTEX_POINT ( 'NONE', #2966 ) ;
#1244 = CARTESIAN_POINT ( 'NONE',  ( 62.00694410957873259, 15.00000000000000000, -10.00000000000026112 ) ) ;
#1245 = EDGE_LOOP ( 'NONE', ( #8302, #5720, #8108, #3249 ) ) ;
#1246 = B_SPLINE_CURVE_WITH_KNOTS ( 'NONE', 3,
 ( #922, #1796, #1825, #1122, #1950, #1241, #2063, #5433, #299, #4468, #10495, #2927, #6325, #7058, #10375, #4616, #7172, #3661, #9642, #1199, #4578, #415, #6282, #5468, #7144, #385, #5313, #8867, #8014, #7968 ),
 .UNSPECIFIED., .F., .F.,
 ( 4, 2, 2, 2, 2, 2, 2, 2, 2, 2, 2, 2, 2, 2, 4 ),
 ( 0.5000000000000000000, 0.5312499999999995559, 0.5624999999999992228, 0.6249999999999984457, 0.6562499999999982236, 0.6874999999999978906, 0.7187499999999975575, 0.7499999999999973355, 0.7812499999999971134, 0.8124999999999967804, 0.8749999999999984457, 0.9062499999999988898, 0.9374999999999992228, 0.9687499999999995559, 1.000000000000000000 ),
 .UNSPECIFIED. ) ;
#1247 = AXIS2_PLACEMENT_3D ( 'NONE', #2289, #1599, #5861 ) ;
#1248 = ORIENTED_EDGE ( 'NONE', *, *, #3266, .T. ) ;
#1249 = DIRECTION ( 'NONE',  ( 0.000000000000000000, 0.000000000000000000, -1.000000000000000000 ) ) ;
#1250 = DIRECTION ( 'NONE',  ( 0.7071067811865482389, 0.000000000000000000, -0.7071067811865469066 ) ) ;
#1251 = DIRECTION ( 'NONE',  ( 0.7071067811865495711, 0.000000000000000000, 0.7071067811865454633 ) ) ;
#1252 = EDGE_LOOP ( 'NONE', ( #3751, #4687, #6142, #4937 ) ) ;
#1253 = VERTEX_POINT ( 'NONE', #3851 ) ;
#1254 = CIRCLE ( 'NONE', #9957, 5.000000000000007994 ) ;
#1255 = FACE_OUTER_BOUND ( 'NONE', #4669, .T. ) ;
#1256 = ORIENTED_EDGE ( 'NONE', *, *, #10949, .F. ) ;
#1257 = CARTESIAN_POINT ( 'NONE',  ( 63.91067609231115654, 107.4999999999999858, 6.694287987874572456E-13 ) ) ;
#1258 = ORIENTED_EDGE ( 'NONE', *, *, #7793, .T. ) ;
#1259 = PRESENTATION_LAYER_ASSIGNMENT (  '', '', ( #9047 ) ) ;
#1260 = DIRECTION ( 'NONE',  ( -0.000000000000000000, -1.000000000000000000, -0.000000000000000000 ) ) ;
#1261 = ORIENTED_EDGE ( 'NONE', *, *, #6253, .T. ) ;
#1262 = VERTEX_POINT ( 'NONE', #6474 ) ;
#1263 = ORIENTED_EDGE ( 'NONE', *, *, #4401, .T. ) ;
#1264 = ORIENTED_EDGE ( 'NONE', *, *, #9400, .T. ) ;
#1265 =( NAMED_UNIT ( * ) PLANE_ANGLE_UNIT ( ) SI_UNIT ( $, .RADIAN. ) );
#1266 = VERTEX_POINT ( 'NONE', #5517 ) ;
#1267 =( NAMED_UNIT ( * ) SI_UNIT ( $, .STERADIAN. ) SOLID_ANGLE_UNIT ( ) );
#1268 = CARTESIAN_POINT ( 'NONE',  ( -48.08326112068525759, 6.983260063331909231E-15, -2.081668171172168513E-14 ) ) ;
#1269 = LINE ( 'NONE', #3102, #9743 ) ;
#1270 = EDGE_LOOP ( 'NONE', ( #7080, #8278, #4544, #7403 ) ) ;
#1271 = ADVANCED_FACE ( 'NONE', ( #6258 ), #1427, .T. ) ;
#1272 = LINE ( 'NONE', #3239, #9616 ) ;
#1273 = CLOSED_SHELL ( 'NONE', ( #7763, #4482, #4145, #161, #7161, #7378 ) ) ;
#1274 = ORIENTED_EDGE ( 'NONE', *, *, #5415, .T. ) ;
#1275 = EDGE_CURVE ( 'NONE', #5844, #1640, #10759, .T. ) ;
#1276 = EDGE_LOOP ( 'NONE', ( #6793, #5393, #3387 ) ) ;
#1277 = DIRECTION ( 'NONE',  ( -0.000000000000000000, -1.000000000000000000, -0.000000000000000000 ) ) ;
#1278 = LINE ( 'NONE', #10592, #1934 ) ;
#1279 = CARTESIAN_POINT ( 'NONE',  ( 58.20458146424510915, 33.00000000000000000, -8.000000000000202505 ) ) ;
#1280 = VERTEX_POINT ( 'NONE', #5550 ) ;
#1281 = EDGE_CURVE ( 'NONE', #967, #8937, #690, .T. ) ;
#1282 = DIRECTION ( 'NONE',  ( -6.803704343522554839E-17, 1.000000000000000000, 2.878473196813116306E-17 ) ) ;
#1283 = CARTESIAN_POINT ( 'NONE',  ( 38.14350014734866079, 121.5000000000000000, 43.72964371872240008 ) ) ;
#1284 = DIRECTION ( 'NONE',  ( 0.000000000000000000, 0.000000000000000000, -1.000000000000000000 ) ) ;
#1285 = ORIENTED_EDGE ( 'NONE', *, *, #4486, .T. ) ;
#1286 = ORIENTED_EDGE ( 'NONE', *, *, #428, .F. ) ;
#1287 = AXIS2_PLACEMENT_3D ( 'NONE', #8210, #2001, #3078 ) ;
#1288 = ADVANCED_FACE ( 'NONE', ( #8370 ), #7413, .T. ) ;
#1290 = DIRECTION ( 'NONE',  ( 0.000000000000000000, 0.000000000000000000, 1.000000000000000000 ) ) ;
#1289 = VECTOR ( 'NONE', #8259, 1000.000000000000000 ) ;
#1291 =( NAMED_UNIT ( * ) PLANE_ANGLE_UNIT ( ) SI_UNIT ( $, .RADIAN. ) );
#1292 = CARTESIAN_POINT ( 'NONE',  ( -19.16253729194202649, 72.00000000000000000, 41.08284750872499558 ) ) ;
#1293 = EDGE_CURVE ( 'NONE', #4924, #4167, #3217, .T. ) ;
#1294 = CIRCLE ( 'NONE', #41, 3.949999999999995293 ) ;
#1295 = FILL_AREA_STYLE_COLOUR ( '', #7957 ) ;
#1296 = PRESENTATION_LAYER_ASSIGNMENT (  '', '', ( #7946 ) ) ;
#1297 = LINE ( 'NONE', #6064, #253 ) ;
#1298 = ORIENTED_EDGE ( 'NONE', *, *, #6886, .F. ) ;
#1299 = CARTESIAN_POINT ( 'NONE',  ( 55.55262824273639666, 117.9497805309840146, -16.69059254579947904 ) ) ;
#1300 = EDGE_CURVE ( 'NONE', #8650, #3620, #4537, .T. ) ;
#1301 = STYLED_ITEM ( 'NONE', ( #3946 ), #4655 ) ;
#1302 = PLANE ( 'NONE',  #191 ) ;
#1303 = SURFACE_SIDE_STYLE ('',( #2082 ) ) ;
#1304 = CARTESIAN_POINT ( 'NONE',  ( 22.18311171878547938, 123.4762997294430562, -69.54804269035969355 ) ) ;
#1305 =( NAMED_UNIT ( * ) PLANE_ANGLE_UNIT ( ) SI_UNIT ( $, .RADIAN. ) );
#1306 = CYLINDRICAL_SURFACE ( 'NONE', #6054, 1.849999999999997646 ) ;
#1307 = ORIENTED_EDGE ( 'NONE', *, *, #9725, .F. ) ;
#1308 = CARTESIAN_POINT ( 'NONE',  ( 0.000000000000000000, 107.4999999999999858, 0.000000000000000000 ) ) ;
#1309 = VECTOR ( 'NONE', #7651, 999.9999999999998863 ) ;
#1310 = CARTESIAN_POINT ( 'NONE',  ( -15.02265631979615712, 0.000000000000000000, 66.18446766623708299 ) ) ;
#1311 = LINE ( 'NONE', #5455, #10308 ) ;
#1312 = CARTESIAN_POINT ( 'NONE',  ( 71.42611980880434430, 120.9805368309901041, -15.07687097042375513 ) ) ;
#1313 = PRESENTATION_LAYER_ASSIGNMENT (  '', '', ( #8893 ) ) ;
#1314 = DIRECTION ( 'NONE',  ( 0.7071067811865479058, 0.000000000000000000, -0.7071067811865470176 ) ) ;
#1315 = DIRECTION ( 'NONE',  ( 3.491481338843133355E-15, 0.000000000000000000, 1.000000000000000000 ) ) ;
#1316 = COLOUR_RGB ( '',1.000000000000000000, 0.5019607843137254832, 0.7529411764705882248 ) ;
#1317 = COLOUR_RGB ( '',1.000000000000000000, 0.5019607843137254832, 0.7529411764705882248 ) ;
#1318 = ADVANCED_FACE ( 'NONE', ( #5333 ), #2019, .F. ) ;
#1319 = CARTESIAN_POINT ( 'NONE',  ( 8.694992273946206563E-15, 12.99999999999999822, 71.00000000000001421 ) ) ;
#1320 = CARTESIAN_POINT ( 'NONE',  ( 19.92030918257104233, 125.4510427797605132, -70.33141820724625859 ) ) ;
#1321 = DIRECTION ( 'NONE',  ( -0.7071067811865450192, 0.000000000000000000, 0.7071067811865501263 ) ) ;
#1322 = FACE_BOUND ( 'NONE', #9840, .T. ) ;
#1323 = CARTESIAN_POINT ( 'NONE',  ( 56.73511607005407598, 118.8878885940046928, -12.12315804116338747 ) ) ;
#1324 = LINE ( 'NONE', #3190, #1045 ) ;
#1325 = CARTESIAN_POINT ( 'NONE',  ( 0.000000000000000000, 107.4999999999999858, 0.000000000000000000 ) ) ;
#1326 = CARTESIAN_POINT ( 'NONE',  ( 20.79932626462607814, 124.9247513843715325, -69.97452698768834978 ) ) ;
#1327 = CARTESIAN_POINT ( 'NONE',  ( 52.33857524380064774, 117.6790451270220217, 50.88947214707717137 ) ) ;
#1328 = EDGE_CURVE ( 'NONE', #9301, #8377, #52, .T. ) ;
#1329 = ADVANCED_FACE ( 'NONE', ( #2294 ), #8228, .T. ) ;
#1330 = FACE_OUTER_BOUND ( 'NONE', #5920, .T. ) ;
#1331 = CIRCLE ( 'NONE', #2633, 1.849999999999997424 ) ;
#1332 = DIRECTION ( 'NONE',  ( 0.000000000000000000, -1.000000000000000000, 0.000000000000000000 ) ) ;
#1333 = EDGE_CURVE ( 'NONE', #7999, #6043, #6649, .T. ) ;
#1334 = MECHANICAL_DESIGN_GEOMETRIC_PRESENTATION_REPRESENTATION (  '', ( #772 ), #5104 ) ;
#1335 = ORIENTED_EDGE ( 'NONE', *, *, #648, .F. ) ;
#1336 = CARTESIAN_POINT ( 'NONE',  ( 34.02121464945722096, 0.000000000000000000, 57.35573842861330007 ) ) ;
#1337 = ADVANCED_FACE ( 'NONE', ( #8898 ), #3831, .T. ) ;
#1338 = CARTESIAN_POINT ( 'NONE',  ( -10.12448588005138816, 120.5000000000000000, 10.12448588005139172 ) ) ;
#1339 = CIRCLE ( 'NONE', #10056, 1.850000000000004530 ) ;
#1340 = LINE ( 'NONE', #7829, #39 ) ;
#1341 = CARTESIAN_POINT ( 'NONE',  ( -55.14118421429606087, 123.9273460832094997, 18.04451482607944968 ) ) ;
#1342 = EDGE_CURVE ( 'NONE', #6350, #8904, #10341, .T. ) ;
#1343 = DIRECTION ( 'NONE',  ( -0.000000000000000000, -1.000000000000000000, -0.000000000000000000 ) ) ;
#1344 = AXIS2_PLACEMENT_3D ( 'NONE', #2476, #5761, #4101 ) ;
#1345 = EDGE_CURVE ( 'NONE', #8915, #9848, #9814, .T. ) ;
#1346 = EDGE_LOOP ( 'NONE', ( #3937, #6847 ) ) ;
#1347 = CARTESIAN_POINT ( 'NONE',  ( 23.68807716974934863, 0.000000000000000000, 23.68807716974938771 ) ) ;
#1348 = CARTESIAN_POINT ( 'NONE',  ( 43.46917597822829293, 10.00000000000000000, 16.07290219283991917 ) ) ;
#1349 = DIRECTION ( 'NONE',  ( 0.000000000000000000, 1.000000000000000000, 0.000000000000000000 ) ) ;
#1350 = EDGE_CURVE ( 'NONE', #8639, #1115, #1067, .T. ) ;
#1351 = CIRCLE ( 'NONE', #10473, 5.000000000000007994 ) ;
#1352 = LINE ( 'NONE', #7287, #6786 ) ;
#1353 = ORIENTED_EDGE ( 'NONE', *, *, #6655, .F. ) ;
#1354 = AXIS2_PLACEMENT_3D ( 'NONE', #7925, #2160, #8073 ) ;
#1355 = CARTESIAN_POINT ( 'NONE',  ( -11.16829528477478206, 121.7545221335609540, 56.94275834298991157 ) ) ;
#1356 = ORIENTED_EDGE ( 'NONE', *, *, #2361, .F. ) ;
#1357 = EDGE_LOOP ( 'NONE', ( #1081, #9214, #3771, #1335 ) ) ;
#1358 = CARTESIAN_POINT ( 'NONE',  ( 56.60912306561240825, 118.3609155205465129, -12.67425734173429142 ) ) ;
#1359 = ORIENTED_EDGE ( 'NONE', *, *, #10441, .F. ) ;
#1360 = AXIS2_PLACEMENT_3D ( 'NONE', #6274, #4525, #6493 ) ;
#1361 = VECTOR ( 'NONE', #1780, 1000.000000000000000 ) ;
#1362 = DIRECTION ( 'NONE',  ( -0.7071067811865474617, 0.000000000000000000, -0.7071067811865474617 ) ) ;
#1363 = LINE ( 'NONE', #7539, #6285 ) ;
#1364 = ORIENTED_EDGE ( 'NONE', *, *, #3208, .F. ) ;
#1365 = DIRECTION ( 'NONE',  ( -0.000000000000000000, -1.000000000000000000, -0.000000000000000000 ) ) ;
#1366 = CARTESIAN_POINT ( 'NONE',  ( -30.12269240033361584, 0.000000000000000000, -30.12269240033340267 ) ) ;
#1367 = CARTESIAN_POINT ( 'NONE',  ( 48.77001317436950245, 120.9805368309900757, 54.31839876296335490 ) ) ;
#1368 = ORIENTED_EDGE ( 'NONE', *, *, #5688, .T. ) ;
#1369 = ADVANCED_FACE ( 'NONE', ( #4788 ), #6779, .F. ) ;
#1370 = FILL_AREA_STYLE_COLOUR ( '', #3709 ) ;
#1371 = EDGE_LOOP ( 'NONE', ( #6057, #1758 ) ) ;
#1372 = VECTOR ( 'NONE', #544, 1000.000000000000000 ) ;
#1373 = VECTOR ( 'NONE', #8979, 1000.000000000000000 ) ;
#1374 = VERTEX_POINT ( 'NONE', #4449 ) ;
#1375 = ORIENTED_EDGE ( 'NONE', *, *, #2624, .T. ) ;
#1376 = ORIENTED_EDGE ( 'NONE', *, *, #7786, .T. ) ;
#1377 = FILL_AREA_STYLE ('',( #9117 ) ) ;
#1378 = AXIS2_PLACEMENT_3D ( 'NONE', #7125, #2309, #8180 ) ;
#1379 = CARTESIAN_POINT ( 'NONE',  ( -66.18446766623713984, 72.00000000000000000, -15.02265631979592619 ) ) ;
#1380 = ORIENTED_EDGE ( 'NONE', *, *, #9988, .T. ) ;
#1381 = ORIENTED_EDGE ( 'NONE', *, *, #9068, .T. ) ;
#1382 = VERTEX_POINT ( 'NONE', #986 ) ;
#1383 = CARTESIAN_POINT ( 'NONE',  ( -69.42100313678720624, 122.5375564728903299, 22.57794055232269770 ) ) ;
#1384 = LINE ( 'NONE', #5090, #3248 ) ;
#1385 = ORIENTED_EDGE ( 'NONE', *, *, #3062, .F. ) ;
#1386 = ADVANCED_FACE ( 'NONE', ( #3876, #8625 ), #1026, .F. ) ;
#1387 = AXIS2_PLACEMENT_3D ( 'NONE', #8011, #1163, #333 ) ;
#1388 = DIRECTION ( 'NONE',  ( 0.000000000000000000, 1.000000000000000000, 0.000000000000000000 ) ) ;
#1389 = DIRECTION ( 'NONE',  ( -0.000000000000000000, -1.000000000000000000, -0.000000000000000000 ) ) ;
#1390 = DIRECTION ( 'NONE',  ( 0.000000000000000000, 0.000000000000000000, 1.000000000000000000 ) ) ;
#1391 = CIRCLE ( 'NONE', #7276, 71.00000000000001421 ) ;
#1392 = ORIENTED_EDGE ( 'NONE', *, *, #1229, .T. ) ;
#1393 = DIRECTION ( 'NONE',  ( -0.7071067811865472397, 0.000000000000000000, -0.7071067811865479058 ) ) ;
#1394 = VERTEX_POINT ( 'NONE', #7872 ) ;
#1395 = CARTESIAN_POINT ( 'NONE',  ( -14.01231550640519252, 125.3188284797388832, 56.28432980393934315 ) ) ;
#1396 = VERTEX_POINT ( 'NONE', #9487 ) ;
#1397 = VECTOR ( 'NONE', #9568, 1000.000000000000000 ) ;
#1398 = AXIS2_PLACEMENT_3D ( 'NONE', #8841, #4546, #7020 ) ;
#1399 = ORIENTED_EDGE ( 'NONE', *, *, #8168, .F. ) ;
#1400 = PLANE ( 'NONE',  #3811 ) ;
#1401 = CARTESIAN_POINT ( 'NONE',  ( -8.000000000000000000, 33.00000000000000000, -58.20458146424466150 ) ) ;
#1402 = VERTEX_POINT ( 'NONE', #5297 ) ;
#1403 = DIRECTION ( 'NONE',  ( -0.7071067811865457964, 0.000000000000000000, 0.7071067811865492381 ) ) ;
#1404 = DIRECTION ( 'NONE',  ( -6.803704343522554839E-17, 1.000000000000000000, 2.878473196813116306E-17 ) ) ;
#1405 = ORIENTED_EDGE ( 'NONE', *, *, #2128, .F. ) ;
#1406 = FACE_OUTER_BOUND ( 'NONE', #3782, .T. ) ;
#1407 = LINE ( 'NONE', #9264, #4730 ) ;
#1408 = VERTEX_POINT ( 'NONE', #6916 ) ;
#1409 = DIRECTION ( 'NONE',  ( -0.7071067811865474617, 0.000000000000000000, -0.7071067811865476838 ) ) ;
#1410 = EDGE_CURVE ( 'NONE', #3903, #3155, #8223, .T. ) ;
#1411 = LINE ( 'NONE', #5980, #10150 ) ;
#1412 = ORIENTED_EDGE ( 'NONE', *, *, #6512, .T. ) ;
#1413 = ORIENTED_EDGE ( 'NONE', *, *, #6461, .F. ) ;
#1414 = CARTESIAN_POINT ( 'NONE',  ( 71.43161982686663691, 121.5000000000000284, -15.05070393403569540 ) ) ;
#1415 = CARTESIAN_POINT ( 'NONE',  ( 6.802362645333919211, 37.21044682205650389, -57.00694410957876812 ) ) ;
#1416 = EDGE_CURVE ( 'NONE', #2693, #5887, #1750, .T. ) ;
#1417 = DIRECTION ( 'NONE',  ( 0.000000000000000000, 0.000000000000000000, 1.000000000000000000 ) ) ;
#1418 =( NAMED_UNIT ( * ) SI_UNIT ( $, .STERADIAN. ) SOLID_ANGLE_UNIT ( ) );
#1419 = DIRECTION ( 'NONE',  ( 0.000000000000000000, 0.000000000000000000, -1.000000000000000000 ) ) ;
#1420 = FACE_OUTER_BOUND ( 'NONE', #5091, .T. ) ;
#1421 = CARTESIAN_POINT ( 'NONE',  ( -69.38689138700071624, 122.0203950542955482, 22.68169534412025001 ) ) ;
#1422 = AXIS2_PLACEMENT_3D ( 'NONE', #2741, #151, #232 ) ;
#1423 = ORIENTED_EDGE ( 'NONE', *, *, #5328, .F. ) ;
#1424 = FACE_OUTER_BOUND ( 'NONE', #4821, .T. ) ;
#1425 = ORIENTED_EDGE ( 'NONE', *, *, #4942, .F. ) ;
#1426 = ADVANCED_FACE ( 'NONE', ( #5849, #1603 ), #2671, .T. ) ;
#1427 = PLANE ( 'NONE',  #6507 ) ;
#1428 = CARTESIAN_POINT ( 'NONE',  ( 24.04163056034260038, -5.777789833161707559E-31, 24.04163056034261103 ) ) ;
#1429 = CARTESIAN_POINT ( 'NONE',  ( 41.66310588047436880, 10.00000000000000000, 41.66310588047443275 ) ) ;
#1430 = CARTESIAN_POINT ( 'NONE',  ( 24.04163056034260038, 16.50000000000000000, 24.04163056034261103 ) ) ;
#1431 = EDGE_CURVE ( 'NONE', #5474, #1014, #8002, .T. ) ;
#1432 = MECHANICAL_DESIGN_GEOMETRIC_PRESENTATION_REPRESENTATION (  '', ( #2788 ), #7670 ) ;
#1433 = PRESENTATION_STYLE_ASSIGNMENT (( #785 ) ) ;
#1434 = CARTESIAN_POINT ( 'NONE',  ( -18.02428069054153426, 123.9123826873435377, 55.14675545431358472 ) ) ;
#1435 = VECTOR ( 'NONE', #9577, 1000.000000000000000 ) ;
#1436 = PLANE ( 'NONE',  #4478 ) ;
#1437 = ORIENTED_EDGE ( 'NONE', *, *, #9503, .F. ) ;
#1438 = EDGE_CURVE ( 'NONE', #9901, #2995, #6905, .T. ) ;
#1439 = AXIS2_PLACEMENT_3D ( 'NONE', #3590, #4445, #3825 ) ;
#1440 = DIRECTION ( 'NONE',  ( -0.000000000000000000, -1.000000000000000000, 0.000000000000000000 ) ) ;
#1441 = CARTESIAN_POINT ( 'NONE',  ( 0.000000000000000000, 115.4999999999999858, 0.000000000000000000 ) ) ;
#1442 = SURFACE_SIDE_STYLE ('',( #7176 ) ) ;
#1443 = CARTESIAN_POINT ( 'NONE',  ( 15.15743148494662407, 122.5375564728903584, -71.40932254881840890 ) ) ;
#1444 = CARTESIAN_POINT ( 'NONE',  ( 42.42640687119286014, 109.4999999999999858, -1.849999999999845324 ) ) ;
#1445 = DIRECTION ( 'NONE',  ( 1.000000000000000000, -0.000000000000000000, 3.491481338843133355E-15 ) ) ;
#1446 = CIRCLE ( 'NONE', #7391, 8.000000000000000000 ) ;
#1447 = VECTOR ( 'NONE', #5274, 1000.000000000000000 ) ;
#1448 = VECTOR ( 'NONE', #4709, 999.9999999999998863 ) ;
#1449 =( LENGTH_UNIT ( ) NAMED_UNIT ( * ) SI_UNIT ( .MILLI., .METRE. ) );
#1450 = CARTESIAN_POINT ( 'NONE',  ( 29.97765431706064021, 10.00000000000000000, 57.37392810244902819 ) ) ;
#1451 = MECHANICAL_DESIGN_GEOMETRIC_PRESENTATION_REPRESENTATION (  '', ( #5217 ), #1083 ) ;
#1452 = DIRECTION ( 'NONE',  ( 0.000000000000000000, 1.000000000000000000, 0.000000000000000000 ) ) ;
#1453 = DIRECTION ( 'NONE',  ( 1.000000000000000000, -0.000000000000000000, -3.491481338843133355E-15 ) ) ;
#1454 = FACE_OUTER_BOUND ( 'NONE', #587, .T. ) ;
#1455 = DIRECTION ( 'NONE',  ( 0.000000000000000000, 1.000000000000000000, 0.000000000000000000 ) ) ;
#1456 = CARTESIAN_POINT ( 'NONE',  ( -48.81425339555149634, 121.5000000000000000, -54.40039696692524274 ) ) ;
#1457 = LINE ( 'NONE', #1166, #5967 ) ;
#1458 = PLANE ( 'NONE',  #1247 ) ;
#1459 = DIRECTION ( 'NONE',  ( 1.000000000000000000, 0.000000000000000000, -3.491481338843133355E-15 ) ) ;
#1460 = PLANE ( 'NONE',  #4187 ) ;
#1461 = DIRECTION ( 'NONE',  ( 0.000000000000000000, 1.000000000000000000, 0.000000000000000000 ) ) ;
#1462 = CARTESIAN_POINT ( 'NONE',  ( -48.77001317436950245, 120.9805368309900757, -54.31839876296335490 ) ) ;
#1463 = LINE ( 'NONE', #9024, #9155 ) ;
#1464 = LINE ( 'NONE', #10048, #6378 ) ;
#1465 = CARTESIAN_POINT ( 'NONE',  ( -19.16253729194202649, 72.00000000000000000, 41.08284750872499558 ) ) ;
#1466 = DIRECTION ( 'NONE',  ( -0.000000000000000000, -1.000000000000000000, -0.000000000000000000 ) ) ;
#1467 = DIRECTION ( 'NONE',  ( 3.469446951953614189E-15, 0.000000000000000000, 1.000000000000000000 ) ) ;
#1468 = CARTESIAN_POINT ( 'NONE',  ( 8.939921633775675282E-15, 107.4999999999999858, 73.00000000000000000 ) ) ;
#1469 = EDGE_CURVE ( 'NONE', #9953, #2602, #3605, .T. ) ;
#1470 = DIRECTION ( 'NONE',  ( 1.256065073714878991E-16, 1.000000000000000000, -1.648588188385822228E-16 ) ) ;
#1471 = VERTEX_POINT ( 'NONE', #7729 ) ;
#1472 = VERTEX_POINT ( 'NONE', #2787 ) ;
#1473 = ADVANCED_FACE ( 'NONE', ( #1733 ), #3530, .T. ) ;
#1474 = CARTESIAN_POINT ( 'NONE',  ( 56.34258253539289285, 125.2451595925168135, -13.78010068075778705 ) ) ;
#1475 = EDGE_CURVE ( 'NONE', #9165, #4124, #1340, .T. ) ;
#1476 = VECTOR ( 'NONE', #6724, 1000.000000000000000 ) ;
#1477 = FACE_OUTER_BOUND ( 'NONE', #1228, .T. ) ;
#1478 = ORIENTED_EDGE ( 'NONE', *, *, #3973, .T. ) ;
#1479 = AXIS2_PLACEMENT_3D ( 'NONE', #798, #8464, #4290 ) ;
#1480 = ORIENTED_EDGE ( 'NONE', *, *, #2835, .T. ) ;
#1481 = DIRECTION ( 'NONE',  ( 0.000000000000000000, 1.000000000000000000, -0.000000000000000000 ) ) ;
#1482 = CARTESIAN_POINT ( 'NONE',  ( 0.000000000000000000, -53.00000000000000000, -73.00000000000000000 ) ) ;
#1483 = ORIENTED_EDGE ( 'NONE', *, *, #4201, .T. ) ;
#1484 = CARTESIAN_POINT ( 'NONE',  ( -56.08978823037997330, 125.4502610479499225, 14.76490614797753942 ) ) ;
#1485 = EDGE_CURVE ( 'NONE', #7721, #9732, #10630, .T. ) ;
#1486 = ORIENTED_EDGE ( 'NONE', *, *, #2355, .T. ) ;
#1487 = FILL_AREA_STYLE_COLOUR ( '', #5293 ) ;
#1488 = EDGE_CURVE ( 'NONE', #4971, #10342, #10486, .T. ) ;
#1489 = ORIENTED_EDGE ( 'NONE', *, *, #2361, .T. ) ;
#1490 = CARTESIAN_POINT ( 'NONE',  ( 22.29778791882112188, 119.4352849012582283, -69.61019812339142732 ) ) ;
#1491 = SURFACE_STYLE_USAGE ( .BOTH. , #6617 ) ;
#1492 = EDGE_LOOP ( 'NONE', ( #8152, #3127, #8780, #3166 ) ) ;
#1493 = FILL_AREA_STYLE_COLOUR ( '', #10846 ) ;
#1494 = CARTESIAN_POINT ( 'NONE',  ( -42.42640687119286014, 0.000000000000000000, -4.487298322847499863E-13 ) ) ;
#1495 = ORIENTED_EDGE ( 'NONE', *, *, #3820, .T. ) ;
#1496 = ORIENTED_EDGE ( 'NONE', *, *, #1192, .F. ) ;
#1497 = EDGE_CURVE ( 'NONE', #2958, #4745, #9158, .T. ) ;
#1498 = AXIS2_PLACEMENT_3D ( 'NONE', #8202, #3154, #4076 ) ;
#1499 = CARTESIAN_POINT ( 'NONE',  ( 69.97856814768357481, 72.00000000000000000, -12.00000000000026112 ) ) ;
#1500 = ORIENTED_EDGE ( 'NONE', *, *, #2670, .F. ) ;
#1501 = CARTESIAN_POINT ( 'NONE',  ( -17.34608033701489660, 124.6580409007761148, 55.35729137109634479 ) ) ;
#1502 = ORIENTED_EDGE ( 'NONE', *, *, #5684, .F. ) ;
#1503 = CARTESIAN_POINT ( 'NONE',  ( 0.000000000000000000, 53.00000000000000711, 0.000000000000000000 ) ) ;
#1504 = VERTEX_POINT ( 'NONE', #1444 ) ;
#1505 = ORIENTED_EDGE ( 'NONE', *, *, #6829, .F. ) ;
#1506 = ORIENTED_EDGE ( 'NONE', *, *, #1141, .T. ) ;
#1507 = CARTESIAN_POINT ( 'NONE',  ( -71.32135573488548630, 119.5190720303063756, 15.56549189417803092 ) ) ;
#1508 = DIRECTION ( 'NONE',  ( -0.000000000000000000, -1.000000000000000000, -0.000000000000000000 ) ) ;
#1509 = CARTESIAN_POINT ( 'NONE',  ( 41.19830740530368729, 125.4497349840401057, 40.82605917609205903 ) ) ;
#1510 = DIRECTION ( 'NONE',  ( 0.7071067811865474617, -0.000000000000000000, 0.7071067811865476838 ) ) ;
#1511 = CARTESIAN_POINT ( 'NONE',  ( 0.000000000000000000, 107.4999999999999858, 63.91067609231115654 ) ) ;
#1512 = FACE_OUTER_BOUND ( 'NONE', #7201, .T. ) ;
#1513 = LINE ( 'NONE', #4847, #10249 ) ;
#1514 = ORIENTED_EDGE ( 'NONE', *, *, #9719, .T. ) ;
#1515 = UNCERTAINTY_MEASURE_WITH_UNIT (LENGTH_MEASURE( 1.000000000000000082E-05 ), #9449, 'distance_accuracy_value', 'NONE');
#1516 = PLANE ( 'NONE',  #9726 ) ;
#1517 = AXIS2_PLACEMENT_3D ( 'NONE', #1957, #4547, #2696 ) ;
#1518 = ORIENTED_EDGE ( 'NONE', *, *, #4968, .F. ) ;
#1519 = ORIENTED_EDGE ( 'NONE', *, *, #5022, .F. ) ;
#1520 = ORIENTED_EDGE ( 'NONE', *, *, #1118, .F. ) ;
#1521 = ORIENTED_EDGE ( 'NONE', *, *, #7394, .F. ) ;
#1522 = CLOSED_SHELL ( 'NONE', ( #2948, #2194, #3881, #757, #1154, #1070 ) ) ;
#1523 = FACE_OUTER_BOUND ( 'NONE', #10281, .T. ) ;
#1524 = CARTESIAN_POINT ( 'NONE',  ( 11.80236264533390589, 13.00000000000000533, -62.00694410957876102 ) ) ;
#1525 = CARTESIAN_POINT ( 'NONE',  ( 17.74832372956893778, 0.000000000000000000, -39.66863394635189621 ) ) ;
#1526 = VECTOR ( 'NONE', #9399, 1000.000000000000000 ) ;
#1527 = VERTEX_POINT ( 'NONE', #6999 ) ;
#1528 = CARTESIAN_POINT ( 'NONE',  ( -56.29251804435978102, 125.4510427797605132, 14.00847227849622989 ) ) ;
#1529 =( NAMED_UNIT ( * ) PLANE_ANGLE_UNIT ( ) SI_UNIT ( $, .RADIAN. ) );
#1530 = MANIFOLD_SOLID_BREP ( '¶ñ®Æ-¦ùªø1[3]', #7348 ) ;
#1531 = EDGE_CURVE ( 'NONE', #4858, #1396, #4255, .T. ) ;
#1532 = VECTOR ( 'NONE', #6188, 1000.000000000000000 ) ;
#1533 = DIRECTION ( 'NONE',  ( -0.000000000000000000, -1.000000000000000000, -0.000000000000000000 ) ) ;
#1534 = ORIENTED_EDGE ( 'NONE', *, *, #3845, .F. ) ;
#1535 = ORIENTED_EDGE ( 'NONE', *, *, #3983, .T. ) ;
#1536 = VECTOR ( 'NONE', #8861, 1000.000000000000000 ) ;
#1537 = AXIS2_PLACEMENT_3D ( 'NONE', #3393, #9228, #5819 ) ;
#1538 = ADVANCED_FACE ( 'NONE', ( #2281 ), #9917, .F. ) ;
#1539 = CARTESIAN_POINT ( 'NONE',  ( 0.000000000000000000, -53.00000000000000000, 0.000000000000000000 ) ) ;
#1540 = FACE_OUTER_BOUND ( 'NONE', #3429, .T. ) ;
#1541 = EDGE_LOOP ( 'NONE', ( #3650, #4035, #7615, #5916 ) ) ;
#1542 = CARTESIAN_POINT ( 'NONE',  ( 11.19418356383834556, 120.9840231386935159, -56.93731714693692680 ) ) ;
#1543 = DIRECTION ( 'NONE',  ( 0.000000000000000000, 1.000000000000000000, 0.000000000000000000 ) ) ;
#1544 = LINE ( 'NONE', #2036, #10267 ) ;
#1545 = VERTEX_POINT ( 'NONE', #10515 ) ;
#1546 = EDGE_LOOP ( 'NONE', ( #8227, #2441, #5218, #10946 ) ) ;
#1547 = EDGE_CURVE ( 'NONE', #8236, #8674, #2414, .T. ) ;
#1548 = CARTESIAN_POINT ( 'NONE',  ( 54.89806205480692824, 121.4985874826541874, -18.79923204477180221 ) ) ;
#1549 = LINE ( 'NONE', #2728, #10286 ) ;
#1550 = EDGE_CURVE ( 'NONE', #2347, #1107, #6246, .T. ) ;
#1551 = PRESENTATION_STYLE_ASSIGNMENT (( #6127 ) ) ;
#1552 = CARTESIAN_POINT ( 'NONE',  ( -71.14268214208244956, 118.5215291845035068, 16.36315304513153279 ) ) ;
#1553 = CARTESIAN_POINT ( 'NONE',  ( -63.91067609231115654, 107.4999999999999858, -3.950000000000212008 ) ) ;
#1554 = CARTESIAN_POINT ( 'NONE',  ( 42.23971868621007530, 125.0436656154519426, 39.75532322200636060 ) ) ;
#1555 =( NAMED_UNIT ( * ) PLANE_ANGLE_UNIT ( ) SI_UNIT ( $, .RADIAN. ) );
#1556 = ORIENTED_EDGE ( 'NONE', *, *, #4848, .F. ) ;
#1557 = DIRECTION ( 'NONE',  ( 0.000000000000000000, 0.000000000000000000, 1.000000000000000000 ) ) ;
#1558 = EDGE_CURVE ( 'NONE', #4318, #10140, #177, .T. ) ;
#1559 = FACE_OUTER_BOUND ( 'NONE', #5625, .T. ) ;
#1560 = LINE ( 'NONE', #6252, #2245 ) ;
#1561 =( NAMED_UNIT ( * ) PLANE_ANGLE_UNIT ( ) SI_UNIT ( $, .RADIAN. ) );
#1562 = CARTESIAN_POINT ( 'NONE',  ( -42.42640687119286014, 107.4999999999999858, -4.487298322847499863E-13 ) ) ;
#1563 = ORIENTED_EDGE ( 'NONE', *, *, #3791, .T. ) ;
#1564 = EDGE_CURVE ( 'NONE', #4060, #8174, #2142, .T. ) ;
#1565 = CARTESIAN_POINT ( 'NONE',  ( -69.47449345339568083, 121.4985874826540595, 22.70497506655071973 ) ) ;
#1566 = CARTESIAN_POINT ( 'NONE',  ( -10.00000000000004441, 15.00000000000000000, -62.00694410957876102 ) ) ;
#1567 = EDGE_CURVE ( 'NONE', #2491, #8899, #10877, .T. ) ;
#1568 = CARTESIAN_POINT ( 'NONE',  ( -70.77118313748390221, 125.3208970214321454, 17.90260391697175635 ) ) ;
#1569 = AXIS2_PLACEMENT_3D ( 'NONE', #9746, #1230, #6351 ) ;
#1570 = VECTOR ( 'NONE', #7859, 1000.000000000000000 ) ;
#1571 =( NAMED_UNIT ( * ) SI_UNIT ( $, .STERADIAN. ) SOLID_ANGLE_UNIT ( ) );
#1572 = DIRECTION ( 'NONE',  ( 0.000000000000000000, -0.000000000000000000, 1.000000000000000000 ) ) ;
#1573 = CARTESIAN_POINT ( 'NONE',  ( 18.41398025519362136, 119.7466563131076924, -55.02288406104312912 ) ) ;
#1574 = CARTESIAN_POINT ( 'NONE',  ( -53.81076957008286143, 72.00000000000000000, -6.434615230583979439 ) ) ;
#1575 = CARTESIAN_POINT ( 'NONE',  ( 43.46917597822829293, 0.000000000000000000, 17.92290219283990282 ) ) ;
#1576 = CIRCLE ( 'NONE', #4697, 73.00000000000001421 ) ;
#1577 = DIRECTION ( 'NONE',  ( 0.000000000000000000, 1.000000000000000000, 0.000000000000000000 ) ) ;
#1578 = STYLED_ITEM ( 'NONE', ( #1121 ), #5260 ) ;
#1579 = DIRECTION ( 'NONE',  ( 0.000000000000000000, 0.000000000000000000, -1.000000000000000000 ) ) ;
#1580 = CARTESIAN_POINT ( 'NONE',  ( -71.43161982686670797, 121.5000000000000142, 15.05070393403519269 ) ) ;
#1581 = CARTESIAN_POINT ( 'NONE',  ( 43.39291865989232377, 123.4861478535705714, 38.51662117945379293 ) ) ;
#1582 = CARTESIAN_POINT ( 'NONE',  ( -24.04163056034262880, -5.777789833161707559E-31, -24.04163056034263946 ) ) ;
#1583 = FILL_AREA_STYLE ('',( #9218 ) ) ;
#1584 = ADVANCED_FACE ( 'NONE', ( #1858, #4657 ), #3165, .T. ) ;
#1585 = LINE ( 'NONE', #2218, #678 ) ;
#1586 = PLANE ( 'NONE',  #3018 ) ;
#1587 = CIRCLE ( 'NONE', #1864, 3.949999999999995293 ) ;
#1588 = VECTOR ( 'NONE', #6514, 1000.000000000000000 ) ;
#1589 = CARTESIAN_POINT ( 'NONE',  ( -63.91067609231115654, 107.4999999999999858, -2.231429329291523816E-13 ) ) ;
#1590 = DIRECTION ( 'NONE',  ( -0.7071067811865479058, 0.000000000000000000, 0.7071067811865472397 ) ) ;
#1591 = MECHANICAL_DESIGN_GEOMETRIC_PRESENTATION_REPRESENTATION (  '', ( #9412 ), #9809 ) ;
#1592 = DIRECTION ( 'NONE',  ( -0.000000000000000000, 1.000000000000000000, 0.000000000000000000 ) ) ;
#1593 = CARTESIAN_POINT ( 'NONE',  ( -42.69069489251109673, 124.6363221524169660, -39.27770531454096670 ) ) ;
#1594 = LINE ( 'NONE', #7290, #4908 ) ;
#1595 = VECTOR ( 'NONE', #5021, 1000.000000000000000 ) ;
#1596 = CARTESIAN_POINT ( 'NONE',  ( -70.99938112145112257, 124.9247513843715609, 16.97451856707649398 ) ) ;
#1597 = ORIENTED_EDGE ( 'NONE', *, *, #5902, .T. ) ;
#1598 = SURFACE_STYLE_USAGE ( .BOTH. , #10899 ) ;
#1599 = DIRECTION ( 'NONE',  ( 1.000000000000000000, 0.000000000000000000, -1.047444401652940007E-14 ) ) ;
#1600 = AXIS2_PLACEMENT_3D ( 'NONE', #6190, #7772, #3566 ) ;
#1601 = CARTESIAN_POINT ( 'NONE',  ( 14.51550594463003740, 117.5760051550430916, -56.15518484249208342 ) ) ;
#1602 = FACE_OUTER_BOUND ( 'NONE', #2503, .T. ) ;
#1603 = FACE_BOUND ( 'NONE', #4930, .T. ) ;
#1604 = VERTEX_POINT ( 'NONE', #2265 ) ;
#1605 = CARTESIAN_POINT ( 'NONE',  ( 69.68458543542422490, 124.1125163652912562, -21.75067377878243846 ) ) ;
#1606 = CARTESIAN_POINT ( 'NONE',  ( -51.98229951024001139, 117.5761575555906688, -51.25334497949208412 ) ) ;
#1607 = CARTESIAN_POINT ( 'NONE',  ( -15.02265631979638805, 0.000000000000000000, -64.33446766623706026 ) ) ;
#1608 = EDGE_LOOP ( 'NONE', ( #2905, #1886 ) ) ;
#1609 = PRESENTATION_STYLE_ASSIGNMENT (( #3049 ) ) ;
#1610 = DIRECTION ( 'NONE',  ( -1.000000000000000000, 0.000000000000000000, 1.047444401652940007E-14 ) ) ;
#1611 = CARTESIAN_POINT ( 'NONE',  ( 0.000000000000000000, 0.000000000000000000, 0.000000000000000000 ) ) ;
#1612 = FACE_OUTER_BOUND ( 'NONE', #8788, .T. ) ;
#1613 = ORIENTED_EDGE ( 'NONE', *, *, #526, .T. ) ;
#1614 = CARTESIAN_POINT ( 'NONE',  ( 0.000000000000000000, 72.00000000000000000, 0.000000000000000000 ) ) ;
#1615 = DIRECTION ( 'NONE',  ( -6.803704343522554839E-17, 1.000000000000000000, 2.878473196813116306E-17 ) ) ;
#1616 = EDGE_CURVE ( 'NONE', #7986, #3532, #9682, .T. ) ;
#1617 = CARTESIAN_POINT ( 'NONE',  ( 0.000000000000000000, 53.00000000000000711, 63.91067609231115654 ) ) ;
#1618 = SURFACE_SIDE_STYLE ('',( #3540 ) ) ;
#1619 = ORIENTED_EDGE ( 'NONE', *, *, #8146, .F. ) ;
#1620 = DIRECTION ( 'NONE',  ( -0.000000000000000000, 1.000000000000000000, -0.000000000000000000 ) ) ;
#1621 = ORIENTED_EDGE ( 'NONE', *, *, #1205, .T. ) ;
#1622 = EDGE_CURVE ( 'NONE', #2751, #2878, #8888, .T. ) ;
#1623 = VERTEX_POINT ( 'NONE', #561 ) ;
#1624 = LINE ( 'NONE', #8513, #5867 ) ;
#1625 = LINE ( 'NONE', #8350, #3094 ) ;
#1626 = VERTEX_POINT ( 'NONE', #3712 ) ;
#1627 = AXIS2_PLACEMENT_3D ( 'NONE', #7324, #8994, #7190 ) ;
#1628 = CARTESIAN_POINT ( 'NONE',  ( 52.33468269917363358, 125.3222965543165941, 50.89346325520669012 ) ) ;
#1629 = DIRECTION ( 'NONE',  ( 0.000000000000000000, -0.000000000000000000, 1.000000000000000000 ) ) ;
#1630 = DIRECTION ( 'NONE',  ( -0.000000000000000000, 1.000000000000000000, -0.000000000000000000 ) ) ;
#1631 = EDGE_LOOP ( 'NONE', ( #7222, #108, #10784, #4494 ) ) ;
#1632 = CARTESIAN_POINT ( 'NONE',  ( -38.24063348771207416, 122.5298245451636490, -43.64236428105075305 ) ) ;
#1633 = ORIENTED_EDGE ( 'NONE', *, *, #5539, .F. ) ;
#1634 = EDGE_CURVE ( 'NONE', #8515, #4164, #2950, .T. ) ;
#1635 = EDGE_LOOP ( 'NONE', ( #1104, #9260, #6972, #3944, #1130 ) ) ;
#1636 = CARTESIAN_POINT ( 'NONE',  ( -11.58115274842783116, 119.4426215047596145, 56.85834237677214986 ) ) ;
#1637 = AXIS2_PLACEMENT_3D ( 'NONE', #5443, #2073, #393 ) ;
#1638 = CIRCLE ( 'NONE', #3734, 6.000000000000000000 ) ;
#1639 = LINE ( 'NONE', #1244, #10104 ) ;
#1640 = VERTEX_POINT ( 'NONE', #5665 ) ;
#1641 = DIRECTION ( 'NONE',  ( 0.000000000000000000, 1.000000000000000000, 0.000000000000000000 ) ) ;
#1642 = ORIENTED_EDGE ( 'NONE', *, *, #844, .F. ) ;
#1643 = ADVANCED_FACE ( 'NONE', ( #10062, #7030, #3737, #8615, #6637, #9276, #7816 ), #3309, .T. ) ;
#1644 = CARTESIAN_POINT ( 'NONE',  ( 20.90438846945022888, 117.9780511645801511, -70.04132849012067652 ) ) ;
#1645 = PLANE ( 'NONE',  #7343 ) ;
#1646 = CARTESIAN_POINT ( 'NONE',  ( 0.000000000000000000, 53.00000000000000711, 12.00000000000026112 ) ) ;
#1647 = CARTESIAN_POINT ( 'NONE',  ( 18.60286251881563402, 120.2234528241995406, -54.96201581070765485 ) ) ;
#1648 = ORIENTED_EDGE ( 'NONE', *, *, #3426, .T. ) ;
#1649 = UNCERTAINTY_MEASURE_WITH_UNIT (LENGTH_MEASURE( 1.000000000000000082E-05 ), #7918, 'distance_accuracy_value', 'NONE');
#1650 = EDGE_CURVE ( 'NONE', #8280, #10257, #683, .T. ) ;
#1651 = ORIENTED_EDGE ( 'NONE', *, *, #6883, .T. ) ;
#1652 = AXIS2_PLACEMENT_3D ( 'NONE', #10624, #5556, #8172 ) ;
#1653 = CARTESIAN_POINT ( 'NONE',  ( 70.58089469577632258, 125.4497338060821221, -18.63880461932680888 ) ) ;
#1654 = ORIENTED_EDGE ( 'NONE', *, *, #5311, .F. ) ;
#1655 = EDGE_LOOP ( 'NONE', ( #2339, #7054 ) ) ;
#1656 = CARTESIAN_POINT ( 'NONE',  ( 0.000000000000000000, 2.327753354443970006E-15, -48.08326112068525759 ) ) ;
#1657 = ORIENTED_EDGE ( 'NONE', *, *, #5744, .F. ) ;
#1658 = CARTESIAN_POINT ( 'NONE',  ( 43.72955945542848610, 121.2426528317517267, 38.14359406614698855 ) ) ;
#1659 = FACE_OUTER_BOUND ( 'NONE', #5078, .T. ) ;
#1660 = FILL_AREA_STYLE_COLOUR ( '', #6775 ) ;
#1661 = CARTESIAN_POINT ( 'NONE',  ( 17.74832372956893778, 72.00000000000000000, -39.66863394635189621 ) ) ;
#1662 = CARTESIAN_POINT ( 'NONE',  ( 66.18446766623711142, 72.00000000000000000, -15.02265631979615712 ) ) ;
#1663 = ORIENTED_EDGE ( 'NONE', *, *, #10063, .T. ) ;
#1664 =( NAMED_UNIT ( * ) SI_UNIT ( $, .STERADIAN. ) SOLID_ANGLE_UNIT ( ) );
#1665 = CARTESIAN_POINT ( 'NONE',  ( -3.005988244198139631E-13, 0.000000000000000000, 42.42640687119286724 ) ) ;
#1666 = VERTEX_POINT ( 'NONE', #4811 ) ;
#1667 = DIRECTION ( 'NONE',  ( -1.000000000000000000, 0.000000000000000000, 1.047444401652940007E-14 ) ) ;
#1668 = VERTEX_POINT ( 'NONE', #10822 ) ;
#1669 = VECTOR ( 'NONE', #7255, 1000.000000000000000 ) ;
#1670 = ORIENTED_EDGE ( 'NONE', *, *, #4891, .F. ) ;
#1671 = CARTESIAN_POINT ( 'NONE',  ( 62.20458146424517309, 12.99999999999999822, -12.00000000000027001 ) ) ;
#1672 = PRESENTATION_LAYER_ASSIGNMENT (  '', '', ( #10381 ) ) ;
#1673 = UNCERTAINTY_MEASURE_WITH_UNIT (LENGTH_MEASURE( 1.000000000000000082E-05 ), #2698, 'distance_accuracy_value', 'NONE');
#1674 = VERTEX_POINT ( 'NONE', #8353 ) ;
#1675 = ORIENTED_EDGE ( 'NONE', *, *, #8796, .F. ) ;
#1676 = CARTESIAN_POINT ( 'NONE',  ( -11.66726188957804311, 0.000000000000000000, 11.66726188957804311 ) ) ;
#1677 = CARTESIAN_POINT ( 'NONE',  ( -21.90876825144234630, 119.0905420012695259, 69.63494952589827847 ) ) ;
#1678 = CARTESIAN_POINT ( 'NONE',  ( -63.91067609231115654, 53.00000000000000711, 4.999999999999785061 ) ) ;
#1679 = CIRCLE ( 'NONE', #8323, 71.00000000000001421 ) ;
#1680 = AXIS2_PLACEMENT_3D ( 'NONE', #9281, #4951, #9211 ) ;
#1681 = EDGE_LOOP ( 'NONE', ( #5857, #4338, #10203, #8507 ) ) ;
#1682 =( LENGTH_UNIT ( ) NAMED_UNIT ( * ) SI_UNIT ( .MILLI., .METRE. ) );
#1683 = DIRECTION ( 'NONE',  ( 0.000000000000000000, -0.000000000000000000, 1.000000000000000000 ) ) ;
#1684 = EDGE_LOOP ( 'NONE', ( #5986, #2623 ) ) ;
#1685 = ORIENTED_EDGE ( 'NONE', *, *, #1201, .T. ) ;
#1686 = DIRECTION ( 'NONE',  ( -1.000000000000000000, 0.000000000000000000, -0.000000000000000000 ) ) ;
#1687 = DIRECTION ( 'NONE',  ( 3.469446951953613696E-16, 0.000000000000000000, 1.000000000000000000 ) ) ;
#1688 = CARTESIAN_POINT ( 'NONE',  ( 14.02666711570002356, 117.6773437519558030, -56.28069002861812464 ) ) ;
#1689 = CARTESIAN_POINT ( 'NONE',  ( -48.08326112068524338, 82.50000000000001421, -3.469446951953614189E-14 ) ) ;
#1690 = VECTOR ( 'NONE', #2892, 1000.000000000000000 ) ;
#1691 = DIRECTION ( 'NONE',  ( 0.000000000000000000, 1.000000000000000000, 0.000000000000000000 ) ) ;
#1692 = ORIENTED_EDGE ( 'NONE', *, *, #2481, .T. ) ;
#1693 = EDGE_CURVE ( 'NONE', #8514, #7085, #8088, .T. ) ;
#1694 = FACE_OUTER_BOUND ( 'NONE', #6693, .T. ) ;
#1695 = EDGE_CURVE ( 'NONE', #3155, #8174, #5310, .T. ) ;
#1696 = CARTESIAN_POINT ( 'NONE',  ( 43.07323073580970885, 118.8888371474118912, 38.86570666771056182 ) ) ;
#1697 = EDGE_CURVE ( 'NONE', #496, #6300, #5707, .T. ) ;
#1698 = CARTESIAN_POINT ( 'NONE',  ( -69.79217455676686654, 118.5240787878594091, 21.40293333360101258 ) ) ;
#1699 = SURFACE_SIDE_STYLE ('',( #8883 ) ) ;
#1700 = CARTESIAN_POINT ( 'NONE',  ( -72.31182475916381236, 51.00000000000000711, -9.999999999999197087 ) ) ;
#1701 = DIRECTION ( 'NONE',  ( 0.000000000000000000, 0.000000000000000000, -1.000000000000000000 ) ) ;
#1702 =( NAMED_UNIT ( * ) PLANE_ANGLE_UNIT ( ) SI_UNIT ( $, .RADIAN. ) );
#1703 = DIRECTION ( 'NONE',  ( 0.000000000000000000, 1.000000000000000000, 0.000000000000000000 ) ) ;
#1704 = CIRCLE ( 'NONE', #9662, 52.99999999999999289 ) ;
#1705 = ADVANCED_FACE ( 'NONE', ( #165 ), #7438, .F. ) ;
#1706 = DIRECTION ( 'NONE',  ( 1.000000000000000000, 0.000000000000000000, 0.000000000000000000 ) ) ;
#1707 = ORIENTED_EDGE ( 'NONE', *, *, #6235, .T. ) ;
#1708 = EDGE_CURVE ( 'NONE', #10382, #7766, #1464, .T. ) ;
#1709 =( GEOMETRIC_REPRESENTATION_CONTEXT ( 3 ) GLOBAL_UNCERTAINTY_ASSIGNED_CONTEXT ( ( #5948 ) ) GLOBAL_UNIT_ASSIGNED_CONTEXT ( ( #2249, #6466, #7280 ) ) REPRESENTATION_CONTEXT ( 'NONE', 'WORKASPACE' ) );
#1710 = CARTESIAN_POINT ( 'NONE',  ( 41.66310588047436880, 10.00000000000000000, 41.66310588047443275 ) ) ;
#1711 = EDGE_CURVE ( 'NONE', #4273, #456, #2401, .T. ) ;
#1712 = CARTESIAN_POINT ( 'NONE',  ( 42.42640687119286014, -6.000000000000000000, 1.524678165548779904E-13 ) ) ;
#1713 = CARTESIAN_POINT ( 'NONE',  ( -42.82805338105869453, 124.4718737078319180, -39.13041163837529268 ) ) ;
#1714 = VECTOR ( 'NONE', #2127, 1000.000000000000000 ) ;
#1715 = EDGE_CURVE ( 'NONE', #1898, #1105, #5977, .T. ) ;
#1716 = CARTESIAN_POINT ( 'NONE',  ( -50.20537555253024919, 117.9780511645802221, -53.12439571018265383 ) ) ;
#1717 = DIRECTION ( 'NONE',  ( 0.000000000000000000, 1.000000000000000000, 0.000000000000000000 ) ) ;
#1718 = DIRECTION ( 'NONE',  ( 1.047444401652940007E-14, 0.000000000000000000, 1.000000000000000000 ) ) ;
#1719 = PLANE ( 'NONE',  #5751 ) ;
#1720 = CARTESIAN_POINT ( 'NONE',  ( -42.82369968228920243, 118.5222817498869290, -39.13509710254810869 ) ) ;
#1721 = AXIS2_PLACEMENT_3D ( 'NONE', #7045, #7747, #8666 ) ;
#1722 = DIRECTION ( 'NONE',  ( -0.000000000000000000, -1.000000000000000000, -0.000000000000000000 ) ) ;
#1723 = CARTESIAN_POINT ( 'NONE',  ( 39.28079036433585003, 118.3609155209749986, 42.68780999039652357 ) ) ;
#1724 = AXIS2_PLACEMENT_3D ( 'NONE', #10236, #7614, #877 ) ;
#1725 =( NAMED_UNIT ( * ) PLANE_ANGLE_UNIT ( ) SI_UNIT ( $, .RADIAN. ) );
#1726 = DIRECTION ( 'NONE',  ( -0.000000000000000000, -1.000000000000000000, -0.000000000000000000 ) ) ;
#1727 = DIRECTION ( 'NONE',  ( 0.000000000000000000, 1.000000000000000000, 0.000000000000000000 ) ) ;
#1728 = DIRECTION ( 'NONE',  ( 0.000000000000000000, 0.000000000000000000, -1.000000000000000000 ) ) ;
#1729 = FACE_BOUND ( 'NONE', #9556, .T. ) ;
#1730 = LINE ( 'NONE', #5098, #3873 ) ;
#1731 = CARTESIAN_POINT ( 'NONE',  ( -7.999999999999998224, 34.49723871438966682, -58.20458146424466150 ) ) ;
#1732 = VECTOR ( 'NONE', #3885, 1000.000000000000000 ) ;
#1733 = FACE_OUTER_BOUND ( 'NONE', #72, .T. ) ;
#1734 = AXIS2_PLACEMENT_3D ( 'NONE', #8208, #674, #10769 ) ;
#1735 =( NAMED_UNIT ( * ) SI_UNIT ( $, .STERADIAN. ) SOLID_ANGLE_UNIT ( ) );
#1736 = AXIS2_PLACEMENT_3D ( 'NONE', #10604, #6374, #8184 ) ;
#1737 = CARTESIAN_POINT ( 'NONE',  ( 5.000000000000007994, 107.4999999999999858, -70.82372483850309663 ) ) ;
#1738 = DIRECTION ( 'NONE',  ( 0.000000000000000000, 1.000000000000000000, 0.000000000000000000 ) ) ;
#1739 = ORIENTED_EDGE ( 'NONE', *, *, #1771, .T. ) ;
#1740 = LINE ( 'NONE', #573, #6785 ) ;
#1741 = LINE ( 'NONE', #9535, #1077 ) ;
#1742 = ORIENTED_EDGE ( 'NONE', *, *, #10578, .T. ) ;
#1743 = CARTESIAN_POINT ( 'NONE',  ( -14.01805839472417681, 117.5494486574988713, 56.28992192276926687 ) ) ;
#1744 = ORIENTED_EDGE ( 'NONE', *, *, #1850, .T. ) ;
#1745 = ADVANCED_FACE ( 'NONE', ( #4909 ), #10915, .F. ) ;
#1746 = CARTESIAN_POINT ( 'NONE',  ( 0.000000000000000000, 12.99999999999999822, 0.000000000000000000 ) ) ;
#1747 = ORIENTED_EDGE ( 'NONE', *, *, #9132, .T. ) ;
#1748 = DIRECTION ( 'NONE',  ( 0.7071067811865482389, 0.000000000000000000, -0.7071067811865469066 ) ) ;
#1749 = ORIENTED_EDGE ( 'NONE', *, *, #325, .T. ) ;
#1750 =( BOUNDED_CURVE ( )  B_SPLINE_CURVE ( 3, ( #1840, #167, #9544, #1878 ),
 .UNSPECIFIED., .F., .F. ) 
 B_SPLINE_CURVE_WITH_KNOTS ( ( 4, 4 ),
 ( 0.000000000000000000, 0.5542501482157283776 ),
 .UNSPECIFIED. ) 
 CURVE ( )  GEOMETRIC_REPRESENTATION_ITEM ( )  RATIONAL_B_SPLINE_CURVE ( ( 1.000000000000000000, 0.9745639783809201262, 0.9745639783809201262, 1.000000000000000000 ) ) 
 REPRESENTATION_ITEM ( '' )  );
#1751 = EDGE_CURVE ( 'NONE', #3423, #6281, #7555, .T. ) ;
#1752 = CARTESIAN_POINT ( 'NONE',  ( -43.07323073567448546, 118.8888371471682319, -38.86570666785657124 ) ) ;
#1753 = COLOUR_RGB ( '',1.000000000000000000, 0.5019607843137254832, 0.7529411764705882248 ) ;
#1754 = SURFACE_STYLE_FILL_AREA ( #1086 ) ;
#1755 = ORIENTED_EDGE ( 'NONE', *, *, #2583, .T. ) ;
#1756 = PLANE ( 'NONE',  #3364 ) ;
#1757 = VERTEX_POINT ( 'NONE', #10087 ) ;
#1758 = ORIENTED_EDGE ( 'NONE', *, *, #10184, .T. ) ;
#1759 = ORIENTED_EDGE ( 'NONE', *, *, #941, .F. ) ;
#1760 = VERTEX_POINT ( 'NONE', #7478 ) ;
#1761 = DIRECTION ( 'NONE',  ( -0.000000000000000000, 1.000000000000000000, -0.000000000000000000 ) ) ;
#1762 = CARTESIAN_POINT ( 'NONE',  ( -57.00694410957883207, 33.00000000000000000, -5.999999999999403144 ) ) ;
#1763 = CARTESIAN_POINT ( 'NONE',  ( 0.000000000000000000, 127.5000000000000000, 63.91067609231115654 ) ) ;
#1764 = EDGE_CURVE ( 'NONE', #346, #3767, #4387, .T. ) ;
#1765 = FACE_OUTER_BOUND ( 'NONE', #10116, .T. ) ;
#1766 = LINE ( 'NONE', #6105, #6137 ) ;
#1767 = ORIENTED_EDGE ( 'NONE', *, *, #4750, .F. ) ;
#1768 = AXIS2_PLACEMENT_3D ( 'NONE', #6036, #5990, #3424 ) ;
#1769 = EDGE_LOOP ( 'NONE', ( #3542, #457, #9974, #10210 ) ) ;
#1770 = CARTESIAN_POINT ( 'NONE',  ( -21.75367490887660793, 124.1088354730031398, 69.68364697729721513 ) ) ;
#1771 = EDGE_CURVE ( 'NONE', #8794, #6912, #10619, .T. ) ;
#1772 = ORIENTED_EDGE ( 'NONE', *, *, #10722, .T. ) ;
#1773 = DIRECTION ( 'NONE',  ( 1.000000000000000000, 0.000000000000000000, -3.491481338843132961E-15 ) ) ;
#1774 = EDGE_LOOP ( 'NONE', ( #8114, #3563, #2050, #7487 ) ) ;
#1775 = ORIENTED_EDGE ( 'NONE', *, *, #3007, .T. ) ;
#1776 = AXIS2_PLACEMENT_3D ( 'NONE', #10601, #10667, #2975 ) ;
#1777 = VECTOR ( 'NONE', #694, 1000.000000000000000 ) ;
#1778 = ORIENTED_EDGE ( 'NONE', *, *, #3410, .T. ) ;
#1779 = CARTESIAN_POINT ( 'NONE',  ( -69.97856814768357481, 12.99999999999999822, 12.00000000000026112 ) ) ;
#1780 = DIRECTION ( 'NONE',  ( 1.000000000000000000, 0.000000000000000000, -3.838426034038494774E-15 ) ) ;
#1781 = EDGE_LOOP ( 'NONE', ( #97, #9703, #1518, #7379 ) ) ;
#1782 = CIRCLE ( 'NONE', #2735, 8.000000000000000000 ) ;
#1783 = DIRECTION ( 'NONE',  ( 0.000000000000000000, 1.000000000000000000, 0.000000000000000000 ) ) ;
#1784 = ORIENTED_EDGE ( 'NONE', *, *, #2583, .F. ) ;
#1785 = ORIENTED_EDGE ( 'NONE', *, *, #2835, .F. ) ;
#1786 = ORIENTED_EDGE ( 'NONE', *, *, #1751, .F. ) ;
#1787 = DIRECTION ( 'NONE',  ( -0.000000000000000000, -1.000000000000000000, -0.000000000000000000 ) ) ;
#1789 = SURFACE_STYLE_FILL_AREA ( #8165 ) ;
#1788 = CARTESIAN_POINT ( 'NONE',  ( -41.08284750872506663, 0.000000000000000000, -19.16253729194187372 ) ) ;
#1790 = CIRCLE ( 'NONE', #3054, 5.000000000000004441 ) ;
#1791 = ORIENTED_EDGE ( 'NONE', *, *, #5667, .T. ) ;
#1792 = CARTESIAN_POINT ( 'NONE',  ( 29.97765431706064021, 10.00000000000000000, 59.22392810244902250 ) ) ;
#1793 = EDGE_CURVE ( 'NONE', #99, #2602, #7181, .T. ) ;
#1794 = DIRECTION ( 'NONE',  ( 0.000000000000000000, -0.000000000000000000, 1.000000000000000000 ) ) ;
#1795 = VECTOR ( 'NONE', #179, 1000.000000000000000 ) ;
#1796 = CARTESIAN_POINT ( 'NONE',  ( 11.16829528477585498, 121.7545221336511361, -56.94275834298968419 ) ) ;
#1797 = VERTEX_POINT ( 'NONE', #700 ) ;
#1798 = ORIENTED_EDGE ( 'NONE', *, *, #8456, .F. ) ;
#1799 = CARTESIAN_POINT ( 'NONE',  ( -70.82372483850309663, 107.4999999999999858, -5.000000000000254907 ) ) ;
#1800 = CARTESIAN_POINT ( 'NONE',  ( 69.97856814768357481, 72.00000000000000000, -12.00000000000026112 ) ) ;
#1801 = CIRCLE ( 'NONE', #7960, 1.849999999999997424 ) ;
#1802 = ORIENTED_EDGE ( 'NONE', *, *, #10207, .T. ) ;
#1803 = CARTESIAN_POINT ( 'NONE',  ( 52.41022641300188667, 117.5494486574988855, 50.95570889115192159 ) ) ;
#1804 = CARTESIAN_POINT ( 'NONE',  ( 72.31182475916365604, 51.00000000000000711, -10.00000000000030020 ) ) ;
#1805 = CARTESIAN_POINT ( 'NONE',  ( 39.58826773067676896, 124.9483717535311200, 42.40003162192176944 ) ) ;
#1806 = DIRECTION ( 'NONE',  ( 1.071310554614183363E-16, 0.000000000000000000, -1.000000000000000000 ) ) ;
#1807 = ORIENTED_EDGE ( 'NONE', *, *, #3702, .F. ) ;
#1808 = ORIENTED_EDGE ( 'NONE', *, *, #5821, .T. ) ;
#1809 = CARTESIAN_POINT ( 'NONE',  ( 15.02265631979615712, 72.00000000000000000, -66.18446766623708299 ) ) ;
#1810 = ADVANCED_FACE ( 'NONE', ( #7433 ), #7958, .F. ) ;
#1811 = VECTOR ( 'NONE', #7691, 1000.000000000000000 ) ;
#1812 = VECTOR ( 'NONE', #5570, 1000.000000000000000 ) ;
#1813 = FACE_OUTER_BOUND ( 'NONE', #6901, .T. ) ;
#1814 = DIRECTION ( 'NONE',  ( -0.000000000000000000, -1.000000000000000000, -0.000000000000000000 ) ) ;
#1815 = DIRECTION ( 'NONE',  ( -0.7071067811865457964, 0.000000000000000000, 0.7071067811865492381 ) ) ;
#1816 = PLANE ( 'NONE',  #1137 ) ;
#1817 = CARTESIAN_POINT ( 'NONE',  ( 42.42640687119286014, 107.4999999999999858, 1.524678165548779904E-13 ) ) ;
#1818 = PRESENTATION_LAYER_ASSIGNMENT (  '', '', ( #144 ) ) ;
#1819 = CARTESIAN_POINT ( 'NONE',  ( 56.29251804435970996, 125.4510427797605132, -14.00847227849662602 ) ) ;
#1820 = CARTESIAN_POINT ( 'NONE',  ( 24.04163056034260038, 31.50000000000000000, 24.04163056034261103 ) ) ;
#1821 = CYLINDRICAL_SURFACE ( 'NONE', #9303, 3.949999999999995293 ) ;
#1822 = CARTESIAN_POINT ( 'NONE',  ( 0.000000000000000000, 15.00000000000000000, 0.000000000000000000 ) ) ;
#1823 = ORIENTED_EDGE ( 'NONE', *, *, #5960, .T. ) ;
#1824 = CARTESIAN_POINT ( 'NONE',  ( -62.00694410957888891, 53.00000000000000711, -11.99999999999930722 ) ) ;
#1825 = CARTESIAN_POINT ( 'NONE',  ( 11.19456087367802155, 122.0148544265366013, -56.93723756926941348 ) ) ;
#1826 = EDGE_CURVE ( 'NONE', #5747, #7838, #6107, .T. ) ;
#1827 = DIRECTION ( 'NONE',  ( 0.000000000000000000, 0.000000000000000000, 1.000000000000000000 ) ) ;
#1828 = FACE_OUTER_BOUND ( 'NONE', #3648, .T. ) ;
#1829 = EDGE_CURVE ( 'NONE', #8639, #718, #10200, .T. ) ;
#1830 =( NAMED_UNIT ( * ) SI_UNIT ( $, .STERADIAN. ) SOLID_ANGLE_UNIT ( ) );
#1831 = FILL_AREA_STYLE_COLOUR ( '', #4050 ) ;
#1832 = FILL_AREA_STYLE_COLOUR ( '', #8471 ) ;
#1833 = UNCERTAINTY_MEASURE_WITH_UNIT (LENGTH_MEASURE( 1.000000000000000082E-05 ), #6215, 'distance_accuracy_value', 'NONE');
#1834 = CARTESIAN_POINT ( 'NONE',  ( 71.51925244709103424, 121.5000000000000284, -15.07418502385545089 ) ) ;
#1835 = AXIS2_PLACEMENT_3D ( 'NONE', #3376, #10191, #2631 ) ;
#1836 = FACE_BOUND ( 'NONE', #6813, .T. ) ;
#1837 = CARTESIAN_POINT ( 'NONE',  ( -15.02265631979638805, 72.00000000000000000, -66.18446766623706878 ) ) ;
#1838 = CIRCLE ( 'NONE', #6109, 8.000000000000000000 ) ;
#1839 = EDGE_CURVE ( 'NONE', #7103, #8859, #2802, .T. ) ;
#1840 = CARTESIAN_POINT ( 'NONE',  ( -58.20458146424550705, 33.00000000000000000, 8.000000000000609290 ) ) ;
#1841 =( GEOMETRIC_REPRESENTATION_CONTEXT ( 3 ) GLOBAL_UNCERTAINTY_ASSIGNED_CONTEXT ( ( #7109 ) ) GLOBAL_UNIT_ASSIGNED_CONTEXT ( ( #8511, #3435, #5965 ) ) REPRESENTATION_CONTEXT ( 'NONE', 'WORKASPACE' ) );
#1842 = ADVANCED_FACE ( 'NONE', ( #3470 ), #9282, .F. ) ;
#1843 = FILL_AREA_STYLE ('',( #5268 ) ) ;
#1844 = DIRECTION ( 'NONE',  ( 0.000000000000000000, -1.000000000000000000, 0.000000000000000000 ) ) ;
#1845 = DIRECTION ( 'NONE',  ( -0.000000000000000000, -1.000000000000000000, -0.000000000000000000 ) ) ;
#1846 =( BOUNDED_CURVE ( )  B_SPLINE_CURVE ( 3, ( #4964, #3199, #5817, #2387 ),
 .UNSPECIFIED., .F., .F. ) 
 B_SPLINE_CURVE_WITH_KNOTS ( ( 4, 4 ),
 ( 5.728935158964029384, 6.283185307179586232 ),
 .UNSPECIFIED. ) 
 CURVE ( )  GEOMETRIC_REPRESENTATION_ITEM ( )  RATIONAL_B_SPLINE_CURVE ( ( 1.000000000000000000, 0.9745639783809357803, 0.9745639783809357803, 1.000000000000000000 ) ) 
 REPRESENTATION_ITEM ( '' )  );
#1847 = DIRECTION ( 'NONE',  ( 0.000000000000000000, 0.000000000000000000, 1.000000000000000000 ) ) ;
#1848 = FACE_OUTER_BOUND ( 'NONE', #4829, .T. ) ;
#1849 = CYLINDRICAL_SURFACE ( 'NONE', #10830, 69.74567609231115739 ) ;
#1850 = EDGE_CURVE ( 'NONE', #5460, #8380, #1210, .T. ) ;
#1851 = DIRECTION ( 'NONE',  ( 0.7071067811865474617, -0.000000000000000000, 0.7071067811865476838 ) ) ;
#1852 = AXIS2_PLACEMENT_3D ( 'NONE', #3580, #2692, #7754 ) ;
#1853 = PLANE ( 'NONE',  #7266 ) ;
#1854 = VECTOR ( 'NONE', #2824, 1000.000000000000000 ) ;
#1855 = ADVANCED_FACE ( 'NONE', ( #8348 ), #430, .F. ) ;
#1856 = DIRECTION ( 'NONE',  ( 0.000000000000000000, 1.000000000000000000, 0.000000000000000000 ) ) ;
#1857 = FACE_OUTER_BOUND ( 'NONE', #4051, .T. ) ;
#1858 = FACE_OUTER_BOUND ( 'NONE', #8279, .T. ) ;
#1859 = CARTESIAN_POINT ( 'NONE',  ( -40.82921786907299122, 117.5501411762658677, -41.19515818825274067 ) ) ;
#1860 = CARTESIAN_POINT ( 'NONE',  ( 11.99999999999995737, 12.99999999999999822, -69.97856814768363165 ) ) ;
#1861 = EDGE_LOOP ( 'NONE', ( #5780, #6389, #7367 ) ) ;
#1862 = DIRECTION ( 'NONE',  ( 0.000000000000000000, 1.000000000000000000, 0.000000000000000000 ) ) ;
#1863 = ORIENTED_EDGE ( 'NONE', *, *, #2377, .T. ) ;
#1864 = AXIS2_PLACEMENT_3D ( 'NONE', #3964, #6513, #8100 ) ;
#1865 = VECTOR ( 'NONE', #8245, 1000.000000000000000 ) ;
#1866 = ADVANCED_FACE ( 'NONE', ( #5454 ), #1054, .F. ) ;
#1867 = LINE ( 'NONE', #1215, #1732 ) ;
#1868 = DIRECTION ( 'NONE',  ( 0.000000000000000000, 0.000000000000000000, 1.000000000000000000 ) ) ;
#1869 = DIRECTION ( 'NONE',  ( 0.000000000000000000, 0.000000000000000000, -1.000000000000000000 ) ) ;
#1870 = VERTEX_POINT ( 'NONE', #879 ) ;
#1871 = CARTESIAN_POINT ( 'NONE',  ( 57.93661858324087888, 10.00000000000000000, 36.72341514764446657 ) ) ;
#1872 = CARTESIAN_POINT ( 'NONE',  ( 0.000000000000000000, 33.00000000000000000, 57.00694410957876812 ) ) ;
#1873 = CARTESIAN_POINT ( 'NONE',  ( 54.89806205480692824, 121.4985874826541874, -18.79923204477180221 ) ) ;
#1874 = DIRECTION ( 'NONE',  ( 1.000000000000000000, -0.000000000000000000, -3.491481338843133355E-15 ) ) ;
#1875 = ORIENTED_EDGE ( 'NONE', *, *, #5829, .F. ) ;
#1876 = DIRECTION ( 'NONE',  ( -0.7071067811865475727, 0.000000000000000000, -0.7071067811865474617 ) ) ;
#1877 = DIRECTION ( 'NONE',  ( 0.000000000000000000, 0.000000000000000000, 1.000000000000000000 ) ) ;
#1878 = CARTESIAN_POINT ( 'NONE',  ( -57.00694410957869707, 28.78955317794233082, 6.802362645333793978 ) ) ;
#1879 = LINE ( 'NONE', #4670, #7454 ) ;
#1880 = VERTEX_POINT ( 'NONE', #5171 ) ;
#1881 = DIRECTION ( 'NONE',  ( -0.000000000000000000, -1.000000000000000000, -0.000000000000000000 ) ) ;
#1882 = DIRECTION ( 'NONE',  ( -0.7071067811865476838, -2.040851148208008984E-16, 0.7071067811865474617 ) ) ;
#1883 = CARTESIAN_POINT ( 'NONE',  ( -16.00533540917135511, 118.8879053478042493, 71.22402981497690178 ) ) ;
#1884 = VERTEX_POINT ( 'NONE', #133 ) ;
#1885 = SURFACE_STYLE_USAGE ( .BOTH. , #1031 ) ;
#1886 = ORIENTED_EDGE ( 'NONE', *, *, #8881, .F. ) ;
#1887 = ORIENTED_EDGE ( 'NONE', *, *, #7326, .F. ) ;
#1888 = DIRECTION ( 'NONE',  ( 1.000000000000000000, 0.000000000000000000, 0.000000000000000000 ) ) ;
#1889 = LINE ( 'NONE', #6700, #1090 ) ;
#1890 = ORIENTED_EDGE ( 'NONE', *, *, #941, .T. ) ;
#1891 = DIRECTION ( 'NONE',  ( -0.7071067811865476838, 0.000000000000000000, 0.7071067811865474617 ) ) ;
#1892 = EDGE_CURVE ( 'NONE', #1095, #3486, #5178, .T. ) ;
#1893 = CARTESIAN_POINT ( 'NONE',  ( -49.88640044956873965, 124.6386556455850609, -53.29534173263517971 ) ) ;
#1894 = ORIENTED_EDGE ( 'NONE', *, *, #4609, .F. ) ;
#1895 = EDGE_CURVE ( 'NONE', #5372, #3904, #3332, .T. ) ;
#1896 = CARTESIAN_POINT ( 'NONE',  ( -43.71207129064796959, 120.9840231386563687, -38.16310591439155786 ) ) ;
#1897 = ORIENTED_EDGE ( 'NONE', *, *, #4552, .T. ) ;
#1898 = VERTEX_POINT ( 'NONE', #5210 ) ;
#1899 = DIRECTION ( 'NONE',  ( 0.000000000000000000, 1.000000000000000000, 0.000000000000000000 ) ) ;
#1900 = DIRECTION ( 'NONE',  ( -0.000000000000000000, -1.000000000000000000, -0.000000000000000000 ) ) ;
#1901 = LINE ( 'NONE', #1013, #8655 ) ;
#1902 = EDGE_LOOP ( 'NONE', ( #2023, #3443, #9876, #3214 ) ) ;
#1903 = DIRECTION ( 'NONE',  ( -0.7071067811865474617, 0.000000000000000000, -0.7071067811865476838 ) ) ;
#1904 = AXIS2_PLACEMENT_3D ( 'NONE', #2030, #3882, #4591 ) ;
#1905 = ORIENTED_EDGE ( 'NONE', *, *, #2283, .T. ) ;
#1906 = ORIENTED_EDGE ( 'NONE', *, *, #6088, .F. ) ;
#1907 =( LENGTH_UNIT ( ) NAMED_UNIT ( * ) SI_UNIT ( .MILLI., .METRE. ) );
#1908 = CARTESIAN_POINT ( 'NONE',  ( -66.18446766623713984, 0.000000000000000000, -15.02265631979592619 ) ) ;
#1909 = VERTEX_POINT ( 'NONE', #10128 ) ;
#1910 = CARTESIAN_POINT ( 'NONE',  ( 0.000000000000000000, 53.00000000000000711, 63.91067609231115654 ) ) ;
#1911 = FILL_AREA_STYLE ('',( #7792 ) ) ;
#1912 = EDGE_LOOP ( 'NONE', ( #3898, #1108 ) ) ;
#1913 = EDGE_CURVE ( 'NONE', #5347, #5865, #9147, .T. ) ;
#1914 = ORIENTED_EDGE ( 'NONE', *, *, #8727, .F. ) ;
#1915 = PLANE ( 'NONE',  #7795 ) ;
#1916 = AXIS2_PLACEMENT_3D ( 'NONE', #8501, #6855, #3454 ) ;
#1917 = ADVANCED_FACE ( 'NONE', ( #6896 ), #2662, .F. ) ;
#1918 = FACE_OUTER_BOUND ( 'NONE', #3689, .T. ) ;
#1919 = ORIENTED_EDGE ( 'NONE', *, *, #6553, .F. ) ;
#1920 = CARTESIAN_POINT ( 'NONE',  ( -64.00694410957865443, 51.00000000000000711, 10.00000000000071232 ) ) ;
#1921 = EDGE_CURVE ( 'NONE', #9828, #3070, #7302, .T. ) ;
#1922 = DIRECTION ( 'NONE',  ( 0.000000000000000000, 1.000000000000000000, 0.000000000000000000 ) ) ;
#1923 = LINE ( 'NONE', #2977, #10122 ) ;
#1924 = DIRECTION ( 'NONE',  ( -0.7071067811865479058, 0.000000000000000000, 0.7071067811865472397 ) ) ;
#1925 = EDGE_CURVE ( 'NONE', #5722, #2183, #1331, .T. ) ;
#1926 = ORIENTED_EDGE ( 'NONE', *, *, #5409, .F. ) ;
#1927 = AXIS2_PLACEMENT_3D ( 'NONE', #5426, #8045, #3866 ) ;
#1928 = ORIENTED_EDGE ( 'NONE', *, *, #907, .F. ) ;
#1929 = DIRECTION ( 'NONE',  ( 0.000000000000000000, 0.000000000000000000, 1.000000000000000000 ) ) ;
#1930 = PLANE ( 'NONE',  #1378 ) ;
#1931 = ORIENTED_EDGE ( 'NONE', *, *, #956, .F. ) ;
#1932 = CARTESIAN_POINT ( 'NONE',  ( 6.123233995736779101E-16, 110.4999999999999858, -68.91067609231116364 ) ) ;
#1933 = DIRECTION ( 'NONE',  ( 0.7071067811865499042, 0.000000000000000000, 0.7071067811865451302 ) ) ;
#1934 = VECTOR ( 'NONE', #1250, 999.9999999999998863 ) ;
#1935 = VERTEX_POINT ( 'NONE', #1873 ) ;
#1936 = ADVANCED_FACE ( 'NONE', ( #3865 ), #9933, .F. ) ;
#1937 = CARTESIAN_POINT ( 'NONE',  ( -28.70847883796041700, 72.00000000000000000, 28.70847883796040989 ) ) ;
#1938 = AXIS2_PLACEMENT_3D ( 'NONE', #7342, #7385, #8305 ) ;
#1939 = CARTESIAN_POINT ( 'NONE',  ( -66.18446766623713984, 0.000000000000000000, -13.17265631979592300 ) ) ;
#1940 = ORIENTED_EDGE ( 'NONE', *, *, #1410, .F. ) ;
#1941 = EDGE_LOOP ( 'NONE', ( #7785, #2043, #5316, #3350 ) ) ;
#1942 = CARTESIAN_POINT ( 'NONE',  ( -2.428612866367529932E-14, 6.983260063331909231E-15, 48.08326112068522917 ) ) ;
#1943 = LINE ( 'NONE', #1820, #6185 ) ;
#1944 = CARTESIAN_POINT ( 'NONE',  ( -54.33637006240828526, 122.0203950542955340, -48.74996295871354590 ) ) ;
#1945 = AXIS2_PLACEMENT_3D ( 'NONE', #4807, #4776, #1362 ) ;
#1946 = CIRCLE ( 'NONE', #8186, 71.00000000000001421 ) ;
#1947 = DIRECTION ( 'NONE',  ( -3.838426034038494774E-15, 0.000000000000000000, -1.000000000000000000 ) ) ;
#1948 = ORIENTED_EDGE ( 'NONE', *, *, #851, .F. ) ;
#1949 = STYLED_ITEM ( 'NONE', ( #4860 ), #4814 ) ;
#1950 = CARTESIAN_POINT ( 'NONE',  ( 11.36946005040672958, 122.7685841803808700, -56.90014579346544110 ) ) ;
#1951 = DIRECTION ( 'NONE',  ( 0.000000000000000000, 1.000000000000000000, -0.000000000000000000 ) ) ;
#1952 = LINE ( 'NONE', #6093, #7261 ) ;
#1953 = CARTESIAN_POINT ( 'NONE',  ( 0.000000000000000000, 107.4999999999999858, 67.86067609231115227 ) ) ;
#1954 = EDGE_LOOP ( 'NONE', ( #2456, #7861, #4705, #5221 ) ) ;
#1955 = VERTEX_POINT ( 'NONE', #5366 ) ;
#1956 = DIRECTION ( 'NONE',  ( 0.7071067811865474617, 0.000000000000000000, 0.7071067811865474617 ) ) ;
#1957 = CARTESIAN_POINT ( 'NONE',  ( 0.000000000000000000, 112.4999999999999858, 0.000000000000000000 ) ) ;
#1958 = EDGE_CURVE ( 'NONE', #4068, #9901, #10742, .T. ) ;
#1959 = DIRECTION ( 'NONE',  ( -0.7071067811865474617, 0.000000000000000000, -0.7071067811865476838 ) ) ;
#1960 = DIRECTION ( 'NONE',  ( -0.000000000000000000, -1.000000000000000000, -0.000000000000000000 ) ) ;
#1961 =( LENGTH_UNIT ( ) NAMED_UNIT ( * ) SI_UNIT ( .MILLI., .METRE. ) );
#1962 = LINE ( 'NONE', #758, #2234 ) ;
#1963 = DIRECTION ( 'NONE',  ( 0.000000000000000000, 1.000000000000000000, 0.000000000000000000 ) ) ;
#1964 = ORIENTED_EDGE ( 'NONE', *, *, #6818, .T. ) ;
#1965 = LINE ( 'NONE', #8129, #647 ) ;
#1966 = STYLED_ITEM ( 'NONE', ( #4149 ), #6869 ) ;
#1967 = CARTESIAN_POINT ( 'NONE',  ( -3.005988244198139631E-13, -6.000000000000000000, 44.27640687119286866 ) ) ;
#1968 = DIRECTION ( 'NONE',  ( 0.000000000000000000, 0.000000000000000000, 1.000000000000000000 ) ) ;
#1969 =( LENGTH_UNIT ( ) NAMED_UNIT ( * ) SI_UNIT ( .MILLI., .METRE. ) );
#1970 = CARTESIAN_POINT ( 'NONE',  ( -56.94273243253066852, 121.5000000000000142, 11.16841825749757078 ) ) ;
#1971 = CARTESIAN_POINT ( 'NONE',  ( -63.91067609231117075, 107.4999999999999858, 4.999999999999785061 ) ) ;
#1972 = VECTOR ( 'NONE', #4949, 1000.000000000000114 ) ;
#1973 = ORIENTED_EDGE ( 'NONE', *, *, #4344, .T. ) ;
#1974 = CARTESIAN_POINT ( 'NONE',  ( 0.000000000000000000, 109.4999999999999858, 0.000000000000000000 ) ) ;
#1975 = ADVANCED_FACE ( 'NONE', ( #9941 ), #9538, .F. ) ;
#1976 = CIRCLE ( 'NONE', #3567, 73.00000000000001421 ) ;
#1977 = PLANE ( 'NONE',  #2026 ) ;
#1978 = CARTESIAN_POINT ( 'NONE',  ( -48.75010186514683852, 121.7575824981555144, -54.33624543652059913 ) ) ;
#1979 = PRESENTATION_STYLE_ASSIGNMENT (( #9150 ) ) ;
#1980 = CARTESIAN_POINT ( 'NONE',  ( 0.000000000000000000, 107.4989999999999810, -63.91067609231115654 ) ) ;
#1981 = CARTESIAN_POINT ( 'NONE',  ( -41.75203344611041700, 125.4489532522287050, -40.27227307179747839 ) ) ;
#1982 = DIRECTION ( 'NONE',  ( 0.000000000000000000, -0.000000000000000000, 1.000000000000000000 ) ) ;
#1983 = DIRECTION ( 'NONE',  ( 0.7071067811865474617, -0.000000000000000000, 0.7071067811865476838 ) ) ;
#1984 = EDGE_CURVE ( 'NONE', #3741, #8239, #7167, .T. ) ;
#1985 = CARTESIAN_POINT ( 'NONE',  ( 17.90228804264923568, 117.6790451270220217, -70.77127183255319665 ) ) ;
#1986 = AXIS2_PLACEMENT_3D ( 'NONE', #10558, #353, #4659 ) ;
#1987 = VECTOR ( 'NONE', #2675, 1000.000000000000114 ) ;
#1988 = EDGE_CURVE ( 'NONE', #1527, #10382, #7677, .T. ) ;
#1989 =( BOUNDED_CURVE ( )  B_SPLINE_CURVE ( 3, ( #5805, #734, #5838, #6735 ),
 .UNSPECIFIED., .F., .T. ) 
 B_SPLINE_CURVE_WITH_KNOTS ( ( 4, 4 ),
 ( 0.000000000000000000, 0.5542501482155569592 ),
 .UNSPECIFIED. ) 
 CURVE ( )  GEOMETRIC_REPRESENTATION_ITEM ( )  RATIONAL_B_SPLINE_CURVE ( ( 1.000000000000000000, 0.9745639783809357803, 0.9745639783809357803, 1.000000000000000000 ) ) 
 REPRESENTATION_ITEM ( '' )  );
#1990 = LINE ( 'NONE', #8764, #8470 ) ;
#1991 = ADVANCED_FACE ( 'NONE', ( #425, #4239 ), #3626, .F. ) ;
#1992 = CARTESIAN_POINT ( 'NONE',  ( -41.08284750872500979, 72.00000000000000000, 19.16253729194202293 ) ) ;
#1993 = SURFACE_STYLE_USAGE ( .BOTH. , #6179 ) ;
#1994 = EDGE_CURVE ( 'NONE', #9179, #3903, #5826, .T. ) ;
#1995 = MECHANICAL_DESIGN_GEOMETRIC_PRESENTATION_REPRESENTATION (  '', ( #9787 ), #5031 ) ;
#1996 = CARTESIAN_POINT ( 'NONE',  ( 0.000000000000000000, 15.00000000000000178, 0.000000000000000000 ) ) ;
#1997 = DIRECTION ( 'NONE',  ( 0.7071067811865476838, -2.053900018627032069E-16, -0.7071067811865474617 ) ) ;
#1998 = VECTOR ( 'NONE', #4513, 1000.000000000000000 ) ;
#1999 = CARTESIAN_POINT ( 'NONE',  ( 42.42640687119286014, 107.4999999999999858, -1.849999999999845324 ) ) ;
#2000 = EDGE_CURVE ( 'NONE', #2757, #10640, #2656, .T. ) ;
#2001 = DIRECTION ( 'NONE',  ( -0.000000000000000000, -1.000000000000000000, -0.000000000000000000 ) ) ;
#2002 = AXIS2_PLACEMENT_3D ( 'NONE', #8315, #8275, #5044 ) ;
#2003 = DIRECTION ( 'NONE',  ( 0.000000000000000000, 1.000000000000000000, 0.000000000000000000 ) ) ;
#2004 = CARTESIAN_POINT ( 'NONE',  ( -56.15599207853855290, 117.5767212953124954, 14.51243129271283117 ) ) ;
#2005 = LINE ( 'NONE', #7369, #4522 ) ;
#2006 = SURFACE_STYLE_FILL_AREA ( #2059 ) ;
#2007 = EDGE_CURVE ( 'NONE', #4958, #7198, #10610, .T. ) ;
#2008 = CIRCLE ( 'NONE', #1203, 73.00000000000000000 ) ;
#2009 = LINE ( 'NONE', #622, #795 ) ;
#2010 = AXIS2_PLACEMENT_3D ( 'NONE', #1257, #3044, #2116 ) ;
#2011 = UNCERTAINTY_MEASURE_WITH_UNIT (LENGTH_MEASURE( 1.000000000000000082E-05 ), #9684, 'distance_accuracy_value', 'NONE');
#2012 = DIRECTION ( 'NONE',  ( -0.000000000000000000, -1.000000000000000000, 0.000000000000000000 ) ) ;
#2013 = CARTESIAN_POINT ( 'NONE',  ( -50.20005485682503377, 124.9247513843715467, -53.00000842061118078 ) ) ;
#2014 = ORIENTED_EDGE ( 'NONE', *, *, #7565, .T. ) ;
#2015 = DIRECTION ( 'NONE',  ( 0.000000000000000000, 0.000000000000000000, 1.000000000000000000 ) ) ;
#2016 = CARTESIAN_POINT ( 'NONE',  ( -48.08326112068524338, 66.00000000000000000, -3.469446951953614189E-14 ) ) ;
#2017 = CARTESIAN_POINT ( 'NONE',  ( -52.42272182291951310, 125.4489532522287050, -50.94296144860656739 ) ) ;
#2018 = VECTOR ( 'NONE', #6383, 1000.000000000000000 ) ;
#2019 = CYLINDRICAL_SURFACE ( 'NONE', #7503, 4.999999999999997335 ) ;
#2020 = VERTEX_POINT ( 'NONE', #3586 ) ;
#2021 = DIRECTION ( 'NONE',  ( 0.000000000000000000, 1.000000000000000000, 0.000000000000000000 ) ) ;
#2022 = CARTESIAN_POINT ( 'NONE',  ( 19.87986892876268996, 117.6798023100240016, -70.24140497867529120 ) ) ;
#2023 = ORIENTED_EDGE ( 'NONE', *, *, #5162, .T. ) ;
#2024 = VERTEX_POINT ( 'NONE', #6217 ) ;
#2025 = B_SPLINE_CURVE_WITH_KNOTS ( 'NONE', 3,
 ( #2501, #5001, #10970, #9337, #10932, #5999, #5963, #7584, #4303, #4258, #4228, #3389, #1628, #9263, #10172, #5113, #3459, #7690, #9385, #5066, #8403, #6747, #10204, #3431, #4152, #5893, #66, #25, #7666, #5936, #6780, #5151 ),
 .UNSPECIFIED., .F., .F.,
 ( 4, 2, 2, 2, 2, 2, 2, 2, 2, 2, 2, 2, 2, 2, 2, 4 ),
 ( 0.000000000000000000, 0.001556037729137674415, 0.002334056593706517260, 0.003112075458275360106, 0.003890094322844202951, 0.004668113187413045796, 0.005446132051981888642, 0.006224150916550731487, 0.007002169781119573465, 0.007780188645688416310, 0.008558207510257258288, 0.009336226374826102001, 0.01011424523939494398, 0.01089226410396378769, 0.01167028296853262967, 0.01244830183310147338 ),
 .UNSPECIFIED. ) ;
#2026 = AXIS2_PLACEMENT_3D ( 'NONE', #3909, #7889, #330 ) ;
#2027 = ORIENTED_EDGE ( 'NONE', *, *, #5622, .T. ) ;
#2028 = DIRECTION ( 'NONE',  ( 1.000000000000000000, 0.000000000000000000, -3.491481338843133355E-15 ) ) ;
#2029 = CARTESIAN_POINT ( 'NONE',  ( -10.00000000000004619, 51.00000000000000711, -72.31182475916369867 ) ) ;
#2030 = CARTESIAN_POINT ( 'NONE',  ( -63.91067609231115654, 92.49999999999998579, -2.231429329291523816E-13 ) ) ;
#2031 = VECTOR ( 'NONE', #2093, 1000.000000000000000 ) ;
#2032 = EDGE_LOOP ( 'NONE', ( #2300, #7575, #1380, #10790 ) ) ;
#2033 = DIRECTION ( 'NONE',  ( 0.000000000000000000, 1.000000000000000000, 0.000000000000000000 ) ) ;
#2034 = ORIENTED_EDGE ( 'NONE', *, *, #6669, .F. ) ;
#2035 = ORIENTED_EDGE ( 'NONE', *, *, #7660, .T. ) ;
#2036 = CARTESIAN_POINT ( 'NONE',  ( 25.10229073212235562, 13.00000000000000178, -25.10229073212250483 ) ) ;
#2037 = EDGE_LOOP ( 'NONE', ( #3218, #5598, #2193, #8040 ) ) ;
#2038 = EDGE_LOOP ( 'NONE', ( #9979, #7272, #9350, #1894, #2636, #3913 ) ) ;
#2039 = FACE_OUTER_BOUND ( 'NONE', #3400, .T. ) ;
#2040 = CARTESIAN_POINT ( 'NONE',  ( 0.000000000000000000, 53.00000000000000711, 0.000000000000000000 ) ) ;
#2041 = CARTESIAN_POINT ( 'NONE',  ( -15.02265631979615712, 72.00000000000000000, 64.33446766623708868 ) ) ;
#2042 = CIRCLE ( 'NONE', #4832, 8.000000000000000000 ) ;
#2043 = ORIENTED_EDGE ( 'NONE', *, *, #4496, .T. ) ;
#2044 = CARTESIAN_POINT ( 'NONE',  ( -24.04163056034262880, 16.50000000000000000, -24.04163056034263946 ) ) ;
#2045 = CARTESIAN_POINT ( 'NONE',  ( -56.73511607002842538, 118.8878885939111427, 12.12315804127625718 ) ) ;
#2046 = EDGE_LOOP ( 'NONE', ( #1707, #6151, #5063, #1478 ) ) ;
#2047 = ORIENTED_EDGE ( 'NONE', *, *, #2345, .T. ) ;
#2048 = ADVANCED_FACE ( 'NONE', ( #2396 ), #4782, .T. ) ;
#2049 =( LENGTH_UNIT ( ) NAMED_UNIT ( * ) SI_UNIT ( .MILLI., .METRE. ) );
#2050 = ORIENTED_EDGE ( 'NONE', *, *, #2643, .F. ) ;
#2051 = ORIENTED_EDGE ( 'NONE', *, *, #6172, .F. ) ;
#2052 = CARTESIAN_POINT ( 'NONE',  ( -57.00694410957869707, 37.21044682205767629, 6.802362645333793978 ) ) ;
#2053 = EDGE_CURVE ( 'NONE', #1221, #4784, #7425, .T. ) ;
#2054 = LINE ( 'NONE', #10326, #9728 ) ;
#2055 = FACE_OUTER_BOUND ( 'NONE', #3665, .T. ) ;
#2056 = ORIENTED_EDGE ( 'NONE', *, *, #6456, .F. ) ;
#2057 = DIRECTION ( 'NONE',  ( -0.000000000000000000, -1.000000000000000000, -0.000000000000000000 ) ) ;
#2058 = EDGE_CURVE ( 'NONE', #230, #1396, #10869, .T. ) ;
#2059 = FILL_AREA_STYLE ('',( #10583 ) ) ;
#2060 = FILL_AREA_STYLE_COLOUR ( '', #8879 ) ;
#2061 = ORIENTED_EDGE ( 'NONE', *, *, #5244, .T. ) ;
#2062 = VECTOR ( 'NONE', #3714, 1000.000000000000000 ) ;
#2063 = CARTESIAN_POINT ( 'NONE',  ( 11.94358386893779667, 123.9273460833484677, -56.77592373734584186 ) ) ;
#2064 = ORIENTED_EDGE ( 'NONE', *, *, #9274, .F. ) ;
#2065 = ORIENTED_EDGE ( 'NONE', *, *, #1345, .T. ) ;
#2066 = ORIENTED_EDGE ( 'NONE', *, *, #2058, .T. ) ;
#2067 = ORIENTED_EDGE ( 'NONE', *, *, #726, .T. ) ;
#2068 = FACE_OUTER_BOUND ( 'NONE', #4033, .T. ) ;
#2069 = CIRCLE ( 'NONE', #3974, 71.00000000000001421 ) ;
#2070 = ORIENTED_EDGE ( 'NONE', *, *, #5046, .F. ) ;
#2071 = CARTESIAN_POINT ( 'NONE',  ( -6.938893903907228378E-15, 31.50000000000000000, -48.08326112068525759 ) ) ;
#2072 = DIRECTION ( 'NONE',  ( 0.000000000000000000, 0.000000000000000000, 1.000000000000000000 ) ) ;
#2073 = DIRECTION ( 'NONE',  ( 0.000000000000000000, 1.000000000000000000, 0.000000000000000000 ) ) ;
#2074 = PLANE ( 'NONE',  #6811 ) ;
#2075 = EDGE_CURVE ( 'NONE', #6835, #3009, #2270, .T. ) ;
#2076 = VERTEX_POINT ( 'NONE', #8793 ) ;
#2077 = CARTESIAN_POINT ( 'NONE',  ( 6.802362645333919211, 33.00000000000000000, -57.00694410957876812 ) ) ;
#2078 = EDGE_LOOP ( 'NONE', ( #3531, #4455, #10910, #4412, #9720, #7710, #4037, #6591 ) ) ;
#2079 = CARTESIAN_POINT ( 'NONE',  ( -12.00000000000050449, 0.000000000000000000, -69.97856814768353217 ) ) ;
#2080 = CIRCLE ( 'NONE', #4568, 71.00000000000001421 ) ;
#2081 = EDGE_CURVE ( 'NONE', #1884, #2376, #5167, .T. ) ;
#2082 = SURFACE_STYLE_FILL_AREA ( #8885 ) ;
#2083 = ORIENTED_EDGE ( 'NONE', *, *, #2367, .T. ) ;
#2084 = CARTESIAN_POINT ( 'NONE',  ( -15.02265631979615712, 72.00000000000000000, 66.18446766623708299 ) ) ;
#2085 = EDGE_CURVE ( 'NONE', #10153, #5516, #8077, .T. ) ;
#2086 = AXIS2_PLACEMENT_3D ( 'NONE', #1656, #4941, #10012 ) ;
#2087 = LINE ( 'NONE', #8781, #2477 ) ;
#2088 = CARTESIAN_POINT ( 'NONE',  ( -24.04163056034263235, 49.50000000000000000, -24.04163056034264301 ) ) ;
#2089 = CARTESIAN_POINT ( 'NONE',  ( 25.10229073212242668, 0.000000000000000000, 25.10229073212244799 ) ) ;
#2090 = ORIENTED_EDGE ( 'NONE', *, *, #2557, .T. ) ;
#2091 = ORIENTED_EDGE ( 'NONE', *, *, #2081, .T. ) ;
#2092 = DIRECTION ( 'NONE',  ( 0.000000000000000000, -0.000000000000000000, 1.000000000000000000 ) ) ;
#2093 = DIRECTION ( 'NONE',  ( 0.000000000000000000, 0.000000000000000000, 1.000000000000000000 ) ) ;
#2094 = CIRCLE ( 'NONE', #3028, 1.849999999999997646 ) ;
#2095 = AXIS2_PLACEMENT_3D ( 'NONE', #1974, #7886, #2834 ) ;
#2096 = FACE_OUTER_BOUND ( 'NONE', #7632, .T. ) ;
#2097 = CARTESIAN_POINT ( 'NONE',  ( -11.56141615744655127, 119.7531308159420291, 56.85886544088266703 ) ) ;
#2098 = DIRECTION ( 'NONE',  ( 0.7071067811865474617, -0.000000000000000000, 0.7071067811865476838 ) ) ;
#2099 = STYLED_ITEM ( 'NONE', ( #742 ), #5930 ) ;
#2100 = DIRECTION ( 'NONE',  ( -0.7071067811865452413, 0.000000000000000000, 0.7071067811865499042 ) ) ;
#2101 = SURFACE_STYLE_USAGE ( .BOTH. , #5600 ) ;
#2102 =( NAMED_UNIT ( * ) PLANE_ANGLE_UNIT ( ) SI_UNIT ( $, .RADIAN. ) );
#2103 = DIRECTION ( 'NONE',  ( 0.7071067811865486830, 0.000000000000000000, -0.7071067811865464625 ) ) ;
#2104 = CARTESIAN_POINT ( 'NONE',  ( 21.40043484794396988, 118.5215291845034358, -69.79294655097088196 ) ) ;
#2105 = CIRCLE ( 'NONE', #6975, 1.850000000000002753 ) ;
#2106 = B_SPLINE_CURVE_WITH_KNOTS ( 'NONE', 3,
 ( #7173, #4827, #9083, #8115, #6431, #8977, #1341, #657, #4867, #7282, #2251, #8155, #3057, #9119, #3204, #1484, #2365, #10789, #7418, #4063, #10691, #8264, #9006, #10751, #9962, #9852, #3910, #5603, #9815, #545 ),
 .UNSPECIFIED., .F., .F.,
 ( 4, 2, 2, 2, 2, 2, 2, 2, 2, 2, 2, 2, 2, 2, 4 ),
 ( 0.5000000000000000000, 0.5312500000000004441, 0.5625000000000007772, 0.6250000000000015543, 0.6562500000000012212, 0.6875000000000008882, 0.7187500000000006661, 0.7500000000000003331, 0.7812500000000000000, 0.8124999999999996669, 0.8749999999999997780, 0.9062499999999997780, 0.9374999999999997780, 0.9687500000000000000, 1.000000000000000000 ),
 .UNSPECIFIED. ) ;
#2107 = ORIENTED_EDGE ( 'NONE', *, *, #6598, .F. ) ;
#2108 = ADVANCED_FACE ( 'NONE', ( #1848 ), #8338, .F. ) ;
#2109 = CARTESIAN_POINT ( 'NONE',  ( -3.005988244198139631E-13, 127.5010000000000048, 42.42640687119286724 ) ) ;
#2110 = CARTESIAN_POINT ( 'NONE',  ( 22.70497530696150434, 122.5440287291549879, -69.47449337480914267 ) ) ;
#2111 = STYLED_ITEM ( 'NONE', ( #9689 ), #236 ) ;
#2112 = UNCERTAINTY_MEASURE_WITH_UNIT (LENGTH_MEASURE( 1.000000000000000082E-05 ), #4160, 'distance_accuracy_value', 'NONE');
#2113 = CARTESIAN_POINT ( 'NONE',  ( 69.60786530413217577, 119.4426215047596287, -22.30536546949734600 ) ) ;
#2114 = CARTESIAN_POINT ( 'NONE',  ( -15.69263254813893482, 10.00000000000000000, 15.69263254813896680 ) ) ;
#2115 = CARTESIAN_POINT ( 'NONE',  ( 48.81418852415777110, 122.5440287291549879, 54.40033209553154592 ) ) ;
#2116 = DIRECTION ( 'NONE',  ( 0.000000000000000000, 0.000000000000000000, 1.000000000000000000 ) ) ;
#2117 = AXIS2_PLACEMENT_3D ( 'NONE', #5070, #8409, #2571 ) ;
#2118 = FACE_OUTER_BOUND ( 'NONE', #5748, .T. ) ;
#2119 = DIRECTION ( 'NONE',  ( -0.000000000000000000, 1.000000000000000000, -0.000000000000000000 ) ) ;
#2120 = PLANE ( 'NONE',  #2520 ) ;
#2121 = SURFACE_SIDE_STYLE ('',( #10734 ) ) ;
#2122 = CARTESIAN_POINT ( 'NONE',  ( 54.06563676971078536, 119.7485105003272281, 49.05014553662935839 ) ) ;
#2123 = VECTOR ( 'NONE', #10935, 1000.000000000000000 ) ;
#2124 = EDGE_CURVE ( 'NONE', #2295, #3404, #3857, .T. ) ;
#2125 = ADVANCED_FACE ( 'NONE', ( #2536 ), #493, .T. ) ;
#2126 = VECTOR ( 'NONE', #3247, 1000.000000000000000 ) ;
#2127 = DIRECTION ( 'NONE',  ( -6.803704343522554839E-17, 1.000000000000000000, 2.878473196813116306E-17 ) ) ;
#2128 = EDGE_CURVE ( 'NONE', #5524, #5215, #6767, .T. ) ;
#2129 = PRESENTATION_STYLE_ASSIGNMENT (( #1993 ) ) ;
#2130 = CARTESIAN_POINT ( 'NONE',  ( 70.83069973842930267, 117.7552649352297891, -17.66547974766414342 ) ) ;
#2131 =( NAMED_UNIT ( * ) PLANE_ANGLE_UNIT ( ) SI_UNIT ( $, .RADIAN. ) );
#2132 = CARTESIAN_POINT ( 'NONE',  ( -49.13601845755340491, 123.5667773864314825, -54.11479169309158976 ) ) ;
#2133 = DIRECTION ( 'NONE',  ( 0.000000000000000000, 0.000000000000000000, 1.000000000000000000 ) ) ;
#2134 = DIRECTION ( 'NONE',  ( 0.000000000000000000, -0.000000000000000000, 1.000000000000000000 ) ) ;
#2135 = EDGE_CURVE ( 'NONE', #3635, #512, #296, .T. ) ;
#2136 = DIRECTION ( 'NONE',  ( 3.491481338843133355E-15, -0.000000000000000000, 1.000000000000000000 ) ) ;
#2137 = AXIS2_PLACEMENT_3D ( 'NONE', #4224, #5929, #7683 ) ;
#2138 = EDGE_CURVE ( 'NONE', #4281, #3635, #3583, .T. ) ;
#2139 = LINE ( 'NONE', #2089, #1448 ) ;
#2140 = CARTESIAN_POINT ( 'NONE',  ( 25.10229073212242668, 53.00000000000000711, 25.10229073212244799 ) ) ;
#2141 =( NAMED_UNIT ( * ) SI_UNIT ( $, .STERADIAN. ) SOLID_ANGLE_UNIT ( ) );
#2142 = LINE ( 'NONE', #1366, #9542 ) ;
#2143 = CARTESIAN_POINT ( 'NONE',  ( -25.10229073212242668, 0.000000000000000000, -25.10229073212244799 ) ) ;
#2144 = CARTESIAN_POINT ( 'NONE',  ( 0.000000000000000000, 107.4999999999999858, -71.00000000000001421 ) ) ;
#2145 = AXIS2_PLACEMENT_3D ( 'NONE', #5545, #3878, #1315 ) ;
#2146 = CARTESIAN_POINT ( 'NONE',  ( 29.99584399089634346, 0.000000000000000000, 53.33036777005243323 ) ) ;
#2147 = DIRECTION ( 'NONE',  ( -0.000000000000000000, 1.000000000000000000, -0.000000000000000000 ) ) ;
#2148 = FACE_BOUND ( 'NONE', #6183, .T. ) ;
#2149 = CARTESIAN_POINT ( 'NONE',  ( 56.91585272344163116, 120.4724575137244926, -11.29551839657545109 ) ) ;
#2150 = LINE ( 'NONE', #10510, #3875 ) ;
#2151 = ORIENTED_EDGE ( 'NONE', *, *, #7434, .T. ) ;
#2152 = AXIS2_PLACEMENT_3D ( 'NONE', #3444, #5284, #4506 ) ;
#2153 = CARTESIAN_POINT ( 'NONE',  ( -53.81076957008286143, 72.00000000000000000, 6.434615230584167733 ) ) ;
#2154 = DIRECTION ( 'NONE',  ( 0.000000000000000000, -0.000000000000000000, 1.000000000000000000 ) ) ;
#2155 = CARTESIAN_POINT ( 'NONE',  ( 22.55948155968584246, 122.5214652262237962, -69.42674136210079894 ) ) ;
#2156 = CARTESIAN_POINT ( 'NONE',  ( 49.74224729413841573, 118.5215291845034926, 53.42979350583859599 ) ) ;
#2157 = ORIENTED_EDGE ( 'NONE', *, *, #5548, .T. ) ;
#2158 = ADVANCED_FACE ( 'NONE', ( #1043, #1322 ), #4734, .F. ) ;
#2159 = PRESENTATION_LAYER_ASSIGNMENT (  '', '', ( #6489 ) ) ;
#2160 = DIRECTION ( 'NONE',  ( 3.491481338843133355E-15, 0.000000000000000000, -1.000000000000000000 ) ) ;
#2161 =( GEOMETRIC_REPRESENTATION_CONTEXT ( 3 ) GLOBAL_UNCERTAINTY_ASSIGNED_CONTEXT ( ( #2935 ) ) GLOBAL_UNIT_ASSIGNED_CONTEXT ( ( #6741, #1702, #10050 ) ) REPRESENTATION_CONTEXT ( 'NONE', 'WORKASPACE' ) );
#2162 = FACE_OUTER_BOUND ( 'NONE', #4309, .T. ) ;
#2163 = EDGE_LOOP ( 'NONE', ( #10429, #1670 ) ) ;
#2164 = DIRECTION ( 'NONE',  ( 0.000000000000000000, 0.000000000000000000, 1.000000000000000000 ) ) ;
#2165 = ORIENTED_EDGE ( 'NONE', *, *, #5409, .T. ) ;
#2166 = CARTESIAN_POINT ( 'NONE',  ( 69.38694944914296059, 121.4985874826541874, -22.68151772130955024 ) ) ;
#2167 = EDGE_LOOP ( 'NONE', ( #65, #2560 ) ) ;
#2168 = CARTESIAN_POINT ( 'NONE',  ( -25.10229073212240891, 13.00000000000000178, -25.10229073212244089 ) ) ;
#2169 = FILL_AREA_STYLE ('',( #10688 ) ) ;
#2170 = VERTEX_POINT ( 'NONE', #2144 ) ;
#2171 = CARTESIAN_POINT ( 'NONE',  ( -69.38694944914311691, 121.4985874826541590, 22.68151772130905997 ) ) ;
#2172 = VECTOR ( 'NONE', #6049, 1000.000000000000000 ) ;
#2173 = FACE_OUTER_BOUND ( 'NONE', #6303, .T. ) ;
#2174 = ORIENTED_EDGE ( 'NONE', *, *, #3613, .F. ) ;
#2175 = CARTESIAN_POINT ( 'NONE',  ( -69.51194713838719963, 123.2508073318803952, 22.29571649567641245 ) ) ;
#2176 = ADVANCED_FACE ( 'NONE', ( #4713 ), #222, .F. ) ;
#2177 = AXIS2_PLACEMENT_3D ( 'NONE', #2267, #8887, #3896 ) ;
#2178 = ORIENTED_EDGE ( 'NONE', *, *, #4680, .F. ) ;
#2179 = CARTESIAN_POINT ( 'NONE',  ( -24.04163056034262880, 16.50000000000000000, -24.04163056034263946 ) ) ;
#2180 = DIRECTION ( 'NONE',  ( -0.9659258262890695335, 0.000000000000000000, 0.2588190451025161321 ) ) ;
#2181 = DIRECTION ( 'NONE',  ( -0.000000000000000000, -1.000000000000000000, 0.000000000000000000 ) ) ;
#2182 = DIRECTION ( 'NONE',  ( -0.7071067811865469066, 0.000000000000000000, 0.7071067811865482389 ) ) ;
#2183 = VERTEX_POINT ( 'NONE', #1179 ) ;
#2184 = ORIENTED_EDGE ( 'NONE', *, *, #4760, .F. ) ;
#2185 = FILL_AREA_STYLE ('',( #1295 ) ) ;
#2186 = FACE_OUTER_BOUND ( 'NONE', #7566, .T. ) ;
#2187 = LINE ( 'NONE', #9404, #3106 ) ;
#2188 = ORIENTED_EDGE ( 'NONE', *, *, #10528, .F. ) ;
#2189 = DIRECTION ( 'NONE',  ( 0.000000000000000000, 1.000000000000000000, 0.000000000000000000 ) ) ;
#2190 = EDGE_LOOP ( 'NONE', ( #4193, #2917, #7605, #8665, #7214 ) ) ;
#2191 = AXIS2_PLACEMENT_3D ( 'NONE', #5330, #7801, #6222 ) ;
#2192 = CARTESIAN_POINT ( 'NONE',  ( 56.94273243253058325, 121.2405117339266809, -11.16841825749795447 ) ) ;
#2193 = ORIENTED_EDGE ( 'NONE', *, *, #6738, .T. ) ;
#2194 = ADVANCED_FACE ( 'NONE', ( #2601 ), #1212, .F. ) ;
#2195 = ORIENTED_EDGE ( 'NONE', *, *, #1892, .F. ) ;
#2196 = ORIENTED_EDGE ( 'NONE', *, *, #10187, .T. ) ;
#2197 = ORIENTED_EDGE ( 'NONE', *, *, #7567, .F. ) ;
#2198 = CARTESIAN_POINT ( 'NONE',  ( 8.000000000000000000, 33.00000000000000000, 62.00694410957876102 ) ) ;
#2199 = DIRECTION ( 'NONE',  ( -0.7071067811865475727, 0.000000000000000000, -0.7071067811865475727 ) ) ;
#2200 = CARTESIAN_POINT ( 'NONE',  ( 62.00694410957872549, 53.00000000000000711, -11.80236264533382418 ) ) ;
#2201 = CARTESIAN_POINT ( 'NONE',  ( 51.43865904875303841, 117.5498324263169820, 51.79894293221706647 ) ) ;
#2202 = LINE ( 'NONE', #6725, #4585 ) ;
#2203 = VECTOR ( 'NONE', #6592, 1000.000000000000000 ) ;
#2204 = ORIENTED_EDGE ( 'NONE', *, *, #9015, .F. ) ;
#2205 = CARTESIAN_POINT ( 'NONE',  ( 56.15606685620066685, 125.4236269801548502, -14.51213164794994981 ) ) ;
#2206 = SURFACE_STYLE_FILL_AREA ( #1843 ) ;
#2207 = ORIENTED_EDGE ( 'NONE', *, *, #24, .T. ) ;
#2208 = ORIENTED_EDGE ( 'NONE', *, *, #1984, .F. ) ;
#2209 = EDGE_CURVE ( 'NONE', #10218, #3948, #6573, .T. ) ;
#2210 = ORIENTED_EDGE ( 'NONE', *, *, #7104, .T. ) ;
#2211 = VECTOR ( 'NONE', #7903, 1000.000000000000000 ) ;
#2212 = CARTESIAN_POINT ( 'NONE',  ( 70.94493066183646590, 117.9530725312064732, -17.20098873721724075 ) ) ;
#2213 = ORIENTED_EDGE ( 'NONE', *, *, #5331, .T. ) ;
#2214 = EDGE_CURVE ( 'NONE', #2347, #8006, #1790, .T. ) ;
#2215 = DIRECTION ( 'NONE',  ( -0.000000000000000000, -1.000000000000000000, -0.000000000000000000 ) ) ;
#2216 = DIRECTION ( 'NONE',  ( 0.000000000000000000, 1.000000000000000000, 0.000000000000000000 ) ) ;
#2217 = VECTOR ( 'NONE', #5296, 1000.000000000000000 ) ;
#2218 = CARTESIAN_POINT ( 'NONE',  ( 24.04163056034260038, 15.00000000000000000, 24.04163056034261103 ) ) ;
#2219 = EDGE_LOOP ( 'NONE', ( #324, #388, #7517, #1502 ) ) ;
#2220 = ORIENTED_EDGE ( 'NONE', *, *, #442, .F. ) ;
#2221 = ADVANCED_FACE ( 'NONE', ( #3525 ), #2074, .F. ) ;
#2222 = DIRECTION ( 'NONE',  ( -0.7071067811865482389, 0.000000000000000000, 0.7071067811865469066 ) ) ;
#2223 = VECTOR ( 'NONE', #2872, 1000.000000000000000 ) ;
#2224 = CARTESIAN_POINT ( 'NONE',  ( 57.00694410957879654, 33.00000000000000000, 7.999999999999801048 ) ) ;
#2225 = EDGE_CURVE ( 'NONE', #9617, #6159, #9354, .T. ) ;
#2226 = PLANE ( 'NONE',  #8021 ) ;
#2227 = AXIS2_PLACEMENT_3D ( 'NONE', #3101, #8987, #6501 ) ;
#2228 = DIRECTION ( 'NONE',  ( 1.000000000000000000, 0.000000000000000000, -0.000000000000000000 ) ) ;
#2229 = ORIENTED_EDGE ( 'NONE', *, *, #865, .T. ) ;
#2230 = ORIENTED_EDGE ( 'NONE', *, *, #3487, .T. ) ;
#2231 = CARTESIAN_POINT ( 'NONE',  ( 56.51038394076905291, 118.0763467037112946, -13.09268642838651964 ) ) ;
#2232 = EDGE_CURVE ( 'NONE', #6117, #7767, #982, .T. ) ;
#2233 = AXIS2_PLACEMENT_3D ( 'NONE', #7911, #5373, #6103 ) ;
#2234 = VECTOR ( 'NONE', #300, 999.9999999999998863 ) ;
#2235 = CARTESIAN_POINT ( 'NONE',  ( -5.000000000000015099, 107.4999999999999858, -5.356552773070933084E-16 ) ) ;
#2236 = CARTESIAN_POINT ( 'NONE',  ( -6.434615230584167733, 72.00000000000000000, 53.81076957008284012 ) ) ;
#2237 = CARTESIAN_POINT ( 'NONE',  ( 16.56028247341257398, 124.6424999773143867, -71.09713984599450498 ) ) ;
#2238 = ORIENTED_EDGE ( 'NONE', *, *, #10803, .T. ) ;
#2239 = DIRECTION ( 'NONE',  ( -0.000000000000000000, 1.000000000000000000, -0.000000000000000000 ) ) ;
#2240 = LINE ( 'NONE', #9975, #8055 ) ;
#2241 = ADVANCED_FACE ( 'NONE', ( #7366 ), #9126, .T. ) ;
#2242 = EDGE_LOOP ( 'NONE', ( #5896, #961 ) ) ;
#2243 = CARTESIAN_POINT ( 'NONE',  ( 55.54897918882561925, 125.0436656151554473, -16.70300782064608924 ) ) ;
#2244 = SURFACE_STYLE_FILL_AREA ( #7765 ) ;
#2245 = VECTOR ( 'NONE', #9540, 1000.000000000000114 ) ;
#2246 = CARTESIAN_POINT ( 'NONE',  ( 57.00694410957874680, 37.21044682205694443, -6.802362645333846380 ) ) ;
#2247 = ORIENTED_EDGE ( 'NONE', *, *, #5249, .T. ) ;
#2248 = MECHANICAL_DESIGN_GEOMETRIC_PRESENTATION_REPRESENTATION (  '', ( #10381 ), #2674 ) ;
#2249 =( LENGTH_UNIT ( ) NAMED_UNIT ( * ) SI_UNIT ( .MILLI., .METRE. ) );
#2250 = SURFACE_STYLE_USAGE ( .BOTH. , #7309 ) ;
#2251 = CARTESIAN_POINT ( 'NONE',  ( -55.54897918892726949, 125.0436656153449917, 16.70300782029601550 ) ) ;
#2252 = CYLINDRICAL_SURFACE ( 'NONE', #9655, 8.000000000000000000 ) ;
#2253 = DIRECTION ( 'NONE',  ( 0.000000000000000000, 1.000000000000000000, 0.000000000000000000 ) ) ;
#2254 = CARTESIAN_POINT ( 'NONE',  ( -23.68807716974930244, 72.00000000000000000, 23.68807716974943034 ) ) ;
#2255 = AXIS2_PLACEMENT_3D ( 'NONE', #8844, #9651, #7942 ) ;
#2256 = CARTESIAN_POINT ( 'NONE',  ( 60.05793892680053858, 10.00000000000000000, 36.72341514764446657 ) ) ;
#2257 = B_SPLINE_CURVE_WITH_KNOTS ( 'NONE', 3,
 ( #7814, #10489, #224, #2769, #2922, #8705, #3656, #5281, #6232, #9638, #9671, #9555, #6205, #1116, #10327, #2837, #5395, #5429, #8739, #3692, #9599, #379, #6275, #1195, #4530, #4643, #10580, #7165, #2097, #8864, #1235, #10609, #9781, #3869 ),
 .UNSPECIFIED., .F., .F.,
 ( 4, 2, 2, 2, 2, 2, 2, 2, 2, 2, 2, 2, 2, 2, 2, 2, 4 ),
 ( 0.000000000000000000, 0.03124999999999987510, 0.06249999999999975020, 0.09374999999999962530, 0.1249999999999995004, 0.1562499999999993894, 0.1874999999999992506, 0.2187499999999991118, 0.2499999999999992228, 0.2812499999999993339, 0.3124999999999993894, 0.3437499999999995004, 0.3749999999999996114, 0.4062499999999997224, 0.4374999999999997780, 0.4687499999999998890, 0.5000000000000000000 ),
 .UNSPECIFIED. ) ;
#2258 = DIRECTION ( 'NONE',  ( 0.000000000000000000, 1.000000000000000000, 0.000000000000000000 ) ) ;
#2259 = CARTESIAN_POINT ( 'NONE',  ( -18.29663690865802650, 123.4836219565206079, 55.06048929517736923 ) ) ;
#2260 = CARTESIAN_POINT ( 'NONE',  ( 56.89993319470733724, 120.2234528244637062, -11.37045638083512777 ) ) ;
#2261 = SURFACE_SIDE_STYLE ('',( #5161 ) ) ;
#2262 = DIRECTION ( 'NONE',  ( -1.071310554614183363E-16, 0.000000000000000000, 1.000000000000000000 ) ) ;
#2263 = FILL_AREA_STYLE ('',( #7332 ) ) ;
#2264 = DIRECTION ( 'NONE',  ( 0.000000000000000000, 1.000000000000000000, -0.000000000000000000 ) ) ;
#2265 = CARTESIAN_POINT ( 'NONE',  ( -6.000000000000000000, 33.00000000000000000, 64.00694410957875391 ) ) ;
#2266 = EDGE_CURVE ( 'NONE', #8664, #7371, #3262, .T. ) ;
#2267 = CARTESIAN_POINT ( 'NONE',  ( 24.04163056034260038, -5.777789833161707559E-31, 24.04163056034261103 ) ) ;
#2268 = EDGE_CURVE ( 'NONE', #9301, #1674, #1269, .T. ) ;
#2269 = ADVANCED_FACE ( 'NONE', ( #2877 ), #1460, .T. ) ;
#2270 = LINE ( 'NONE', #10311, #9013 ) ;
#2271 = DIRECTION ( 'NONE',  ( -0.000000000000000000, -1.000000000000000000, -0.000000000000000000 ) ) ;
#2272 = EDGE_CURVE ( 'NONE', #70, #1545, #9998, .T. ) ;
#2273 = AXIS2_PLACEMENT_3D ( 'NONE', #350, #4629, #1251 ) ;
#2274 = VERTEX_POINT ( 'NONE', #4902 ) ;
#2275 = CARTESIAN_POINT ( 'NONE',  ( 69.51149047890039867, 119.7485105003271997, -22.29714214603660238 ) ) ;
#2276 = DIRECTION ( 'NONE',  ( -0.000000000000000000, -1.000000000000000000, -0.000000000000000000 ) ) ;
#2277 = DIRECTION ( 'NONE',  ( -1.000000000000000000, 0.000000000000000000, 0.000000000000000000 ) ) ;
#2278 = LINE ( 'NONE', #10462, #557 ) ;
#2279 = DIRECTION ( 'NONE',  ( -0.7071067811865464625, 0.000000000000000000, 0.7071067811865486830 ) ) ;
#2280 = CYLINDRICAL_SURFACE ( 'NONE', #6881, 8.000000000000000000 ) ;
#2281 = FACE_OUTER_BOUND ( 'NONE', #7078, .T. ) ;
#2282 = DIRECTION ( 'NONE',  ( -0.000000000000000000, -1.000000000000000000, -0.000000000000000000 ) ) ;
#2283 = EDGE_CURVE ( 'NONE', #6195, #5888, #2069, .T. ) ;
#2284 = CARTESIAN_POINT ( 'NONE',  ( -69.79238814741435704, 124.4765533686569228, 21.40223852354262135 ) ) ;
#2285 = AXIS2_PLACEMENT_3D ( 'NONE', #7344, #2277, #8193 ) ;
#2286 = EDGE_CURVE ( 'NONE', #4022, #1880, #4322, .T. ) ;
#2287 = B_SPLINE_CURVE_WITH_KNOTS ( 'NONE', 3,
 ( #3772, #4652, #1170, #10466, #5435, #7100, #7147, #2930, #5512, #2104, #8787, #302, #7060, #10497, #2022, #4620, #7936, #2894, #10427, #1985, #7970, #9678, #3730, #10545, #2849, #5470, #6328, #443, #342, #3699, #5358, #7174, #2804, #8712 ),
 .UNSPECIFIED., .F., .F.,
 ( 4, 2, 2, 2, 2, 2, 2, 2, 2, 2, 2, 2, 2, 2, 2, 2, 4 ),
 ( 0.01244830183310147512, 0.01322653982068760711, 0.01400477780827373911, 0.01478301579585987111, 0.01556125378344600310, 0.01633949177103213510, 0.01711772975861827056, 0.01789596774620440256, 0.01867420573379053456, 0.01945244372137666655, 0.02023068170896279855, 0.02100891969654893054, 0.02178715768413506254, 0.02256539567172119454, 0.02334363365930732653, 0.02412187164689345853, 0.02490010963447959053 ),
 .UNSPECIFIED. ) ;
#2288 = VERTEX_POINT ( 'NONE', #9097 ) ;
#2289 = CARTESIAN_POINT ( 'NONE',  ( -64.00694410957888181, 53.00000000000000711, -11.99999999999928768 ) ) ;
#2290 = FILL_AREA_STYLE ('',( #553 ) ) ;
#2291 = ORIENTED_EDGE ( 'NONE', *, *, #8215, .F. ) ;
#2292 = EDGE_CURVE ( 'NONE', #4055, #811, #4586, .T. ) ;
#2293 = FACE_BOUND ( 'NONE', #6543, .T. ) ;
#2294 = FACE_OUTER_BOUND ( 'NONE', #1270, .T. ) ;
#2295 = VERTEX_POINT ( 'NONE', #2224 ) ;
#2296 = AXIS2_PLACEMENT_3D ( 'NONE', #7236, #8003, #2983 ) ;
#2297 = DIRECTION ( 'NONE',  ( -1.000000000000000000, 0.000000000000000000, 1.047444401652940007E-14 ) ) ;
#2298 = CARTESIAN_POINT ( 'NONE',  ( -48.08326112068524338, 64.50000000000000000, -3.469446951953614189E-14 ) ) ;
#2299 = ORIENTED_EDGE ( 'NONE', *, *, #9536, .F. ) ;
#2300 = ORIENTED_EDGE ( 'NONE', *, *, #8506, .F. ) ;
#2301 = DIRECTION ( 'NONE',  ( -3.491481338843133355E-15, 0.000000000000000000, -1.000000000000000000 ) ) ;
#2302 = ORIENTED_EDGE ( 'NONE', *, *, #8818, .T. ) ;
#2303 = MECHANICAL_DESIGN_GEOMETRIC_PRESENTATION_REPRESENTATION (  '', ( #4414 ), #10454 ) ;
#2304 = CARTESIAN_POINT ( 'NONE',  ( -5.000000000000015099, 53.00000000000000711, -5.356552773070933084E-16 ) ) ;
#2305 = LINE ( 'NONE', #10572, #9701 ) ;
#2306 = CARTESIAN_POINT ( 'NONE',  ( 4.837354856632024350E-16, 92.49999999999998579, -67.86067609231115227 ) ) ;
#2307 = CARTESIAN_POINT ( 'NONE',  ( -53.81076957008285433, 0.000000000000000000, -3.606188105837799807 ) ) ;
#2308 = EDGE_LOOP ( 'NONE', ( #5497, #9846, #4828, #6241 ) ) ;
#2309 = DIRECTION ( 'NONE',  ( 0.7071067811865476838, 0.000000000000000000, -0.7071067811865474617 ) ) ;
#2310 = CARTESIAN_POINT ( 'NONE',  ( 19.88148178275300637, 125.3208970214321454, -70.24094441142803191 ) ) ;
#2311 = DIRECTION ( 'NONE',  ( 0.7071067811865475727, 0.000000000000000000, -0.7071067811865474617 ) ) ;
#2312 = VERTEX_POINT ( 'NONE', #3922 ) ;
#2313 =( GEOMETRIC_REPRESENTATION_CONTEXT ( 3 ) GLOBAL_UNCERTAINTY_ASSIGNED_CONTEXT ( ( #1193 ) ) GLOBAL_UNIT_ASSIGNED_CONTEXT ( ( #4335, #972, #931 ) ) REPRESENTATION_CONTEXT ( 'NONE', 'WORKASPACE' ) );
#2314 = CARTESIAN_POINT ( 'NONE',  ( 28.70847883796041700, 72.00000000000000000, -28.70847883796040989 ) ) ;
#2315 = ORIENTED_EDGE ( 'NONE', *, *, #10187, .F. ) ;
#2316 = VERTEX_POINT ( 'NONE', #2256 ) ;
#2317 = VECTOR ( 'NONE', #2799, 1000.000000000000227 ) ;
#2318 = ORIENTED_EDGE ( 'NONE', *, *, #6025, .T. ) ;
#2319 = ORIENTED_EDGE ( 'NONE', *, *, #8399, .T. ) ;
#2320 = ORIENTED_EDGE ( 'NONE', *, *, #3410, .F. ) ;
#2321 = CARTESIAN_POINT ( 'NONE',  ( 0.000000000000000000, 115.4999999999999858, 0.000000000000000000 ) ) ;
#2322 = AXIS2_PLACEMENT_3D ( 'NONE', #6111, #6263, #1149 ) ;
#2323 = ORIENTED_EDGE ( 'NONE', *, *, #5404, .F. ) ;
#2324 = VERTEX_POINT ( 'NONE', #7357 ) ;
#2325 = CARTESIAN_POINT ( 'NONE',  ( -38.14350014734867500, 121.5000000000000000, -43.72964371872242140 ) ) ;
#2326 = VECTOR ( 'NONE', #4676, 1000.000000000000000 ) ;
#2327 = ORIENTED_EDGE ( 'NONE', *, *, #5485, .F. ) ;
#2328 = AXIS2_PLACEMENT_3D ( 'NONE', #3195, #8211, #3273 ) ;
#2329 = ORIENTED_EDGE ( 'NONE', *, *, #7740, .F. ) ;
#2330 = ADVANCED_FACE ( 'NONE', ( #10812 ), #614, .F. ) ;
#2331 = DIRECTION ( 'NONE',  ( 0.7071067811865474617, 0.000000000000000000, 0.7071067811865476838 ) ) ;
#2332 = FILL_AREA_STYLE_COLOUR ( '', #10677 ) ;
#2333 = LINE ( 'NONE', #10319, #6962 ) ;
#2334 = EDGE_LOOP ( 'NONE', ( #714, #5467, #2596, #1495, #4802, #3091, #10760, #5057 ) ) ;
#2335 = CARTESIAN_POINT ( 'NONE',  ( 58.20458146424510915, 33.00000000000000000, -8.000000000000202505 ) ) ;
#2336 = ORIENTED_EDGE ( 'NONE', *, *, #8368, .F. ) ;
#2337 = ORIENTED_EDGE ( 'NONE', *, *, #6602, .F. ) ;
#2338 = CARTESIAN_POINT ( 'NONE',  ( -49.14078927020231191, 119.5190720303064040, -53.98335995166824119 ) ) ;
#2339 = ORIENTED_EDGE ( 'NONE', *, *, #1333, .T. ) ;
#2340 = CYLINDRICAL_SURFACE ( 'NONE', #5438, 73.00000000000000000 ) ;
#2341 = AXIS2_PLACEMENT_3D ( 'NONE', #4519, #10443, #9581 ) ;
#2342 = LINE ( 'NONE', #6727, #7622 ) ;
#2343 = VERTEX_POINT ( 'NONE', #7427 ) ;
#2344 = CARTESIAN_POINT ( 'NONE',  ( 0.000000000000000000, 72.00000000000000000, -12.00000000000026112 ) ) ;
#2345 = EDGE_CURVE ( 'NONE', #10342, #8438, #9080, .T. ) ;
#2346 = VECTOR ( 'NONE', #741, 999.9999999999998863 ) ;
#2347 = VERTEX_POINT ( 'NONE', #6440 ) ;
#2348 = DIRECTION ( 'NONE',  ( 0.000000000000000000, -0.000000000000000000, 1.000000000000000000 ) ) ;
#2349 = EDGE_LOOP ( 'NONE', ( #3222, #7596, #9770, #9853, #6007 ) ) ;
#2350 = CARTESIAN_POINT ( 'NONE',  ( -48.08326112068525759, 6.983260063331909231E-15, -2.081668171172168513E-14 ) ) ;
#2351 = UNCERTAINTY_MEASURE_WITH_UNIT (LENGTH_MEASURE( 1.000000000000000082E-05 ), #10357, 'distance_accuracy_value', 'NONE');
#2352 = FACE_OUTER_BOUND ( 'NONE', #1684, .T. ) ;
#2353 = VERTEX_POINT ( 'NONE', #10037 ) ;
#2354 = CARTESIAN_POINT ( 'NONE',  ( 43.46917597822829293, 0.000000000000000000, 16.07290219283991917 ) ) ;
#2355 = EDGE_CURVE ( 'NONE', #4326, #4826, #8989, .T. ) ;
#2356 = FACE_OUTER_BOUND ( 'NONE', #7744, .T. ) ;
#2357 = ORIENTED_EDGE ( 'NONE', *, *, #2135, .F. ) ;
#2358 = ORIENTED_EDGE ( 'NONE', *, *, #105, .T. ) ;
#2359 = PRESENTATION_LAYER_ASSIGNMENT (  '', '', ( #3285 ) ) ;
#2360 = CARTESIAN_POINT ( 'NONE',  ( -3.005988244198139631E-13, -6.000000000000000000, 42.42640687119286724 ) ) ;
#2361 = EDGE_CURVE ( 'NONE', #8397, #8941, #6837, .T. ) ;
#2362 = CARTESIAN_POINT ( 'NONE',  ( -54.89806205480707035, 121.4985874826540595, 18.79923204477142562 ) ) ;
#2363 = DIRECTION ( 'NONE',  ( -0.000000000000000000, -1.000000000000000000, -0.000000000000000000 ) ) ;
#2364 = FACE_OUTER_BOUND ( 'NONE', #1631, .T. ) ;
#2365 = CARTESIAN_POINT ( 'NONE',  ( -56.15606685639676954, 125.4236269798501553, 14.51213164718597604 ) ) ;
#2366 = FACE_OUTER_BOUND ( 'NONE', #7739, .T. ) ;
#2367 = EDGE_CURVE ( 'NONE', #5676, #3234, #8816, .T. ) ;
#2368 = CARTESIAN_POINT ( 'NONE',  ( -57.00694410957876812, 33.00000000000000000, 5.971160446292031468E-13 ) ) ;
#2369 = VECTOR ( 'NONE', #962, 1000.000000000000000 ) ;
#2370 = CARTESIAN_POINT ( 'NONE',  ( -56.53324400742011591, 117.9780511645801937, 13.01116601357987967 ) ) ;
#2371 = DIRECTION ( 'NONE',  ( -0.000000000000000000, -1.000000000000000000, -0.000000000000000000 ) ) ;
#2372 = CARTESIAN_POINT ( 'NONE',  ( 63.91067609231121338, 53.00000000000000711, -4.999999999999338307 ) ) ;
#2373 = AXIS2_PLACEMENT_3D ( 'NONE', #675, #10914, #10047 ) ;
#2374 = VECTOR ( 'NONE', #10699, 1000.000000000000000 ) ;
#2375 = CARTESIAN_POINT ( 'NONE',  ( -18.77387837602157106, 122.0197087290999889, 54.90636409732032774 ) ) ;
#2376 = VERTEX_POINT ( 'NONE', #5798 ) ;
#2377 = EDGE_CURVE ( 'NONE', #1374, #6906, #8549, .T. ) ;
#2378 = AXIS2_PLACEMENT_3D ( 'NONE', #9954, #4012, #3314 ) ;
#2379 = DIRECTION ( 'NONE',  ( 0.000000000000000000, 0.000000000000000000, 1.000000000000000000 ) ) ;
#2380 = CARTESIAN_POINT ( 'NONE',  ( -63.91067609231115654, 107.4999999999999858, 4.999999999999785061 ) ) ;
#2381 = CARTESIAN_POINT ( 'NONE',  ( 0.000000000000000000, 72.00000000000000000, 12.00000000000026112 ) ) ;
#2382 = DIRECTION ( 'NONE',  ( -0.000000000000000000, -1.000000000000000000, -0.000000000000000000 ) ) ;
#2383 = COLOUR_RGB ( '',1.000000000000000000, 0.5019607843137254832, 0.7529411764705882248 ) ;
#2384 = FACE_BOUND ( 'NONE', #4439, .T. ) ;
#2385 = ADVANCED_FACE ( 'NONE', ( #9207 ), #5045, .T. ) ;
#2386 = CARTESIAN_POINT ( 'NONE',  ( -30.12269240033350570, 72.00000000000000000, 30.12269240033351281 ) ) ;
#2387 = CARTESIAN_POINT ( 'NONE',  ( 8.000000000000000000, 33.00000000000000000, -58.20458146424483914 ) ) ;
#2388 = CARTESIAN_POINT ( 'NONE',  ( 0.000000000000000000, 51.00000000000000711, 0.000000000000000000 ) ) ;
#2389 = AXIS2_PLACEMENT_3D ( 'NONE', #3576, #219, #4419 ) ;
#2390 = CARTESIAN_POINT ( 'NONE',  ( -71.43279355549735499, 123.5667773864314398, 15.49564437851568677 ) ) ;
#2391 = SURFACE_SIDE_STYLE ('',( #7849 ) ) ;
#2392 = CIRCLE ( 'NONE', #7457, 6.000000000000000000 ) ;
#2393 = SURFACE_SIDE_STYLE ('',( #281 ) ) ;
#2394 = DIRECTION ( 'NONE',  ( 0.000000000000000000, 0.000000000000000000, 1.000000000000000000 ) ) ;
#2395 =( NAMED_UNIT ( * ) PLANE_ANGLE_UNIT ( ) SI_UNIT ( $, .RADIAN. ) );
#2396 = FACE_OUTER_BOUND ( 'NONE', #10721, .T. ) ;
#2397 = AXIS2_PLACEMENT_3D ( 'NONE', #7987, #7948, #2654 ) ;
#2398 = SURFACE_SIDE_STYLE ('',( #6867 ) ) ;
#2399 = CYLINDRICAL_SURFACE ( 'NONE', #2322, 5.000000000000004441 ) ;
#2400 = FACE_OUTER_BOUND ( 'NONE', #8965, .T. ) ;
#2401 = CIRCLE ( 'NONE', #4892, 5.000000000000007994 ) ;
#2402 = DIRECTION ( 'NONE',  ( 0.000000000000000000, 0.000000000000000000, 1.000000000000000000 ) ) ;
#2403 = CARTESIAN_POINT ( 'NONE',  ( -1.204972080621668936E-12, 109.4999999999999858, -44.27640687119407659 ) ) ;
#2404 = DIRECTION ( 'NONE',  ( 0.000000000000000000, 1.000000000000000000, 0.000000000000000000 ) ) ;
#2405 = CARTESIAN_POINT ( 'NONE',  ( 11.99999999999996447, 53.00000000000000711, -62.20458146424481782 ) ) ;
#2406 = DIRECTION ( 'NONE',  ( 0.000000000000000000, 0.000000000000000000, 1.000000000000000000 ) ) ;
#2407 = EDGE_CURVE ( 'NONE', #3386, #10542, #4443, .T. ) ;
#2408 = DIRECTION ( 'NONE',  ( -0.000000000000000000, -1.000000000000000000, -0.000000000000000000 ) ) ;
#2409 = VERTEX_POINT ( 'NONE', #10156 ) ;
#2410 = CARTESIAN_POINT ( 'NONE',  ( 0.000000000000000000, 107.4999999999999858, -59.96067609231116791 ) ) ;
#2411 = EDGE_CURVE ( 'NONE', #6267, #9708, #8022, .T. ) ;
#2412 = CIRCLE ( 'NONE', #8690, 5.000000000000004441 ) ;
#2413 = CIRCLE ( 'NONE', #3678, 1.849999999999997424 ) ;
#2414 = LINE ( 'NONE', #7300, #7193 ) ;
#2415 = ORIENTED_EDGE ( 'NONE', *, *, #7110, .F. ) ;
#2416 = AXIS2_PLACEMENT_3D ( 'NONE', #6597, #9253, #4143 ) ;
#2417 = ORIENTED_EDGE ( 'NONE', *, *, #9084, .T. ) ;
#2418 = DIRECTION ( 'NONE',  ( 0.000000000000000000, 0.000000000000000000, 1.000000000000000000 ) ) ;
#2419 = CARTESIAN_POINT ( 'NONE',  ( -15.02265631979615712, 72.00000000000000000, 68.03446766623709152 ) ) ;
#2420 = CARTESIAN_POINT ( 'NONE',  ( 0.000000000000000000, -53.00000000000000000, 0.000000000000000000 ) ) ;
#2421 = DIRECTION ( 'NONE',  ( 1.000000000000000000, 0.000000000000000000, -3.491481338843133355E-15 ) ) ;
#2422 = VERTEX_POINT ( 'NONE', #182 ) ;
#2423 = EDGE_CURVE ( 'NONE', #3786, #5378, #2342, .T. ) ;
#2424 = SURFACE_STYLE_FILL_AREA ( #10881 ) ;
#2425 = ORIENTED_EDGE ( 'NONE', *, *, #9066, .F. ) ;
#2426 = DIRECTION ( 'NONE',  ( -0.2588190451025230709, 0.000000000000000000, 0.9659258262890675351 ) ) ;
#2427 = AXIS2_PLACEMENT_3D ( 'NONE', #6559, #10022, #5841 ) ;
#2428 = ORIENTED_EDGE ( 'NONE', *, *, #10851, .F. ) ;
#2429 = ADVANCED_FACE ( 'NONE', ( #369 ), #9357, .F. ) ;
#2430 = CARTESIAN_POINT ( 'NONE',  ( 0.000000000000000000, 2.327753354443970006E-15, -48.08326112068525759 ) ) ;
#2431 = ORIENTED_EDGE ( 'NONE', *, *, #6652, .F. ) ;
#2432 = CARTESIAN_POINT ( 'NONE',  ( -11.99999999999995737, 15.00000000000000000, 64.00694410957875391 ) ) ;
#2433 = CARTESIAN_POINT ( 'NONE',  ( 11.68082567640581182, 119.5231740021750397, -56.83298856224035234 ) ) ;
#2434 = VERTEX_POINT ( 'NONE', #8527 ) ;
#2435 = EDGE_CURVE ( 'NONE', #4800, #1107, #3801, .T. ) ;
#2436 = AXIS2_PLACEMENT_3D ( 'NONE', #4516, #3631, #6184 ) ;
#2437 = FACE_OUTER_BOUND ( 'NONE', #2038, .T. ) ;
#2438 = ORIENTED_EDGE ( 'NONE', *, *, #8146, .T. ) ;
#2439 = CARTESIAN_POINT ( 'NONE',  ( 4.837354856632032238E-16, 107.4989999999999810, -67.86067609231115227 ) ) ;
#2440 = CARTESIAN_POINT ( 'NONE',  ( -3.005988244198139631E-13, 107.4999999999999858, 42.42640687119286724 ) ) ;
#2441 = ORIENTED_EDGE ( 'NONE', *, *, #6257, .F. ) ;
#2442 = EDGE_LOOP ( 'NONE', ( #2464, #8809, #6791, #363 ) ) ;
#2443 = AXIS2_PLACEMENT_3D ( 'NONE', #8654, #2790, #1968 ) ;
#2444 = VERTEX_POINT ( 'NONE', #6089 ) ;
#2445 = FILL_AREA_STYLE_COLOUR ( '', #6918 ) ;
#2446 = DIRECTION ( 'NONE',  ( -0.7071067811865479058, 0.000000000000000000, 0.7071067811865471286 ) ) ;
#2447 = CARTESIAN_POINT ( 'NONE',  ( 20.57675085431514361, 72.00000000000000000, -67.95290519381379113 ) ) ;
#2448 = CARTESIAN_POINT ( 'NONE',  ( 63.91067609231115654, 127.5000000000000000, 6.694287987874572456E-13 ) ) ;
#2449 =( NAMED_UNIT ( * ) SI_UNIT ( $, .STERADIAN. ) SOLID_ANGLE_UNIT ( ) );
#2450 = VECTOR ( 'NONE', #5706, 1000.000000000000000 ) ;
#2451 = LINE ( 'NONE', #4540, #4562 ) ;
#2452 = EDGE_LOOP ( 'NONE', ( #653, #10349, #2821, #5135 ) ) ;
#2453 = DIRECTION ( 'NONE',  ( 0.000000000000000000, 0.000000000000000000, 1.000000000000000000 ) ) ;
#2454 = ORIENTED_EDGE ( 'NONE', *, *, #563, .T. ) ;
#2455 = AXIS2_PLACEMENT_3D ( 'NONE', #6411, #3047, #8136 ) ;
#2456 = ORIENTED_EDGE ( 'NONE', *, *, #7451, .F. ) ;
#2457 = EDGE_LOOP ( 'NONE', ( #7331, #1675, #8982, #3792 ) ) ;
#2458 = ORIENTED_EDGE ( 'NONE', *, *, #4384, .T. ) ;
#2459 = ORIENTED_EDGE ( 'NONE', *, *, #7883, .F. ) ;
#2460 = CARTESIAN_POINT ( 'NONE',  ( -63.91067609231115654, 107.4989999999999810, 3.949999999999766143 ) ) ;
#2461 = FACE_OUTER_BOUND ( 'NONE', #7704, .T. ) ;
#2462 = CARTESIAN_POINT ( 'NONE',  ( 64.00694410957871128, 53.00000000000000711, -10.00000000000026645 ) ) ;
#2463 = CARTESIAN_POINT ( 'NONE',  ( -6.802362645333919211, 37.21044682205650389, 57.00694410957876812 ) ) ;
#2464 = ORIENTED_EDGE ( 'NONE', *, *, #3763, .F. ) ;
#2465 = CARTESIAN_POINT ( 'NONE',  ( -38.74635081423561189, 123.9123826867267297, -43.18286269030562607 ) ) ;
#2466 = CYLINDRICAL_SURFACE ( 'NONE', #9747, 73.00000000000000000 ) ;
#2467 = CARTESIAN_POINT ( 'NONE',  ( -71.09832006861955733, 124.6386556455850751, 16.55521922637158028 ) ) ;
#2468 = EDGE_LOOP ( 'NONE', ( #2740, #9480 ) ) ;
#2469 = ORIENTED_EDGE ( 'NONE', *, *, #618, .T. ) ;
#2470 = ORIENTED_EDGE ( 'NONE', *, *, #984, .T. ) ;
#2471 = CARTESIAN_POINT ( 'NONE',  ( 15.07418527135005704, 121.4985874826541874, -71.51925239494363495 ) ) ;
#2472 = CYLINDRICAL_SURFACE ( 'NONE', #6434, 6.000000000000000000 ) ;
#2473 = ORIENTED_EDGE ( 'NONE', *, *, #10137, .F. ) ;
#2474 = CARTESIAN_POINT ( 'NONE',  ( 11.66726188957803245, 0.000000000000000000, -11.66726188957803245 ) ) ;
#2475 = CARTESIAN_POINT ( 'NONE',  ( 15.26144456867762500, 117.5501411763039386, -55.95671898558909163 ) ) ;
#2476 = CARTESIAN_POINT ( 'NONE',  ( -10.96015510839143303, 72.00000000000000000, -10.96015510839138152 ) ) ;
#2477 = VECTOR ( 'NONE', #4683, 1000.000000000000000 ) ;
#2478 = FILL_AREA_STYLE ('',( #6694 ) ) ;
#2479 = ORIENTED_EDGE ( 'NONE', *, *, #5724, .F. ) ;
#2480 = VERTEX_POINT ( 'NONE', #3577 ) ;
#2481 = EDGE_CURVE ( 'NONE', #1105, #2183, #6315, .T. ) ;
#2482 = DIRECTION ( 'NONE',  ( -0.000000000000000000, 1.000000000000000000, 0.000000000000000000 ) ) ;
#2483 = VECTOR ( 'NONE', #8523, 1000.000000000000000 ) ;
#2484 = FACE_OUTER_BOUND ( 'NONE', #5995, .T. ) ;
#2485 = EDGE_CURVE ( 'NONE', #1472, #6744, #3403, .T. ) ;
#2486 = CARTESIAN_POINT ( 'NONE',  ( -6.938893903907228378E-15, 66.00000000000000000, -48.08326112068525049 ) ) ;
#2487 = DIRECTION ( 'NONE',  ( 0.7071067811865476838, -2.040851148208008984E-16, -0.7071067811865474617 ) ) ;
#2488 = CARTESIAN_POINT ( 'NONE',  ( 38.14350014734863947, 121.7599145249167947, 43.72964371872238587 ) ) ;
#2489 = CARTESIAN_POINT ( 'NONE',  ( -3.003722647619716867E-13, 127.5010000000000048, 44.27640687119286866 ) ) ;
#2490 = DIRECTION ( 'NONE',  ( 0.000000000000000000, 1.000000000000000000, 0.000000000000000000 ) ) ;
#2491 = VERTEX_POINT ( 'NONE', #1005 ) ;
#2492 = EDGE_LOOP ( 'NONE', ( #9829, #3667, #3927, #6011, #691, #2428 ) ) ;
#2493 = CARTESIAN_POINT ( 'NONE',  ( 10.00000000000004441, 15.00000000000000000, 62.00694410957876102 ) ) ;
#2494 = AXIS2_PLACEMENT_3D ( 'NONE', #2114, #2182, #8947 ) ;
#2495 = ADVANCED_FACE ( 'NONE', ( #5387 ), #6059, .T. ) ;
#2496 = CARTESIAN_POINT ( 'NONE',  ( -69.97856814768367428, 72.00000000000000000, -11.99999999999971223 ) ) ;
#2497 = EDGE_CURVE ( 'NONE', #4661, #1408, #1129, .T. ) ;
#2498 = LINE ( 'NONE', #2432, #4868 ) ;
#2499 = AXIS2_PLACEMENT_3D ( 'NONE', #8032, #5523, #2970 ) ;
#2500 = EDGE_LOOP ( 'NONE', ( #8143, #5213 ) ) ;
#2501 = CARTESIAN_POINT ( 'NONE',  ( 54.33624526761269635, 121.4985874826541874, 48.75010205340944935 ) ) ;
#2502 = DIRECTION ( 'NONE',  ( 0.000000000000000000, 1.000000000000000000, 0.000000000000000000 ) ) ;
#2503 = EDGE_LOOP ( 'NONE', ( #8504, #6843 ) ) ;
#2504 = EDGE_CURVE ( 'NONE', #4924, #6522, #102, .T. ) ;
#2505 = DIRECTION ( 'NONE',  ( 0.000000000000000000, 0.000000000000000000, 1.000000000000000000 ) ) ;
#2506 = CARTESIAN_POINT ( 'NONE',  ( 15.05070418153031397, 121.4985874826542016, -71.43161977471926605 ) ) ;
#2507 = EDGE_CURVE ( 'NONE', #5424, #8174, #5105, .T. ) ;
#2508 = CARTESIAN_POINT ( 'NONE',  ( -54.40015017971108335, 120.4673962467907415, -48.81452846144939173 ) ) ;
#2509 = AXIS2_PLACEMENT_3D ( 'NONE', #7275, #10829, #9949 ) ;
#2510 = DIRECTION ( 'NONE',  ( -0.7071067811865472397, 0.000000000000000000, -0.7071067811865479058 ) ) ;
#2511 = LINE ( 'NONE', #9514, #1435 ) ;
#2512 = DIRECTION ( 'NONE',  ( 0.7071067811865496822, -0.000000000000000000, 0.7071067811865453523 ) ) ;
#2513 = DIRECTION ( 'NONE',  ( -0.000000000000000000, -1.000000000000000000, -0.000000000000000000 ) ) ;
#2514 = ORIENTED_EDGE ( 'NONE', *, *, #6249, .T. ) ;
#2515 = DIRECTION ( 'NONE',  ( 0.000000000000000000, 1.000000000000000000, 0.000000000000000000 ) ) ;
#2516 = CARTESIAN_POINT ( 'NONE',  ( 17.32833270047934704, 118.3609155203892556, -55.36206733173229821 ) ) ;
#2517 = DIRECTION ( 'NONE',  ( 0.000000000000000000, 1.000000000000000000, 0.000000000000000000 ) ) ;
#2518 = DIRECTION ( 'NONE',  ( -0.000000000000000000, -1.000000000000000000, -0.000000000000000000 ) ) ;
#2519 = CARTESIAN_POINT ( 'NONE',  ( 41.19217724540987291, 117.5498599564978406, 40.83221984586148778 ) ) ;
#2520 = AXIS2_PLACEMENT_3D ( 'NONE', #8038, #10569, #9664 ) ;
#2521 = AXIS2_PLACEMENT_3D ( 'NONE', #7994, #10568, #8854 ) ;
#2522 = FILL_AREA_STYLE ('',( #5806 ) ) ;
#2523 = CARTESIAN_POINT ( 'NONE',  ( 47.33001686544269404, 10.00000000000000000, 47.33001686544266562 ) ) ;
#2524 = CARTESIAN_POINT ( 'NONE',  ( 67.95290519381381955, 0.000000000000000000, -20.57675085431509743 ) ) ;
#2525 = PLANE ( 'NONE',  #1916 ) ;
#2526 = CYLINDRICAL_SURFACE ( 'NONE', #3428, 5.000000000000007994 ) ;
#2527 = CARTESIAN_POINT ( 'NONE',  ( 0.000000000000000000, 127.5000000000000000, 0.000000000000000000 ) ) ;
#2528 = FACE_OUTER_BOUND ( 'NONE', #1346, .T. ) ;
#2529 = PRESENTATION_LAYER_ASSIGNMENT (  '', '', ( #2111 ) ) ;
#2530 = CARTESIAN_POINT ( 'NONE',  ( -19.16253729194202649, 0.000000000000000000, 41.08284750872499558 ) ) ;
#2531 = DIRECTION ( 'NONE',  ( -0.000000000000000000, -1.000000000000000000, -0.000000000000000000 ) ) ;
#2532 = AXIS2_PLACEMENT_3D ( 'NONE', #1237, #3725, #2924 ) ;
#2533 = DIRECTION ( 'NONE',  ( -0.000000000000000000, -0.000000000000000000, -1.000000000000000000 ) ) ;
#2534 = DIRECTION ( 'NONE',  ( -0.000000000000000000, -1.000000000000000000, -0.000000000000000000 ) ) ;
#2535 = SURFACE_STYLE_FILL_AREA ( #2891 ) ;
#2536 = FACE_OUTER_BOUND ( 'NONE', #6838, .T. ) ;
#2537 = DIRECTION ( 'NONE',  ( -0.000000000000000000, -1.000000000000000000, -0.000000000000000000 ) ) ;
#2538 = ORIENTED_EDGE ( 'NONE', *, *, #7519, .F. ) ;
#2539 = ADVANCED_FACE ( 'NONE', ( #3132 ), #10302, .F. ) ;
#2540 = CARTESIAN_POINT ( 'NONE',  ( -66.18446766623711142, 72.00000000000000000, 15.02265631979615712 ) ) ;
#2541 = CYLINDRICAL_SURFACE ( 'NONE', #4310, 8.000000000000000000 ) ;
#2542 = DIRECTION ( 'NONE',  ( -1.000000000000000000, 0.000000000000000000, 0.000000000000000000 ) ) ;
#2543 = CIRCLE ( 'NONE', #2137, 71.00000000000001421 ) ;
#2544 = VECTOR ( 'NONE', #2512, 1000.000000000000000 ) ;
#2545 = CARTESIAN_POINT ( 'NONE',  ( 69.63595253103146376, 123.9132567441152872, -21.90558483603371087 ) ) ;
#2546 = CARTESIAN_POINT ( 'NONE',  ( -51.25288561628865125, 117.5767542232389786, -51.98274596447057405 ) ) ;
#2547 = DIRECTION ( 'NONE',  ( 0.000000000000000000, 0.000000000000000000, 1.000000000000000000 ) ) ;
#2548 = ORIENTED_EDGE ( 'NONE', *, *, #8517, .F. ) ;
#2549 = FACE_OUTER_BOUND ( 'NONE', #6265, .T. ) ;
#2550 = CARTESIAN_POINT ( 'NONE',  ( -42.42640687119286014, 0.000000000000000000, -1.850000000000446398 ) ) ;
#2551 =( NAMED_UNIT ( * ) SI_UNIT ( $, .STERADIAN. ) SOLID_ANGLE_UNIT ( ) );
#2552 = DIRECTION ( 'NONE',  ( 0.000000000000000000, 0.000000000000000000, 1.000000000000000000 ) ) ;
#2553 = LINE ( 'NONE', #2140, #9560 ) ;
#2554 = ORIENTED_EDGE ( 'NONE', *, *, #10010, .F. ) ;
#2555 = DIRECTION ( 'NONE',  ( -0.7071067811865476838, 0.000000000000000000, -0.7071067811865474617 ) ) ;
#2556 = DIRECTION ( 'NONE',  ( 1.000000000000000000, 0.000000000000000000, -3.750753461571465972E-15 ) ) ;
#2557 = EDGE_CURVE ( 'NONE', #4286, #6170, #3514, .T. ) ;
#2558 = DIRECTION ( 'NONE',  ( -0.000000000000000000, -1.000000000000000000, -0.000000000000000000 ) ) ;
#2559 = CARTESIAN_POINT ( 'NONE',  ( -6.938893903907228378E-15, 49.50000000000000000, -48.08326112068525759 ) ) ;
#2560 = ORIENTED_EDGE ( 'NONE', *, *, #7977, .F. ) ;
#2561 = DIRECTION ( 'NONE',  ( 0.000000000000000000, 0.000000000000000000, 1.000000000000000000 ) ) ;
#2562 = EDGE_CURVE ( 'NONE', #8794, #3954, #5895, .T. ) ;
#2563 = ORIENTED_EDGE ( 'NONE', *, *, #383, .F. ) ;
#2564 = FACE_OUTER_BOUND ( 'NONE', #8909, .T. ) ;
#2565 = ORIENTED_EDGE ( 'NONE', *, *, #5264, .F. ) ;
#2566 = AXIS2_PLACEMENT_3D ( 'NONE', #5165, #8574, #8637 ) ;
#2567 = CARTESIAN_POINT ( 'NONE',  ( 0.000000000000000000, 33.00000000000000000, -57.00694410957876812 ) ) ;
#2568 = PLANE ( 'NONE',  #9266 ) ;
#2569 = DIRECTION ( 'NONE',  ( 1.047444401652940007E-14, -0.000000000000000000, 1.000000000000000000 ) ) ;
#2570 = ORIENTED_EDGE ( 'NONE', *, *, #395, .F. ) ;
#2571 = DIRECTION ( 'NONE',  ( 1.000000000000000000, 0.000000000000000000, -3.750753461571465972E-15 ) ) ;
#2572 = EDGE_CURVE ( 'NONE', #1626, #7742, #2862, .T. ) ;
#2573 = ORIENTED_EDGE ( 'NONE', *, *, #7417, .F. ) ;
#2574 = ORIENTED_EDGE ( 'NONE', *, *, #4748, .F. ) ;
#2575 = CARTESIAN_POINT ( 'NONE',  ( -11.99999999999995737, 53.00000000000000711, 69.97856814768363165 ) ) ;
#2576 = LINE ( 'NONE', #6981, #2317 ) ;
#2577 = LINE ( 'NONE', #7676, #9469 ) ;
#2578 = EDGE_LOOP ( 'NONE', ( #8773, #8656, #6520, #8265 ) ) ;
#2579 = EDGE_LOOP ( 'NONE', ( #3499, #4390, #5754, #10712 ) ) ;
#2580 =( NAMED_UNIT ( * ) PLANE_ANGLE_UNIT ( ) SI_UNIT ( $, .RADIAN. ) );
#2581 = CARTESIAN_POINT ( 'NONE',  ( 62.00694410957873259, 53.00000000000000711, -10.00000000000026112 ) ) ;
#2582 = EDGE_LOOP ( 'NONE', ( #8119, #6330, #6936, #9163 ) ) ;
#2583 = EDGE_CURVE ( 'NONE', #7072, #8535, #7866, .T. ) ;
#2584 = DIRECTION ( 'NONE',  ( 0.000000000000000000, 1.000000000000000000, 0.000000000000000000 ) ) ;
#2585 = ORIENTED_EDGE ( 'NONE', *, *, #8024, .F. ) ;
#2586 = VERTEX_POINT ( 'NONE', #8485 ) ;
#2587 = CARTESIAN_POINT ( 'NONE',  ( -54.19885265252375461, 120.2266437635191210, -48.90290612661829073 ) ) ;
#2588 = FACE_OUTER_BOUND ( 'NONE', #764, .T. ) ;
#2589 = VERTEX_POINT ( 'NONE', #4274 ) ;
#2590 = CARTESIAN_POINT ( 'NONE',  ( 43.59307927290100793, 120.2304192311211608, 38.29538537351479022 ) ) ;
#2591 = CARTESIAN_POINT ( 'NONE',  ( -6.434615230584356027, 72.00000000000000000, -53.81076957008284012 ) ) ;
#2592 = CARTESIAN_POINT ( 'NONE',  ( -57.00694410957883917, 37.21044682205578624, -6.802362645333766444 ) ) ;
#2593 = ORIENTED_EDGE ( 'NONE', *, *, #10421, .F. ) ;
#2594 = CARTESIAN_POINT ( 'NONE',  ( 42.42640687119286014, 0.000000000000000000, 1.524678165548779904E-13 ) ) ;
#2595 = EDGE_LOOP ( 'NONE', ( #1621, #1376, #2035, #1520 ) ) ;
#2596 = ORIENTED_EDGE ( 'NONE', *, *, #5264, .T. ) ;
#2597 = ORIENTED_EDGE ( 'NONE', *, *, #8875, .F. ) ;
#2598 = DIRECTION ( 'NONE',  ( 0.000000000000000000, -0.000000000000000000, 1.000000000000000000 ) ) ;
#2599 = ADVANCED_FACE ( 'NONE', ( #4174 ), #1719, .T. ) ;
#2600 = FACE_BOUND ( 'NONE', #7989, .T. ) ;
#2601 = FACE_OUTER_BOUND ( 'NONE', #6789, .T. ) ;
#2602 = VERTEX_POINT ( 'NONE', #4359 ) ;
#2603 = CARTESIAN_POINT ( 'NONE',  ( -66.18446766623713984, 0.000000000000000000, -15.02265631979592619 ) ) ;
#2604 = AXIS2_PLACEMENT_3D ( 'NONE', #723, #34, #5043 ) ;
#2605 = DIRECTION ( 'NONE',  ( 0.000000000000000000, -0.000000000000000000, 1.000000000000000000 ) ) ;
#2606 = CYLINDRICAL_SURFACE ( 'NONE', #6124, 8.000000000000000000 ) ;
#2607 = ORIENTED_EDGE ( 'NONE', *, *, #5115, .T. ) ;
#2608 = ORIENTED_EDGE ( 'NONE', *, *, #7932, .F. ) ;
#2609 = DIRECTION ( 'NONE',  ( 1.000000000000000000, 0.000000000000000000, 0.000000000000000000 ) ) ;
#2610 = CARTESIAN_POINT ( 'NONE',  ( -15.07416152677248533, 121.4985874826541021, 71.51916377897177313 ) ) ;
#2611 = VECTOR ( 'NONE', #944, 1000.000000000000000 ) ;
#2612 = ORIENTED_EDGE ( 'NONE', *, *, #5724, .T. ) ;
#2613 =( NAMED_UNIT ( * ) SI_UNIT ( $, .STERADIAN. ) SOLID_ANGLE_UNIT ( ) );
#2614 = CARTESIAN_POINT ( 'NONE',  ( -25.10229073212242668, 72.00000000000000000, -25.10229073212244799 ) ) ;
#2615 = VERTEX_POINT ( 'NONE', #4502 ) ;
#2616 = ORIENTED_EDGE ( 'NONE', *, *, #2214, .T. ) ;
#2617 = DIRECTION ( 'NONE',  ( 0.000000000000000000, 1.000000000000000000, 0.000000000000000000 ) ) ;
#2618 = DIRECTION ( 'NONE',  ( 0.000000000000000000, 1.000000000000000000, 0.000000000000000000 ) ) ;
#2619 = FACE_OUTER_BOUND ( 'NONE', #9634, .T. ) ;
#2620 = CARTESIAN_POINT ( 'NONE',  ( 0.000000000000000000, 53.00000000000000711, 0.000000000000000000 ) ) ;
#2621 = VECTOR ( 'NONE', #1983, 1000.000000000000000 ) ;
#2622 = CARTESIAN_POINT ( 'NONE',  ( -12.00000000000026112, 0.000000000000000000, 4.189777606611850903E-14 ) ) ;
#2623 = ORIENTED_EDGE ( 'NONE', *, *, #7947, .F. ) ;
#2624 = EDGE_CURVE ( 'NONE', #312, #8650, #632, .T. ) ;
#2625 = VECTOR ( 'NONE', #9769, 1000.000000000000000 ) ;
#2626 = DIRECTION ( 'NONE',  ( -0.000000000000000000, 1.000000000000000000, -0.000000000000000000 ) ) ;
#2627 = EDGE_CURVE ( 'NONE', #1402, #6517, #2257, .T. ) ;
#2628 = CARTESIAN_POINT ( 'NONE',  ( 54.12094578934721056, 119.4426215047596287, 49.12949692183496353 ) ) ;
#2629 = CARTESIAN_POINT ( 'NONE',  ( 10.00000000000004441, 15.00000000000000178, 64.00694410957875391 ) ) ;
#2630 = PLANE ( 'NONE',  #8808 ) ;
#2631 = DIRECTION ( 'NONE',  ( 1.000000000000000000, 0.000000000000000000, -3.491481338843132961E-15 ) ) ;
#2632 = LINE ( 'NONE', #4691, #3698 ) ;
#2633 = AXIS2_PLACEMENT_3D ( 'NONE', #238, #2812, #2779 ) ;
#2634 = CYLINDRICAL_SURFACE ( 'NONE', #9099, 1.849999999999983658 ) ;
#2635 = DIRECTION ( 'NONE',  ( -0.000000000000000000, -1.000000000000000000, -0.000000000000000000 ) ) ;
#2636 = ORIENTED_EDGE ( 'NONE', *, *, #10053, .F. ) ;
#2637 = DIRECTION ( 'NONE',  ( 0.000000000000000000, 1.000000000000000000, 0.000000000000000000 ) ) ;
#2638 = EDGE_CURVE ( 'NONE', #2434, #6947, #5753, .T. ) ;
#2639 = MECHANICAL_DESIGN_GEOMETRIC_PRESENTATION_REPRESENTATION (  '', ( #7026 ), #1709 ) ;
#2640 = LINE ( 'NONE', #2855, #9121 ) ;
#2641 = DIRECTION ( 'NONE',  ( -0.000000000000000000, -1.000000000000000000, -0.000000000000000000 ) ) ;
#2642 = CARTESIAN_POINT ( 'NONE',  ( 10.00000000000004441, 51.00000000000000711, 62.00694410957876102 ) ) ;
#2643 = EDGE_CURVE ( 'NONE', #3368, #5360, #9985, .T. ) ;
#2644 = CARTESIAN_POINT ( 'NONE',  ( -15.25173269827587319, 120.2266437635191494, 71.38903631636419789 ) ) ;
#2645 = CARTESIAN_POINT ( 'NONE',  ( -6.802362645334096847, 28.78955317794378388, -57.00694410957876812 ) ) ;
#2646 = LINE ( 'NONE', #6418, #1032 ) ;
#2647 = EDGE_CURVE ( 'NONE', #4077, #3948, #7734, .T. ) ;
#2648 = CARTESIAN_POINT ( 'NONE',  ( -11.16877986516110255, 120.4673962467907842, 56.94265624148267335 ) ) ;
#2649 = AXIS2_PLACEMENT_3D ( 'NONE', #4879, #7429, #8281 ) ;
#2650 = ADVANCED_FACE ( 'NONE', ( #8405 ), #8534, .F. ) ;
#2651 = DIRECTION ( 'NONE',  ( 0.000000000000000000, 0.000000000000000000, 1.000000000000000000 ) ) ;
#2652 = AXIS2_PLACEMENT_3D ( 'NONE', #9422, #1035, #6055 ) ;
#2653 = CARTESIAN_POINT ( 'NONE',  ( 24.04163056034260038, -5.777789833161707559E-31, 24.04163056034261103 ) ) ;
#2654 = DIRECTION ( 'NONE',  ( 1.000000000000000000, 0.000000000000000000, 0.000000000000000000 ) ) ;
#2655 = VECTOR ( 'NONE', #3033, 1000.000000000000000 ) ;
#2656 = LINE ( 'NONE', #10471, #5968 ) ;
#2657 = AXIS2_PLACEMENT_3D ( 'NONE', #7180, #6292, #2072 ) ;
#2658 = DIRECTION ( 'NONE',  ( 0.000000000000000000, 0.000000000000000000, -1.000000000000000000 ) ) ;
#2659 = APPLICATION_PROTOCOL_DEFINITION ( 'draft international standard', 'automotive_design', 1998, #1016 ) ;
#2660 = DIRECTION ( 'NONE',  ( -0.7071067811865474617, 0.000000000000000000, -0.7071067811865474617 ) ) ;
#2661 = DIRECTION ( 'NONE',  ( 0.000000000000000000, 0.000000000000000000, -1.000000000000000000 ) ) ;
#2662 = PLANE ( 'NONE',  #8713 ) ;
#2663 = FACE_OUTER_BOUND ( 'NONE', #241, .T. ) ;
#2664 = DIRECTION ( 'NONE',  ( 0.000000000000000000, 0.000000000000000000, 1.000000000000000000 ) ) ;
#2665 = FACE_OUTER_BOUND ( 'NONE', #6831, .T. ) ;
#2666 = CARTESIAN_POINT ( 'NONE',  ( -15.05070418153081313, 121.4985874826542016, 71.43161977471916657 ) ) ;
#2667 = DIRECTION ( 'NONE',  ( 0.000000000000000000, 1.000000000000000000, 0.000000000000000000 ) ) ;
#2668 = CYLINDRICAL_SURFACE ( 'NONE', #244, 4.999999999999997335 ) ;
#2669 = VECTOR ( 'NONE', #6560, 1000.000000000000000 ) ;
#2670 = EDGE_CURVE ( 'NONE', #3948, #4077, #8800, .T. ) ;
#2671 = PLANE ( 'NONE',  #4662 ) ;
#2672 = DIRECTION ( 'NONE',  ( -0.000000000000000000, -1.000000000000000000, -0.000000000000000000 ) ) ;
#2673 = DIRECTION ( 'NONE',  ( 0.000000000000000000, 1.000000000000000000, 0.000000000000000000 ) ) ;
#2674 =( GEOMETRIC_REPRESENTATION_CONTEXT ( 3 ) GLOBAL_UNCERTAINTY_ASSIGNED_CONTEXT ( ( #3498 ) ) GLOBAL_UNIT_ASSIGNED_CONTEXT ( ( #8447, #8366, #850 ) ) REPRESENTATION_CONTEXT ( 'NONE', 'WORKASPACE' ) );
#2675 = DIRECTION ( 'NONE',  ( 0.9659258262890713098, 0.000000000000000000, -0.2588190451025092487 ) ) ;
#2676 = UNCERTAINTY_MEASURE_WITH_UNIT (LENGTH_MEASURE( 1.000000000000000082E-05 ), #5661, 'distance_accuracy_value', 'NONE');
#2677 = CARTESIAN_POINT ( 'NONE',  ( -15.02265631979638805, 72.00000000000000000, -64.33446766623706026 ) ) ;
#2678 = SURFACE_STYLE_FILL_AREA ( #8657 ) ;
#2679 = FACE_OUTER_BOUND ( 'NONE', #8437, .T. ) ;
#2680 = VECTOR ( 'NONE', #2867, 1000.000000000000000 ) ;
#2681 = EDGE_LOOP ( 'NONE', ( #5222, #9965 ) ) ;
#2682 = PLANE ( 'NONE',  #8169 ) ;
#2683 = DIRECTION ( 'NONE',  ( 0.7071067811865452413, 0.000000000000000000, -0.7071067811865499042 ) ) ;
#2684 = ORIENTED_EDGE ( 'NONE', *, *, #6521, .T. ) ;
#2685 = EDGE_CURVE ( 'NONE', #9999, #8937, #6563, .T. ) ;
#2686 = ORIENTED_EDGE ( 'NONE', *, *, #1488, .T. ) ;
#2687 = DIRECTION ( 'NONE',  ( -0.7071067811865474617, 0.000000000000000000, 0.7071067811865474617 ) ) ;
#2688 = ORIENTED_EDGE ( 'NONE', *, *, #10638, .T. ) ;
#2689 = EDGE_CURVE ( 'NONE', #7982, #2288, #8142, .T. ) ;
#2690 = CARTESIAN_POINT ( 'NONE',  ( 71.14408545841493492, 124.4726904690371754, -16.35702088961863510 ) ) ;
#2691 = ORIENTED_EDGE ( 'NONE', *, *, #3337, .F. ) ;
#2692 = DIRECTION ( 'NONE',  ( -0.000000000000000000, -1.000000000000000000, -0.000000000000000000 ) ) ;
#2693 = VERTEX_POINT ( 'NONE', #4612 ) ;
#2694 = ORIENTED_EDGE ( 'NONE', *, *, #5946, .F. ) ;
#2695 = ORIENTED_EDGE ( 'NONE', *, *, #2708, .T. ) ;
#2696 = DIRECTION ( 'NONE',  ( 0.000000000000000000, 0.000000000000000000, 1.000000000000000000 ) ) ;
#2697 = DIRECTION ( 'NONE',  ( 1.000000000000000000, 0.000000000000000000, 0.000000000000000000 ) ) ;
#2698 =( LENGTH_UNIT ( ) NAMED_UNIT ( * ) SI_UNIT ( .MILLI., .METRE. ) );
#2699 = CARTESIAN_POINT ( 'NONE',  ( 0.000000000000000000, -8.000000000000000000, 0.000000000000000000 ) ) ;
#2700 = EDGE_CURVE ( 'NONE', #343, #3423, #3654, .T. ) ;
#2701 = LINE ( 'NONE', #5899, #7719 ) ;
#2702 = VECTOR ( 'NONE', #3418, 1000.000000000000000 ) ;
#2703 = VERTEX_POINT ( 'NONE', #8890 ) ;
#2704 = CARTESIAN_POINT ( 'NONE',  ( 63.91067609231115654, 93.35786437626902057, 5.000000000000677680 ) ) ;
#2705 = AXIS2_PLACEMENT_3D ( 'NONE', #9438, #5957, #2598 ) ;
#2706 = ADVANCED_FACE ( 'NONE', ( #1255 ), #4305, .F. ) ;
#2707 = CARTESIAN_POINT ( 'NONE',  ( -17.90769071599267903, 125.3222965543167078, 70.76989634408558061 ) ) ;
#2708 = EDGE_CURVE ( 'NONE', #2170, #5102, #3390, .T. ) ;
#2709 = ORIENTED_EDGE ( 'NONE', *, *, #2643, .T. ) ;
#2710 = CARTESIAN_POINT ( 'NONE',  ( -8.000000000000000000, 33.00000000000000000, -58.20458146424466150 ) ) ;
#2711 = ORIENTED_EDGE ( 'NONE', *, *, #6760, .F. ) ;
#2712 = ORIENTED_EDGE ( 'NONE', *, *, #1475, .F. ) ;
#2713 = MECHANICAL_DESIGN_GEOMETRIC_PRESENTATION_REPRESENTATION (  '', ( #8031 ), #7399 ) ;
#2714 = LINE ( 'NONE', #7088, #9190 ) ;
#2715 =( NAMED_UNIT ( * ) SI_UNIT ( $, .STERADIAN. ) SOLID_ANGLE_UNIT ( ) );
#2716 = CARTESIAN_POINT ( 'NONE',  ( 25.10229073212240891, 13.00000000000000178, 25.10229073212244089 ) ) ;
#2717 = FACE_BOUND ( 'NONE', #60, .T. ) ;
#2718 = ORIENTED_EDGE ( 'NONE', *, *, #5815, .F. ) ;
#2719 = CARTESIAN_POINT ( 'NONE',  ( 0.000000000000000000, 115.4999999999999858, -69.74567609231115739 ) ) ;
#2720 = CARTESIAN_POINT ( 'NONE',  ( -64.00694410957882496, 33.00000000000000000, -5.999999999999329425 ) ) ;
#2721 = ORIENTED_EDGE ( 'NONE', *, *, #911, .F. ) ;
#2722 = ORIENTED_EDGE ( 'NONE', *, *, #10336, .T. ) ;
#2723 = ADVANCED_FACE ( 'NONE', ( #2055 ), #8880, .T. ) ;
#2724 = CARTESIAN_POINT ( 'NONE',  ( 71.51916383111920084, 121.5000000000000284, -15.07416127927735694 ) ) ;
#2725 = ORIENTED_EDGE ( 'NONE', *, *, #6380, .F. ) ;
#2726 = EDGE_LOOP ( 'NONE', ( #448, #6945 ) ) ;
#2727 = ORIENTED_EDGE ( 'NONE', *, *, #2138, .T. ) ;
#2728 = CARTESIAN_POINT ( 'NONE',  ( -64.00694410957865443, 53.00000000000000711, 10.00000000000071232 ) ) ;
#2730 = VECTOR ( 'NONE', #9124, 1000.000000000000000 ) ;
#2729 = CARTESIAN_POINT ( 'NONE',  ( -11.80236264533390589, 53.00000000000000711, 62.00694410957876102 ) ) ;
#2731 = VECTOR ( 'NONE', #9822, 999.9999999999998863 ) ;
#2732 = EDGE_LOOP ( 'NONE', ( #2207, #2174, #7627, #4040 ) ) ;
#2733 = CARTESIAN_POINT ( 'NONE',  ( -3.005988244198139631E-13, 109.4999999999999858, 42.42640687119286724 ) ) ;
#2734 =( GEOMETRIC_REPRESENTATION_CONTEXT ( 3 ) GLOBAL_UNCERTAINTY_ASSIGNED_CONTEXT ( ( #10706 ) ) GLOBAL_UNIT_ASSIGNED_CONTEXT ( ( #9324, #5208, #4242 ) ) REPRESENTATION_CONTEXT ( 'NONE', 'WORKASPACE' ) );
#2735 = AXIS2_PLACEMENT_3D ( 'NONE', #7076, #9739, #6261 ) ;
#2736 = CARTESIAN_POINT ( 'NONE',  ( -1.204972080621668936E-12, -6.000000000000000000, -42.42640687119408227 ) ) ;
#2737 = VECTOR ( 'NONE', #2672, 1000.000000000000000 ) ;
#2738 = DIRECTION ( 'NONE',  ( 1.047444401652940007E-14, 0.000000000000000000, 1.000000000000000000 ) ) ;
#2739 = ORIENTED_EDGE ( 'NONE', *, *, #9635, .F. ) ;
#2740 = ORIENTED_EDGE ( 'NONE', *, *, #3266, .F. ) ;
#2741 = CARTESIAN_POINT ( 'NONE',  ( 64.00694410957875391, 33.00000000000000000, -2.234790509149696533E-13 ) ) ;
#2742 = FACE_BOUND ( 'NONE', #1371, .T. ) ;
#2743 = VERTEX_POINT ( 'NONE', #8036 ) ;
#2744 = FACE_OUTER_BOUND ( 'NONE', #5541, .T. ) ;
#2745 = ORIENTED_EDGE ( 'NONE', *, *, #1056, .F. ) ;
#2746 = SURFACE_STYLE_USAGE ( .BOTH. , #4333 ) ;
#2747 = DIRECTION ( 'NONE',  ( 0.7071067811865476838, 0.000000000000000000, -0.7071067811865474617 ) ) ;
#2748 = CARTESIAN_POINT ( 'NONE',  ( 8.694992273946206563E-15, 107.4999999999999858, 71.00000000000001421 ) ) ;
#2749 = COLOUR_RGB ( '',1.000000000000000000, 0.5019607843137254832, 0.7529411764705882248 ) ;
#2750 = ORIENTED_EDGE ( 'NONE', *, *, #9022, .T. ) ;
#2751 = VERTEX_POINT ( 'NONE', #5583 ) ;
#2752 = CARTESIAN_POINT ( 'NONE',  ( -3.005988244198139631E-13, 109.4999999999999858, 42.42640687119286724 ) ) ;
#2753 = CARTESIAN_POINT ( 'NONE',  ( -63.91067609231115654, 92.49999999999998579, -3.950000000000212008 ) ) ;
#2754 = FACE_OUTER_BOUND ( 'NONE', #4813, .T. ) ;
#2755 = CARTESIAN_POINT ( 'NONE',  ( -11.66726188957804311, 0.000000000000000000, 11.66726188957804311 ) ) ;
#2756 = CARTESIAN_POINT ( 'NONE',  ( -6.802362645333919211, 28.78955317794349611, 57.00694410957876812 ) ) ;
#2757 = VERTEX_POINT ( 'NONE', #530 ) ;
#2758 = VERTEX_POINT ( 'NONE', #556 ) ;
#2759 = CARTESIAN_POINT ( 'NONE',  ( -15.05070418153081313, 121.4985874826542016, 71.43161977471916657 ) ) ;
#2760 = DIRECTION ( 'NONE',  ( -0.000000000000000000, -1.000000000000000000, -0.000000000000000000 ) ) ;
#2761 = PRESENTATION_LAYER_ASSIGNMENT (  '', '', ( #5582 ) ) ;
#2762 = CARTESIAN_POINT ( 'NONE',  ( -48.08326112068524338, 81.00000000000000000, -3.469446951953614189E-14 ) ) ;
#2763 = VECTOR ( 'NONE', #518, 1000.000000000000000 ) ;
#2764 = DIRECTION ( 'NONE',  ( -1.000000000000000000, 0.000000000000000000, -0.000000000000000000 ) ) ;
#2765 = ORIENTED_EDGE ( 'NONE', *, *, #4750, .T. ) ;
#2766 = FACE_OUTER_BOUND ( 'NONE', #703, .T. ) ;
#2767 = ADVANCED_FACE ( 'NONE', ( #5088 ), #10391, .F. ) ;
#2768 = ORIENTED_EDGE ( 'NONE', *, *, #3067, .F. ) ;
#2769 = CARTESIAN_POINT ( 'NONE',  ( -18.67572048134053375, 120.4724575136158649, 54.93833353485215554 ) ) ;
#2770 = DIRECTION ( 'NONE',  ( -0.7071067811865476838, 0.000000000000000000, 0.7071067811865474617 ) ) ;
#2771 = CARTESIAN_POINT ( 'NONE',  ( 0.000000000000000000, 15.00000000000000000, -48.08326112068525759 ) ) ;
#2772 = EDGE_CURVE ( 'NONE', #709, #356, #3917, .T. ) ;
#2773 = SURFACE_STYLE_USAGE ( .BOTH. , #10307 ) ;
#2774 = EDGE_CURVE ( 'NONE', #10240, #46, #9632, .T. ) ;
#2775 = ADVANCED_FACE ( 'NONE', ( #1918 ), #10796, .F. ) ;
#2776 = CARTESIAN_POINT ( 'NONE',  ( 43.72964354981449731, 121.4985874826541732, 38.14350033561125741 ) ) ;
#2777 = CARTESIAN_POINT ( 'NONE',  ( -57.00694410957869707, 28.78955317794233082, 6.802362645333793978 ) ) ;
#2778 = CARTESIAN_POINT ( 'NONE',  ( 11.99999999999996447, 72.00000000000000000, -62.20458146424481782 ) ) ;
#2779 = DIRECTION ( 'NONE',  ( 0.000000000000000000, 0.000000000000000000, 1.000000000000000000 ) ) ;
#2780 = AXIS2_PLACEMENT_3D ( 'NONE', #9733, #10626, #10705 ) ;
#2781 = PLANE ( 'NONE',  #3061 ) ;
#2782 = VECTOR ( 'NONE', #4107, 1000.000000000000000 ) ;
#2783 = DIRECTION ( 'NONE',  ( 0.000000000000000000, 0.000000000000000000, 1.000000000000000000 ) ) ;
#2784 = LINE ( 'NONE', #6681, #8999 ) ;
#2785 = CARTESIAN_POINT ( 'NONE',  ( 8.000000000000000000, 33.00000000000000000, -62.00694410957876102 ) ) ;
#2786 = EDGE_CURVE ( 'NONE', #521, #1935, #6503, .T. ) ;
#2787 = CARTESIAN_POINT ( 'NONE',  ( -70.82372483850312506, 53.00000000000000711, 4.999999999999760192 ) ) ;
#2788 = STYLED_ITEM ( 'NONE', ( #4889 ), #9029 ) ;
#2789 =( NAMED_UNIT ( * ) SI_UNIT ( $, .STERADIAN. ) SOLID_ANGLE_UNIT ( ) );
#2790 = DIRECTION ( 'NONE',  ( -0.000000000000000000, 1.000000000000000000, -0.000000000000000000 ) ) ;
#2791 = PLANE ( 'NONE',  #7556 ) ;
#2792 = CARTESIAN_POINT ( 'NONE',  ( -17.66110962115761751, 117.7553379789134738, 70.83178476933176171 ) ) ;
#2793 = CIRCLE ( 'NONE', #9291, 5.000000000000007994 ) ;
#2794 = FACE_OUTER_BOUND ( 'NONE', #329, .T. ) ;
#2795 = EDGE_CURVE ( 'NONE', #5594, #610, #4044, .T. ) ;
#2796 = CARTESIAN_POINT ( 'NONE',  ( 69.47437871153343281, 122.5297787185175196, -22.70532608308710110 ) ) ;
#2797 = SURFACE_STYLE_FILL_AREA ( #2522 ) ;
#2798 = DIRECTION ( 'NONE',  ( -0.000000000000000000, -1.000000000000000000, -0.000000000000000000 ) ) ;
#2799 = DIRECTION ( 'NONE',  ( -0.7071067811865495711, 0.000000000000000000, -0.7071067811865454633 ) ) ;
#2800 = CARTESIAN_POINT ( 'NONE',  ( -54.06463045002566759, 123.2508073318803525, -49.05125384052546877 ) ) ;
#2801 = LINE ( 'NONE', #10951, #9275 ) ;
#2802 = CIRCLE ( 'NONE', #7175, 1.850000000000004530 ) ;
#2803 = CARTESIAN_POINT ( 'NONE',  ( -54.40033192662359340, 121.4985874826540737, -48.81418871242035351 ) ) ;
#2804 = CARTESIAN_POINT ( 'NONE',  ( 15.05079563574942902, 121.2376102152931168, -71.43160050523606230 ) ) ;
#2805 = LINE ( 'NONE', #2304, #8094 ) ;
#2806 = MECHANICAL_DESIGN_GEOMETRIC_PRESENTATION_REPRESENTATION (  '', ( #10315 ), #9038 ) ;
#2807 = FACE_OUTER_BOUND ( 'NONE', #9437, .T. ) ;
#2808 =( BOUNDED_CURVE ( )  B_SPLINE_CURVE ( 3, ( #8814, #6310, #1731, #2710 ),
 .UNSPECIFIED., .F., .F. ) 
 B_SPLINE_CURVE_WITH_KNOTS ( ( 4, 4 ),
 ( 5.728935158964071128, 6.283185307179586232 ),
 .UNSPECIFIED. ) 
 CURVE ( )  GEOMETRIC_REPRESENTATION_ITEM ( )  RATIONAL_B_SPLINE_CURVE ( ( 1.000000000000000000, 0.9745639783809396661, 0.9745639783809396661, 1.000000000000000000 ) ) 
 REPRESENTATION_ITEM ( '' )  );
#2809 = PRESENTATION_STYLE_ASSIGNMENT (( #6400 ) ) ;
#2810 = PLANE ( 'NONE',  #7639 ) ;
#2811 = DIRECTION ( 'NONE',  ( 0.000000000000000000, 1.000000000000000000, 0.000000000000000000 ) ) ;
#2812 = DIRECTION ( 'NONE',  ( -0.000000000000000000, -1.000000000000000000, 0.000000000000000000 ) ) ;
#2813 = CARTESIAN_POINT ( 'NONE',  ( 62.20458146424517309, 53.00000000000000711, -12.00000000000027001 ) ) ;
#2814 = ADVANCED_FACE ( 'NONE', ( #7090 ), #8203, .F. ) ;
#2815 = DIRECTION ( 'NONE',  ( -0.000000000000000000, -1.000000000000000000, -0.000000000000000000 ) ) ;
#2816 = VERTEX_POINT ( 'NONE', #7294 ) ;
#2817 = AXIS2_PLACEMENT_3D ( 'NONE', #3534, #8326, #7965 ) ;
#2818 = CARTESIAN_POINT ( 'NONE',  ( 62.00694410957880365, 13.00000000000000178, 11.99999999999974065 ) ) ;
#2819 = CYLINDRICAL_SURFACE ( 'NONE', #8759, 5.000000000000004441 ) ;
#2820 = LINE ( 'NONE', #8873, #7570 ) ;
#2821 = ORIENTED_EDGE ( 'NONE', *, *, #9927, .T. ) ;
#2822 = DIRECTION ( 'NONE',  ( 0.000000000000000000, 1.000000000000000000, 0.000000000000000000 ) ) ;
#2823 = CARTESIAN_POINT ( 'NONE',  ( 15.69263254813890107, 10.00000000000000000, -15.69263254813890107 ) ) ;
#2824 = DIRECTION ( 'NONE',  ( -0.000000000000000000, -1.000000000000000000, -0.000000000000000000 ) ) ;
#2825 = CARTESIAN_POINT ( 'NONE',  ( -54.96131621766481601, 120.2304192308563557, 18.60502139265372179 ) ) ;
#2826 = ORIENTED_EDGE ( 'NONE', *, *, #2497, .F. ) ;
#2827 = CARTESIAN_POINT ( 'NONE',  ( 62.00694410957873259, 51.00000000000000711, -10.00000000000026112 ) ) ;
#2828 = ORIENTED_EDGE ( 'NONE', *, *, #3215, .T. ) ;
#2829 = ORIENTED_EDGE ( 'NONE', *, *, #9719, .F. ) ;
#2830 = ADVANCED_FACE ( 'NONE', ( #6299, #8269 ), #1436, .T. ) ;
#2831 = DIRECTION ( 'NONE',  ( 0.000000000000000000, 0.000000000000000000, 1.000000000000000000 ) ) ;
#2832 =( BOUNDED_CURVE ( )  B_SPLINE_CURVE ( 3, ( #2052, #9037, #5642, #8824 ),
 .UNSPECIFIED., .F., .F. ) 
 B_SPLINE_CURVE_WITH_KNOTS ( ( 4, 4 ),
 ( 5.728935158963857965, 6.283185307179586232 ),
 .UNSPECIFIED. ) 
 CURVE ( )  GEOMETRIC_REPRESENTATION_ITEM ( )  RATIONAL_B_SPLINE_CURVE ( ( 1.000000000000000000, 0.9745639783809201262, 0.9745639783809201262, 1.000000000000000000 ) ) 
 REPRESENTATION_ITEM ( '' )  );
#2833 = ORIENTED_EDGE ( 'NONE', *, *, #3983, .F. ) ;
#2834 = DIRECTION ( 'NONE',  ( 0.000000000000000000, 0.000000000000000000, 1.000000000000000000 ) ) ;
#2835 = EDGE_CURVE ( 'NONE', #1382, #8425, #5632, .T. ) ;
#2836 = EDGE_CURVE ( 'NONE', #5382, #7371, #1114, .T. ) ;
#2837 = CARTESIAN_POINT ( 'NONE',  ( -15.50986186965174873, 117.5767212953708736, 55.88873136093543792 ) ) ;
#2838 = ORIENTED_EDGE ( 'NONE', *, *, #7977, .T. ) ;
#2839 = DIRECTION ( 'NONE',  ( -0.000000000000000000, -1.000000000000000000, 0.000000000000000000 ) ) ;
#2840 = EDGE_CURVE ( 'NONE', #4729, #5633, #4571, .T. ) ;
#2841 = DIRECTION ( 'NONE',  ( -1.000000000000000000, 0.000000000000000000, 1.047444401652940007E-14 ) ) ;
#2842 = CARTESIAN_POINT ( 'NONE',  ( -43.64362644301160543, 120.4775616640429092, -38.23923090309018136 ) ) ;
#2843 = ORIENTED_EDGE ( 'NONE', *, *, #7870, .T. ) ;
#2844 = SURFACE_STYLE_USAGE ( .BOTH. , #6169 ) ;
#2845 = PLANE ( 'NONE',  #3503 ) ;
#2846 = PRESENTATION_STYLE_ASSIGNMENT (( #3977 ) ) ;
#2847 = CYLINDRICAL_SURFACE ( 'NONE', #659, 1.850000000000002753 ) ;
#2848 = ORIENTED_EDGE ( 'NONE', *, *, #9144, .T. ) ;
#2849 = CARTESIAN_POINT ( 'NONE',  ( 16.36060329597949803, 118.5240787878594091, -71.14326281831873189 ) ) ;
#2850 = AXIS2_PLACEMENT_3D ( 'NONE', #4692, #4658, #5521 ) ;
#2851 = EDGE_LOOP ( 'NONE', ( #853, #3147, #3224, #9705 ) ) ;
#2852 = ORIENTED_EDGE ( 'NONE', *, *, #9222, .F. ) ;
#2853 = DIRECTION ( 'NONE',  ( -0.7071067811865476838, 0.000000000000000000, 0.7071067811865474617 ) ) ;
#2854 = FILL_AREA_STYLE ('',( #8716 ) ) ;
#2855 = CARTESIAN_POINT ( 'NONE',  ( -20.57675085431514361, 72.00000000000000000, 67.95290519381379113 ) ) ;
#2856 = DIRECTION ( 'NONE',  ( 0.000000000000000000, 0.000000000000000000, -1.000000000000000000 ) ) ;
#2857 = ORIENTED_EDGE ( 'NONE', *, *, #10857, .T. ) ;
#2858 = EDGE_CURVE ( 'NONE', #7590, #6300, #1513, .T. ) ;
#2859 = ORIENTED_EDGE ( 'NONE', *, *, #5688, .F. ) ;
#2860 = DIRECTION ( 'NONE',  ( -0.000000000000000000, -1.000000000000000000, -0.000000000000000000 ) ) ;
#2861 = AXIS2_PLACEMENT_3D ( 'NONE', #7002, #10252, #10321 ) ;
#2862 = LINE ( 'NONE', #6792, #3785 ) ;
#2863 = ORIENTED_EDGE ( 'NONE', *, *, #1328, .T. ) ;
#2864 = PLANE ( 'NONE',  #7743 ) ;
#2865 = EDGE_CURVE ( 'NONE', #2376, #7085, #10119, .T. ) ;
#2866 = CARTESIAN_POINT ( 'NONE',  ( -57.00694410957883917, 33.00000000000000000, -6.802362645333766444 ) ) ;
#2867 = DIRECTION ( 'NONE',  ( -0.000000000000000000, -1.000000000000000000, -0.000000000000000000 ) ) ;
#2868 = EDGE_CURVE ( 'NONE', #604, #5255, #6023, .T. ) ;
#2869 = ORIENTED_EDGE ( 'NONE', *, *, #5162, .F. ) ;
#2870 = VERTEX_POINT ( 'NONE', #6624 ) ;
#2871 = EDGE_LOOP ( 'NONE', ( #4556, #6308, #886, #2197 ) ) ;
#2872 = DIRECTION ( 'NONE',  ( -0.7071067811865476838, 0.000000000000000000, 0.7071067811865474617 ) ) ;
#2873 = DIRECTION ( 'NONE',  ( 0.000000000000000000, 1.000000000000000000, 0.000000000000000000 ) ) ;
#2874 = ORIENTED_EDGE ( 'NONE', *, *, #7591, .F. ) ;
#2875 = CARTESIAN_POINT ( 'NONE',  ( -56.60912306587962917, 118.3609155212179900, 12.67425734060185327 ) ) ;
#2876 = CARTESIAN_POINT ( 'NONE',  ( -66.18446766623713984, 0.000000000000000000, -16.87265631979592939 ) ) ;
#2877 = FACE_OUTER_BOUND ( 'NONE', #9948, .T. ) ;
#2878 = VERTEX_POINT ( 'NONE', #5803 ) ;
#2879 = DIRECTION ( 'NONE',  ( -0.000000000000000000, 1.000000000000000000, -0.000000000000000000 ) ) ;
#2880 = AXIS2_PLACEMENT_3D ( 'NONE', #1379, #5646, #1419 ) ;
#2881 = FACE_OUTER_BOUND ( 'NONE', #6679, .T. ) ;
#2882 = CARTESIAN_POINT ( 'NONE',  ( 3.469446951953638249E-15, 72.00000000000000000, 6.938893903907215756E-15 ) ) ;
#2883 = ORIENTED_EDGE ( 'NONE', *, *, #10925, .F. ) ;
#2884 = EDGE_LOOP ( 'NONE', ( #2996, #960 ) ) ;
#2885 = PRESENTATION_STYLE_ASSIGNMENT (( #10217 ) ) ;
#2886 = CARTESIAN_POINT ( 'NONE',  ( -49.04866781098591844, 123.2468771370596414, -54.06697603249304507 ) ) ;
#2887 = MECHANICAL_DESIGN_GEOMETRIC_PRESENTATION_REPRESENTATION (  '', ( #7274 ), #2734 ) ;
#2888 = ORIENTED_EDGE ( 'NONE', *, *, #5457, .T. ) ;
#2889 =( GEOMETRIC_REPRESENTATION_CONTEXT ( 3 ) GLOBAL_UNCERTAINTY_ASSIGNED_CONTEXT ( ( #9405 ) ) GLOBAL_UNIT_ASSIGNED_CONTEXT ( ( #4731, #8060, #2141 ) ) REPRESENTATION_CONTEXT ( 'NONE', 'WORKASPACE' ) );
#2890 = DIRECTION ( 'NONE',  ( -0.000000000000000000, -1.000000000000000000, -0.000000000000000000 ) ) ;
#2891 = FILL_AREA_STYLE ('',( #148 ) ) ;
#2892 = DIRECTION ( 'NONE',  ( -6.803704343522554839E-17, 1.000000000000000000, 2.878473196813116306E-17 ) ) ;
#2893 = CIRCLE ( 'NONE', #3305, 3.949999999999995293 ) ;
#2894 = CARTESIAN_POINT ( 'NONE',  ( 18.64306271008120675, 117.5501692463045629, -70.57975875856283210 ) ) ;
#2895 = ORIENTED_EDGE ( 'NONE', *, *, #8436, .T. ) ;
#2896 = B_SPLINE_CURVE_WITH_KNOTS ( 'NONE', 3,
 ( #3511, #9427, #959, #4324, #9463, #10223, #4389, #10304, #3472, #5240, #184, #126, #6092, #1008, #6935, #7787, #1859, #6794, #8632, #10159, #83, #40, #896, #6839, #1720, #1752, #7675, #6017, #8529, #334, #2842, #1896, #5432, #3659 ),
 .UNSPECIFIED., .F., .F.,
 ( 4, 2, 2, 2, 2, 2, 2, 2, 2, 2, 2, 2, 2, 2, 2, 2, 4 ),
 ( 0.000000000000000000, 0.03125000000000000000, 0.06250000000000000000, 0.09375000000000000000, 0.1250000000000000000, 0.1562500000000000000, 0.1875000000000000000, 0.2187500000000000000, 0.2500000000000000000, 0.2812500000000000000, 0.3125000000000000000, 0.3437500000000000000, 0.3750000000000000000, 0.4062500000000000000, 0.4375000000000000000, 0.4687500000000000000, 0.5000000000000000000 ),
 .UNSPECIFIED. ) ;
#2897 = ADVANCED_FACE ( 'NONE', ( #9597 ), #10534, .F. ) ;
#2898 = CARTESIAN_POINT ( 'NONE',  ( 12.00000000000004796, 53.00000000000000711, 69.97856814768361744 ) ) ;
#2899 = CARTESIAN_POINT ( 'NONE',  ( -42.42640687119286014, 109.4999999999999858, -4.487298322847499863E-13 ) ) ;
#2900 = EDGE_CURVE ( 'NONE', #3647, #5533, #3120, .T. ) ;
#2901 = DIRECTION ( 'NONE',  ( 0.000000000000000000, 1.000000000000000000, -0.000000000000000000 ) ) ;
#2902 = DIRECTION ( 'NONE',  ( -0.000000000000000000, -1.000000000000000000, -0.000000000000000000 ) ) ;
#2903 = LINE ( 'NONE', #4165, #6469 ) ;
#2904 = DIRECTION ( 'NONE',  ( 0.000000000000000000, -1.000000000000000000, 0.000000000000000000 ) ) ;
#2905 = ORIENTED_EDGE ( 'NONE', *, *, #5457, .F. ) ;
#2906 = ORIENTED_EDGE ( 'NONE', *, *, #6048, .F. ) ;
#2907 =( GEOMETRIC_REPRESENTATION_CONTEXT ( 3 ) GLOBAL_UNCERTAINTY_ASSIGNED_CONTEXT ( ( #1515 ) ) GLOBAL_UNIT_ASSIGNED_CONTEXT ( ( #9449, #5229, #6082 ) ) REPRESENTATION_CONTEXT ( 'NONE', 'WORKASPACE' ) );
#2908 = CARTESIAN_POINT ( 'NONE',  ( -42.42640687119286014, 127.5010000000000048, -1.850000000000446398 ) ) ;
#2909 = DIRECTION ( 'NONE',  ( -0.7071067811865495711, 0.000000000000000000, -0.7071067811865454633 ) ) ;
#2910 = LINE ( 'NONE', #4099, #9394 ) ;
#2911 = DIRECTION ( 'NONE',  ( 1.000000000000000000, 0.000000000000000000, 0.000000000000000000 ) ) ;
#2912 = DIRECTION ( 'NONE',  ( 0.000000000000000000, 0.000000000000000000, 1.000000000000000000 ) ) ;
#2913 = CARTESIAN_POINT ( 'NONE',  ( 66.18446766623711142, 72.00000000000000000, -15.02265631979615712 ) ) ;
#2914 = DIRECTION ( 'NONE',  ( 1.000000000000000000, 0.000000000000000000, -3.838426034038494774E-15 ) ) ;
#2915 = CIRCLE ( 'NONE', #1439, 1.850000000000006084 ) ;
#2916 = AXIS2_PLACEMENT_3D ( 'NONE', #5475, #8753, #8791 ) ;
#2917 = ORIENTED_EDGE ( 'NONE', *, *, #1829, .F. ) ;
#2918 = DIRECTION ( 'NONE',  ( 0.000000000000000000, 0.000000000000000000, -1.000000000000000000 ) ) ;
#2919 = EDGE_CURVE ( 'NONE', #7846, #2480, #603, .T. ) ;
#2920 = PLANE ( 'NONE',  #1360 ) ;
#2921 = VECTOR ( 'NONE', #8609, 1000.000000000000000 ) ;
#2922 = CARTESIAN_POINT ( 'NONE',  ( -18.60286251885636233, 120.2234528243195797, 54.96201581069452402 ) ) ;
#2923 = CIRCLE ( 'NONE', #8519, 4.999999999999997335 ) ;
#2924 = DIRECTION ( 'NONE',  ( 0.7071067811865516806, 0.000000000000000000, 0.7071067811865434649 ) ) ;
#2925 = DIRECTION ( 'NONE',  ( 0.000000000000000000, 1.000000000000000000, 0.000000000000000000 ) ) ;
#2926 = SURFACE_SIDE_STYLE ('',( #2535 ) ) ;
#2927 = CARTESIAN_POINT ( 'NONE',  ( 13.77321354409671805, 125.2427145955464738, -56.34429982151949901 ) ) ;
#2928 = CARTESIAN_POINT ( 'NONE',  ( 0.000000000000000000, 0.000000000000000000, 0.000000000000000000 ) ) ;
#2929 = EDGE_CURVE ( 'NONE', #3070, #2586, #9338, .T. ) ;
#2930 = CARTESIAN_POINT ( 'NONE',  ( 21.90876825144180984, 119.0905420012694975, -69.63494952589846321 ) ) ;
#2931 =( GEOMETRIC_REPRESENTATION_CONTEXT ( 3 ) GLOBAL_UNCERTAINTY_ASSIGNED_CONTEXT ( ( #3839 ) ) GLOBAL_UNIT_ASSIGNED_CONTEXT ( ( #3855, #2938, #5554 ) ) REPRESENTATION_CONTEXT ( 'NONE', 'WORKASPACE' ) );
#2932 = VECTOR ( 'NONE', #2569, 1000.000000000000000 ) ;
#2933 = EDGE_CURVE ( 'NONE', #2615, #1880, #8008, .T. ) ;
#2934 = CARTESIAN_POINT ( 'NONE',  ( -11.99999999999995737, 0.000000000000000000, 69.97856814768363165 ) ) ;
#2935 = UNCERTAINTY_MEASURE_WITH_UNIT (LENGTH_MEASURE( 1.000000000000000082E-05 ), #6741, 'distance_accuracy_value', 'NONE');
#2936 = CARTESIAN_POINT ( 'NONE',  ( 71.10976402198042479, 117.9780511645801937, -16.91693277993776334 ) ) ;
#2937 = CARTESIAN_POINT ( 'NONE',  ( 0.000000000000000000, 107.4999999999999858, 63.91067609231115654 ) ) ;
#2938 =( NAMED_UNIT ( * ) PLANE_ANGLE_UNIT ( ) SI_UNIT ( $, .RADIAN. ) );
#2939 = DIRECTION ( 'NONE',  ( 0.000000000000000000, -1.000000000000000000, 0.000000000000000000 ) ) ;
#2940 = SURFACE_STYLE_FILL_AREA ( #3289 ) ;
#2941 = VECTOR ( 'NONE', #8027, 1000.000000000000000 ) ;
#2942 = DIRECTION ( 'NONE',  ( 0.000000000000000000, -0.000000000000000000, 1.000000000000000000 ) ) ;
#2943 = AXIS2_PLACEMENT_3D ( 'NONE', #8483, #6239, #229 ) ;
#2944 = CIRCLE ( 'NONE', #1724, 6.000000000000000000 ) ;
#2945 = CARTESIAN_POINT ( 'NONE',  ( -55.68596221188784767, 117.7525690096618831, 16.23108584177485270 ) ) ;
#2946 = CARTESIAN_POINT ( 'NONE',  ( -13.00721133864188417, 125.0194328563234762, 56.53417331930044298 ) ) ;
#2947 = LINE ( 'NONE', #7878, #1854 ) ;
#2948 = ADVANCED_FACE ( 'NONE', ( #7608 ), #10077, .T. ) ;
#2949 = LINE ( 'NONE', #384, #9680 ) ;
#2950 = CIRCLE ( 'NONE', #2416, 5.000000000000007994 ) ;
#2951 = DIRECTION ( 'NONE',  ( 0.000000000000000000, 1.000000000000000000, 0.000000000000000000 ) ) ;
#2952 = PRESENTATION_LAYER_ASSIGNMENT (  '', '', ( #1949 ) ) ;
#2953 = DIRECTION ( 'NONE',  ( 0.000000000000000000, 0.000000000000000000, 1.000000000000000000 ) ) ;
#2954 = VERTEX_POINT ( 'NONE', #9877 ) ;
#2955 = CARTESIAN_POINT ( 'NONE',  ( -1.204972080621668936E-12, -6.000000000000000000, -42.42640687119408227 ) ) ;
#2956 = CIRCLE ( 'NONE', #9903, 1.849999999999997424 ) ;
#2957 = LINE ( 'NONE', #7253, #5056 ) ;
#2958 = VERTEX_POINT ( 'NONE', #6508 ) ;
#2959 =( LENGTH_UNIT ( ) NAMED_UNIT ( * ) SI_UNIT ( .MILLI., .METRE. ) );
#2960 = DIRECTION ( 'NONE',  ( 0.000000000000000000, 1.000000000000000000, 0.000000000000000000 ) ) ;
#2961 = DIRECTION ( 'NONE',  ( 0.7071067811865474617, -0.000000000000000000, 0.7071067811865476838 ) ) ;
#2962 = ORIENTED_EDGE ( 'NONE', *, *, #4680, .T. ) ;
#2963 = ADVANCED_FACE ( 'NONE', ( #4833 ), #10933, .F. ) ;
#2964 =( GEOMETRIC_REPRESENTATION_CONTEXT ( 3 ) GLOBAL_UNCERTAINTY_ASSIGNED_CONTEXT ( ( #7420 ) ) GLOBAL_UNIT_ASSIGNED_CONTEXT ( ( #9499, #2580, #3507 ) ) REPRESENTATION_CONTEXT ( 'NONE', 'WORKASPACE' ) );
#2965 = ORIENTED_EDGE ( 'NONE', *, *, #2562, .T. ) ;
#2966 = CARTESIAN_POINT ( 'NONE',  ( 48.08326112068522917, 15.00000000000000000, -3.469446951953614189E-15 ) ) ;
#2967 = CARTESIAN_POINT ( 'NONE',  ( 18.39103207616439306, 123.5667773864315109, -55.03400467301955246 ) ) ;
#2968 = CARTESIAN_POINT ( 'NONE',  ( 54.89817679666894890, 120.4673962467907984, -18.79888102823593243 ) ) ;
#2969 = VERTEX_POINT ( 'NONE', #9318 ) ;
#2970 = DIRECTION ( 'NONE',  ( 0.000000000000000000, 0.000000000000000000, 1.000000000000000000 ) ) ;
#2971 = CARTESIAN_POINT ( 'NONE',  ( 48.39067703722250258, 0.000000000000000000, 48.39067703722250258 ) ) ;
#2972 = ORIENTED_EDGE ( 'NONE', *, *, #9913, .F. ) ;
#2973 = MECHANICAL_DESIGN_GEOMETRIC_PRESENTATION_REPRESENTATION (  '', ( #7356 ), #4732 ) ;
#2974 = ORIENTED_EDGE ( 'NONE', *, *, #3017, .F. ) ;
#2975 = DIRECTION ( 'NONE',  ( 0.000000000000000000, 0.000000000000000000, -1.000000000000000000 ) ) ;
#2976 = ORIENTED_EDGE ( 'NONE', *, *, #6798, .T. ) ;
#2977 = CARTESIAN_POINT ( 'NONE',  ( 48.08326112068522917, 2.327753354443970006E-15, -3.469446951953614189E-15 ) ) ;
#2978 = DIRECTION ( 'NONE',  ( 0.000000000000000000, 0.000000000000000000, 1.000000000000000000 ) ) ;
#2979 = ORIENTED_EDGE ( 'NONE', *, *, #7381, .F. ) ;
#2980 = CARTESIAN_POINT ( 'NONE',  ( -12.00000000000047784, 0.000000000000000000, -62.20458146424513046 ) ) ;
#2981 = ORIENTED_EDGE ( 'NONE', *, *, #10470, .T. ) ;
#2982 = ORIENTED_EDGE ( 'NONE', *, *, #1839, .T. ) ;
#2983 = DIRECTION ( 'NONE',  ( 0.000000000000000000, 0.000000000000000000, 1.000000000000000000 ) ) ;
#2984 = ORIENTED_EDGE ( 'NONE', *, *, #8240, .T. ) ;
#2985 = ORIENTED_EDGE ( 'NONE', *, *, #5749, .T. ) ;
#2986 = EDGE_CURVE ( 'NONE', #1280, #7619, #1384, .T. ) ;
#2987 = FACE_OUTER_BOUND ( 'NONE', #10078, .T. ) ;
#2988 = ORIENTED_EDGE ( 'NONE', *, *, #1708, .T. ) ;
#2989 = CARTESIAN_POINT ( 'NONE',  ( 71.14268214208235008, 118.5215291845034642, -16.36315304513200530 ) ) ;
#2990 = EDGE_CURVE ( 'NONE', #4700, #233, #7358, .T. ) ;
#2991 = DIRECTION ( 'NONE',  ( 0.000000000000000000, 0.000000000000000000, -1.000000000000000000 ) ) ;
#2992 = EDGE_LOOP ( 'NONE', ( #6256, #9383, #8018, #7392 ) ) ;
#2993 = DIRECTION ( 'NONE',  ( 1.776356839400250465E-15, 0.000000000000000000, 1.000000000000000000 ) ) ;
#2994 = CARTESIAN_POINT ( 'NONE',  ( -17.74832372956905502, 72.00000000000000000, -39.66863394635184648 ) ) ;
#2995 = VERTEX_POINT ( 'NONE', #6800 ) ;
#2996 = ORIENTED_EDGE ( 'NONE', *, *, #4401, .F. ) ;
#2997 = ORIENTED_EDGE ( 'NONE', *, *, #10265, .F. ) ;
#2998 = CARTESIAN_POINT ( 'NONE',  ( 67.95290519381381955, 72.00000000000000000, -20.57675085431509743 ) ) ;
#2999 = AXIS2_PLACEMENT_3D ( 'NONE', #830, #4367, #9409 ) ;
#3000 = VECTOR ( 'NONE', #2513, 1000.000000000000000 ) ;
#3001 = ORIENTED_EDGE ( 'NONE', *, *, #9839, .F. ) ;
#3002 = ADVANCED_FACE ( 'NONE', ( #2588 ), #3448, .T. ) ;
#3003 = CARTESIAN_POINT ( 'NONE',  ( 0.000000000000000000, 110.4999999999999858, -63.91067609231115654 ) ) ;
#3004 = CARTESIAN_POINT ( 'NONE',  ( 11.16805714482422474, 122.5297787185175054, -56.94280851928385090 ) ) ;
#3005 = DIRECTION ( 'NONE',  ( 0.7071067811865476838, -2.040851148208008984E-16, -0.7071067811865474617 ) ) ;
#3006 = DIRECTION ( 'NONE',  ( 0.000000000000000000, 1.000000000000000000, 0.000000000000000000 ) ) ;
#3007 = EDGE_CURVE ( 'NONE', #6912, #3492, #10678, .T. ) ;
#3008 = PRESENTATION_STYLE_ASSIGNMENT (( #6110 ) ) ;
#3009 = VERTEX_POINT ( 'NONE', #1607 ) ;
#3010 = PLANE ( 'NONE',  #7251 ) ;
#3011 = ORIENTED_EDGE ( 'NONE', *, *, #9432, .F. ) ;
#3012 = CIRCLE ( 'NONE', #5498, 73.00000000000001421 ) ;
#3013 = ORIENTED_EDGE ( 'NONE', *, *, #9779, .F. ) ;
#3014 = COLOUR_RGB ( '',1.000000000000000000, 0.5019607843137254832, 0.7529411764705882248 ) ;
#3015 = ORIENTED_EDGE ( 'NONE', *, *, #1345, .F. ) ;
#3016 = CARTESIAN_POINT ( 'NONE',  ( 55.36302391117621369, 118.3575743853377986, -17.32520401994764825 ) ) ;
#3017 = EDGE_CURVE ( 'NONE', #4124, #10898, #6164, .T. ) ;
#3018 = AXIS2_PLACEMENT_3D ( 'NONE', #8358, #3527, #5216 ) ;
#3019 = CARTESIAN_POINT ( 'NONE',  ( 0.000000000000000000, 107.4999999999999858, 63.91067609231115654 ) ) ;
#3020 = EDGE_LOOP ( 'NONE', ( #5357, #572, #9506, #7062, #8498, #6689, #5882, #9203, #6447, #1887, #7579, #3125, #3113, #178, #8322, #4480, #716, #3780, #8128, #8669, #7200, #9564, #6114, #2469, #7471, #4862, #2895, #9777, #9738, #10687, #4944, #9489, #8192, #5206, #7713, #983, #9305, #5076, #855, #8134, #9285, #81, #7038, #1227 ) ) ;
#3021 = VERTEX_POINT ( 'NONE', #89 ) ;
#3022 = PLANE ( 'NONE',  #7186 ) ;
#3023 = ORIENTED_EDGE ( 'NONE', *, *, #1984, .T. ) ;
#3024 = CARTESIAN_POINT ( 'NONE',  ( 50.36895854755861990, 117.9530725312064590, 52.83961785426708957 ) ) ;
#3025 = ADVANCED_FACE ( 'NONE', ( #7338 ), #6900, .F. ) ;
#3026 = VECTOR ( 'NONE', #1815, 1000.000000000000000 ) ;
#3027 = CARTESIAN_POINT ( 'NONE',  ( 0.000000000000000000, 0.000000000000000000, 0.000000000000000000 ) ) ;
#3028 = AXIS2_PLACEMENT_3D ( 'NONE', #1562, #4153, #4090 ) ;
#3029 = SURFACE_STYLE_FILL_AREA ( #3989 ) ;
#3030 = DIRECTION ( 'NONE',  ( -0.000000000000000000, 1.000000000000000000, -0.000000000000000000 ) ) ;
#3031 = CARTESIAN_POINT ( 'NONE',  ( 70.99905128564881807, 118.0758614279401684, -16.97588728629146360 ) ) ;
#3032 =( GEOMETRIC_REPRESENTATION_CONTEXT ( 3 ) GLOBAL_UNCERTAINTY_ASSIGNED_CONTEXT ( ( #401 ) ) GLOBAL_UNIT_ASSIGNED_CONTEXT ( ( #10738, #7513, #4911 ) ) REPRESENTATION_CONTEXT ( 'NONE', 'WORKASPACE' ) );
#3033 = DIRECTION ( 'NONE',  ( -0.000000000000000000, -1.000000000000000000, -0.000000000000000000 ) ) ;
#3034 = ADVANCED_FACE ( 'NONE', ( #4428 ), #5315, .F. ) ;
#3035 = PLANE ( 'NONE',  #10746 ) ;
#3036 = CARTESIAN_POINT ( 'NONE',  ( -62.20458146424486046, 0.000000000000000000, -11.99999999999974776 ) ) ;
#3037 = FACE_OUTER_BOUND ( 'NONE', #713, .T. ) ;
#3038 = VECTOR ( 'NONE', #8850, 1000.000000000000000 ) ;
#3039 = ORIENTED_EDGE ( 'NONE', *, *, #4372, .T. ) ;
#3040 = CARTESIAN_POINT ( 'NONE',  ( -71.51925244709114793, 121.5000000000000142, 15.07418502385495529 ) ) ;
#3041 = CARTESIAN_POINT ( 'NONE',  ( 15.49279272826758813, 123.5612961437242348, -71.43339129311802083 ) ) ;
#3042 = CARTESIAN_POINT ( 'NONE',  ( 0.000000000000000000, 51.00000000000000711, 0.000000000000000000 ) ) ;
#3043 = VECTOR ( 'NONE', #5323, 999.9999999999998863 ) ;
#3044 = DIRECTION ( 'NONE',  ( 0.000000000000000000, 1.000000000000000000, 0.000000000000000000 ) ) ;
#3045 = FACE_OUTER_BOUND ( 'NONE', #2992, .T. ) ;
#3046 = CARTESIAN_POINT ( 'NONE',  ( 55.30383811156298890, 118.5222817497650141, -17.51886325749170936 ) ) ;
#3047 = DIRECTION ( 'NONE',  ( -0.000000000000000000, -1.000000000000000000, 0.000000000000000000 ) ) ;
#3048 = CARTESIAN_POINT ( 'NONE',  ( -39.66863394635191042, 72.00000000000000000, 17.74832372956891646 ) ) ;
#3049 = SURFACE_STYLE_USAGE ( .BOTH. , #9027 ) ;
#3050 = EDGE_CURVE ( 'NONE', #10669, #7766, #8927, .T. ) ;
#3051 = ADVANCED_FACE ( 'NONE', ( #2717, #9191 ), #9504, .T. ) ;
#3052 = CARTESIAN_POINT ( 'NONE',  ( 56.85799620537400756, 123.2549693066282970, -11.56543637604791819 ) ) ;
#3053 = EDGE_CURVE ( 'NONE', #7767, #10884, #1901, .T. ) ;
#3054 = AXIS2_PLACEMENT_3D ( 'NONE', #2937, #8846, #3779 ) ;
#3055 = VECTOR ( 'NONE', #849, 1000.000000000000000 ) ;
#3056 = CARTESIAN_POINT ( 'NONE',  ( 70.64482137184894839, 117.5767542232389786, -18.39492797872845387 ) ) ;
#3057 = CARTESIAN_POINT ( 'NONE',  ( -55.74981719875611930, 125.3188284800308736, 16.00714370629006567 ) ) ;
#3058 = EDGE_CURVE ( 'NONE', #10928, #4473, #2577, .T. ) ;
#3059 = PRESENTATION_STYLE_ASSIGNMENT (( #5840 ) ) ;
#3060 = DIRECTION ( 'NONE',  ( -0.7071067811865493491, 0.000000000000000000, -0.7071067811865456854 ) ) ;
#3061 = AXIS2_PLACEMENT_3D ( 'NONE', #9482, #4479, #4441 ) ;
#3062 = EDGE_CURVE ( 'NONE', #9605, #5280, #6150, .T. ) ;
#3063 = VECTOR ( 'NONE', #7506, 1000.000000000000114 ) ;
#3064 = DIRECTION ( 'NONE',  ( 0.000000000000000000, -0.000000000000000000, 1.000000000000000000 ) ) ;
#3065 = DIRECTION ( 'NONE',  ( 0.000000000000000000, -1.000000000000000000, 0.000000000000000000 ) ) ;
#3066 = VECTOR ( 'NONE', #4183, 1000.000000000000000 ) ;
#3067 = EDGE_CURVE ( 'NONE', #8236, #5424, #3377, .T. ) ;
#3068 = DIRECTION ( 'NONE',  ( 0.000000000000000000, 1.000000000000000000, 0.000000000000000000 ) ) ;
#3069 = DIRECTION ( 'NONE',  ( -1.000000000000000000, 0.000000000000000000, 0.000000000000000000 ) ) ;
#3070 = VERTEX_POINT ( 'NONE', #1041 ) ;
#3071 = CARTESIAN_POINT ( 'NONE',  ( 56.34245793119253420, 117.7561558018401371, -13.78060675251596656 ) ) ;
#3072 = LINE ( 'NONE', #1871, #803 ) ;
#3073 = VECTOR ( 'NONE', #1135, 1000.000000000000000 ) ;
#3074 = AXIS2_PLACEMENT_3D ( 'NONE', #2388, #2502, #7490 ) ;
#3075 = DIRECTION ( 'NONE',  ( 1.071310554614183363E-16, 0.000000000000000000, -1.000000000000000000 ) ) ;
#3076 = CARTESIAN_POINT ( 'NONE',  ( 58.20458146424510915, 33.00000000000000000, -8.000000000000202505 ) ) ;
#3077 = CARTESIAN_POINT ( 'NONE',  ( 20.58145523199909377, 125.0456951155891119, -70.03899442143631404 ) ) ;
#3078 = DIRECTION ( 'NONE',  ( 0.000000000000000000, 0.000000000000000000, 1.000000000000000000 ) ) ;
#3079 = CARTESIAN_POINT ( 'NONE',  ( 49.88867489039567005, 118.3596283656350039, 53.29320923250412534 ) ) ;
#3080 = ORIENTED_EDGE ( 'NONE', *, *, #9139, .F. ) ;
#3081 =( GEOMETRIC_REPRESENTATION_CONTEXT ( 3 ) GLOBAL_UNCERTAINTY_ASSIGNED_CONTEXT ( ( #843 ) ) GLOBAL_UNIT_ASSIGNED_CONTEXT ( ( #8432, #5771, #3373 ) ) REPRESENTATION_CONTEXT ( 'NONE', 'WORKASPACE' ) );
#3082 = DIRECTION ( 'NONE',  ( 0.000000000000000000, 0.000000000000000000, -1.000000000000000000 ) ) ;
#3083 = AXIS2_PLACEMENT_3D ( 'NONE', #5263, #6664, #5843 ) ;
#3084 = LINE ( 'NONE', #3949, #8761 ) ;
#3085 = VECTOR ( 'NONE', #9612, 1000.000000000000000 ) ;
#3086 = ORIENTED_EDGE ( 'NONE', *, *, #5519, .F. ) ;
#3087 = ORIENTED_EDGE ( 'NONE', *, *, #4276, .F. ) ;
#3088 = CARTESIAN_POINT ( 'NONE',  ( 69.42690260692350535, 120.4770467345754099, -22.55898492208818240 ) ) ;
#3089 = ORIENTED_EDGE ( 'NONE', *, *, #3198, .T. ) ;
#3090 =( LENGTH_UNIT ( ) NAMED_UNIT ( * ) SI_UNIT ( .MILLI., .METRE. ) );
#3091 = ORIENTED_EDGE ( 'NONE', *, *, #4061, .F. ) ;
#3092 = CARTESIAN_POINT ( 'NONE',  ( 23.68807716974930244, 72.00000000000000000, 23.68807716974934507 ) ) ;
#3093 = CIRCLE ( 'NONE', #280, 1.849999999999997646 ) ;
#3094 = VECTOR ( 'NONE', #5953, 1000.000000000000000 ) ;
#3095 = ORIENTED_EDGE ( 'NONE', *, *, #150, .T. ) ;
#3096 = CARTESIAN_POINT ( 'NONE',  ( 63.91067609231121338, 107.4999999999999858, -4.999999999999338307 ) ) ;
#3097 = ORIENTED_EDGE ( 'NONE', *, *, #7709, .F. ) ;
#3098 = ADVANCED_FACE ( 'NONE', ( #340 ), #9053, .F. ) ;
#3099 = FILL_AREA_STYLE_COLOUR ( '', #3883 ) ;
#3100 = DIRECTION ( 'NONE',  ( -1.000000000000000000, 0.000000000000000000, 0.000000000000000000 ) ) ;
#3101 = CARTESIAN_POINT ( 'NONE',  ( 63.91067609231115654, 92.49999999999998579, 6.694287987874572456E-13 ) ) ;
#3102 = CARTESIAN_POINT ( 'NONE',  ( -66.18446766623711142, 72.00000000000000000, 13.17265631979615037 ) ) ;
#3103 = ORIENTED_EDGE ( 'NONE', *, *, #5897, .T. ) ;
#3104 = CARTESIAN_POINT ( 'NONE',  ( -1.204972080621668936E-12, 0.000000000000000000, -42.42640687119408227 ) ) ;
#3105 = LINE ( 'NONE', #9005, #5355 ) ;
#3106 = VECTOR ( 'NONE', #6985, 1000.000000000000000 ) ;
#3107 = VERTEX_POINT ( 'NONE', #924 ) ;
#3108 = DIRECTION ( 'NONE',  ( 0.7071067811865474617, -0.000000000000000000, 0.7071067811865476838 ) ) ;
#3109 = EDGE_LOOP ( 'NONE', ( #267, #258, #3657, #9986, #1437, #10792 ) ) ;
#3110 = CARTESIAN_POINT ( 'NONE',  ( 54.90625485449913867, 120.9840231386574487, -18.77421123255439994 ) ) ;
#3111 = ORIENTED_EDGE ( 'NONE', *, *, #6939, .T. ) ;
#3112 = ORIENTED_EDGE ( 'NONE', *, *, #7326, .T. ) ;
#3113 = ORIENTED_EDGE ( 'NONE', *, *, #7169, .T. ) ;
#3114 = VERTEX_POINT ( 'NONE', #7757 ) ;
#3115 = SURFACE_STYLE_USAGE ( .BOTH. , #2261 ) ;
#3116 = PLANE ( 'NONE',  #6123 ) ;
#3117 = CARTESIAN_POINT ( 'NONE',  ( 57.00694410957876812, 33.00000000000000000, -1.990386815430677324E-13 ) ) ;
#3118 = CARTESIAN_POINT ( 'NONE',  ( 52.51157019505468071, 117.7553379789135022, 50.71086197560965303 ) ) ;
#3119 = PRESENTATION_STYLE_ASSIGNMENT (( #7638 ) ) ;
#3120 = LINE ( 'NONE', #4881, #2203 ) ;
#3121 = EDGE_LOOP ( 'NONE', ( #882, #4257 ) ) ;
#3122 = ADVANCED_FACE ( 'NONE', ( #6423, #5356 ), #188, .T. ) ;
#3123 = CARTESIAN_POINT ( 'NONE',  ( 56.73477998956172996, 124.1139184725348770, -12.12465835792181856 ) ) ;
#3124 = ORIENTED_EDGE ( 'NONE', *, *, #9657, .F. ) ;
#3125 = ORIENTED_EDGE ( 'NONE', *, *, #2836, .T. ) ;
#3126 = EDGE_CURVE ( 'NONE', #841, #8397, #9845, .T. ) ;
#3127 = ORIENTED_EDGE ( 'NONE', *, *, #562, .T. ) ;
#3128 = ORIENTED_EDGE ( 'NONE', *, *, #10470, .F. ) ;
#3129 = CIRCLE ( 'NONE', #6848, 5.000000000000004441 ) ;
#3130 = PLANE ( 'NONE',  #5573 ) ;
#3131 = CARTESIAN_POINT ( 'NONE',  ( 57.00694410957874680, 33.00000000000000000, -6.802362645333846380 ) ) ;
#3132 = FACE_OUTER_BOUND ( 'NONE', #2219, .T. ) ;
#3133 = ORIENTED_EDGE ( 'NONE', *, *, #4898, .T. ) ;
#3134 = EDGE_CURVE ( 'NONE', #8001, #8020, #2187, .T. ) ;
#3135 = FILL_AREA_STYLE_COLOUR ( '', #10196 ) ;
#3136 = PLANE ( 'NONE',  #2285 ) ;
#3137 = CARTESIAN_POINT ( 'NONE',  ( 57.00694410957876812, 33.00000000000000000, -5.971160446292031468E-13 ) ) ;
#3138 = FILL_AREA_STYLE_COLOUR ( '', #7511 ) ;
#3139 = LINE ( 'NONE', #887, #5109 ) ;
#3140 = CARTESIAN_POINT ( 'NONE',  ( -69.97580815918578878, 124.9272040765920195, 20.79501195837478278 ) ) ;
#3141 = EDGE_LOOP ( 'NONE', ( #4206, #6535, #3263, #10904, #3231, #1919, #6076, #2229 ) ) ;
#3142 = EDGE_LOOP ( 'NONE', ( #181, #3541, #9588, #4283 ) ) ;
#3143 = B_SPLINE_CURVE_WITH_KNOTS ( 'NONE', 3,
 ( #6518, #9890, #9030, #6460, #5670, #4890, #10681, #10775, #7335, #8214, #2243, #3169, #8969, #5592, #5635, #9071, #2205, #607, #1474, #9922, #7411, #3123, #9111, #566, #3052, #4783, #4815, #510, #4859, #7303 ),
 .UNSPECIFIED., .F., .F.,
 ( 4, 2, 2, 2, 2, 2, 2, 2, 2, 2, 2, 2, 2, 2, 4 ),
 ( 0.5000000000000000000, 0.5312500000000004441, 0.5625000000000009992, 0.6250000000000003331, 0.6562500000000000000, 0.6874999999999997780, 0.7187499999999994449, 0.7499999999999991118, 0.7812499999999988898, 0.8124999999999985567, 0.8749999999999997780, 0.9062499999999998890, 0.9375000000000000000, 0.9687500000000000000, 1.000000000000000000 ),
 .UNSPECIFIED. ) ;
#3144 = DIRECTION ( 'NONE',  ( -0.000000000000000000, -1.000000000000000000, -0.000000000000000000 ) ) ;
#3146 = CARTESIAN_POINT ( 'NONE',  ( 0.000000000000000000, 33.00000000000000000, 64.00694410957875391 ) ) ;
#3145 = FACE_OUTER_BOUND ( 'NONE', #7597, .T. ) ;
#3147 = ORIENTED_EDGE ( 'NONE', *, *, #776, .T. ) ;
#3148 = CARTESIAN_POINT ( 'NONE',  ( -10.96015510839149343, 72.00000000000000000, -10.96015510839149343 ) ) ;
#3149 = CARTESIAN_POINT ( 'NONE',  ( 0.000000000000000000, 110.4999999999999858, -63.91067609231115654 ) ) ;
#3150 = EDGE_CURVE ( 'NONE', #6607, #99, #4699, .T. ) ;
#3151 = CARTESIAN_POINT ( 'NONE',  ( 42.42640687119286014, 127.5010000000000048, 1.850000000000150191 ) ) ;
#3152 = MECHANICAL_DESIGN_GEOMETRIC_PRESENTATION_REPRESENTATION (  '', ( #9737 ), #1222 ) ;
#3153 = LINE ( 'NONE', #2755, #634 ) ;
#3154 = DIRECTION ( 'NONE',  ( -0.000000000000000000, -1.000000000000000000, -0.000000000000000000 ) ) ;
#3155 = VERTEX_POINT ( 'NONE', #3619 ) ;
#3156 = ORIENTED_EDGE ( 'NONE', *, *, #8570, .F. ) ;
#3157 = DIRECTION ( 'NONE',  ( 3.491481338843133355E-15, 0.000000000000000000, 1.000000000000000000 ) ) ;
#3158 = EDGE_CURVE ( 'NONE', #2743, #6665, #2287, .T. ) ;
#3159 = AXIS2_PLACEMENT_3D ( 'NONE', #8619, #10402, #10248 ) ;
#3160 = DIRECTION ( 'NONE',  ( -0.7071067811865493491, 0.000000000000000000, -0.7071067811865456854 ) ) ;
#3161 = CYLINDRICAL_SURFACE ( 'NONE', #4075, 1.850000000000006084 ) ;
#3162 = DIRECTION ( 'NONE',  ( 0.7071067811865474617, -0.000000000000000000, 0.7071067811865476838 ) ) ;
#3163 = CARTESIAN_POINT ( 'NONE',  ( -62.00694410957886760, 51.00000000000000711, -9.999999999999307221 ) ) ;
#3164 = DIRECTION ( 'NONE',  ( 0.000000000000000000, 0.000000000000000000, -1.000000000000000000 ) ) ;
#3165 = PLANE ( 'NONE',  #571 ) ;
#3166 = ORIENTED_EDGE ( 'NONE', *, *, #4328, .F. ) ;
#3167 = CARTESIAN_POINT ( 'NONE',  ( 48.08326112068521496, 82.50000000000001421, 0.000000000000000000 ) ) ;
#3168 = ADVANCED_FACE ( 'NONE', ( #833 ), #2847, .F. ) ;
#3169 = CARTESIAN_POINT ( 'NONE',  ( 55.68220177574818308, 125.2427145952634220, -16.24419709045459825 ) ) ;
#3170 = VECTOR ( 'NONE', #10947, 1000.000000000000000 ) ;
#3171 = LINE ( 'NONE', #4483, #9909 ) ;
#3172 = VERTEX_POINT ( 'NONE', #1953 ) ;
#3173 = AXIS2_PLACEMENT_3D ( 'NONE', #1746, #1717, #8482 ) ;
#3174 = DIRECTION ( 'NONE',  ( -0.7071067811865496822, 0.000000000000000000, -0.7071067811865453523 ) ) ;
#3175 = UNCERTAINTY_MEASURE_WITH_UNIT (LENGTH_MEASURE( 1.000000000000000082E-05 ), #1969, 'distance_accuracy_value', 'NONE');
#3176 = DIRECTION ( 'NONE',  ( 0.000000000000000000, 0.000000000000000000, 1.000000000000000000 ) ) ;
#3177 = UNCERTAINTY_MEASURE_WITH_UNIT (LENGTH_MEASURE( 1.000000000000000082E-05 ), #6726, 'distance_accuracy_value', 'NONE');
#3178 = DIRECTION ( 'NONE',  ( 1.000000000000000000, 0.000000000000000000, -1.047444401652940007E-14 ) ) ;
#3179 = PRESENTATION_STYLE_ASSIGNMENT (( #4564 ) ) ;
#3180 = VECTOR ( 'NONE', #372, 1000.000000000000000 ) ;
#3181 =( NAMED_UNIT ( * ) SI_UNIT ( $, .STERADIAN. ) SOLID_ANGLE_UNIT ( ) );
#3182 = AXIS2_PLACEMENT_3D ( 'NONE', #117, #4382, #9393 ) ;
#3183 = CARTESIAN_POINT ( 'NONE',  ( -8.000000000000000000, 33.00000000000000000, 58.20458146424483914 ) ) ;
#3184 = DIRECTION ( 'NONE',  ( 0.000000000000000000, 0.000000000000000000, 1.000000000000000000 ) ) ;
#3185 = DIRECTION ( 'NONE',  ( -1.000000000000000000, 0.000000000000000000, 3.491481338843133355E-15 ) ) ;
#3186 = CARTESIAN_POINT ( 'NONE',  ( -49.47169759150151691, 118.8896745639160599, -53.68039807381084216 ) ) ;
#3187 = FACE_OUTER_BOUND ( 'NONE', #4842, .T. ) ;
#3188 = CARTESIAN_POINT ( 'NONE',  ( 9.630973282794125012, 127.5000000000000000, -9.630973282794126789 ) ) ;
#3189 = COLOUR_RGB ( '',1.000000000000000000, 0.5019607843137254832, 0.7529411764705882248 ) ;
#3190 = CARTESIAN_POINT ( 'NONE',  ( -25.10229073212241246, 72.00000000000000000, -25.10229073212244089 ) ) ;
#3191 = DIRECTION ( 'NONE',  ( -1.000000000000000000, 0.000000000000000000, -1.071310554614183363E-16 ) ) ;
#3192 = CARTESIAN_POINT ( 'NONE',  ( 45.84898473602144264, 120.5000000000000000, 26.58703817043318551 ) ) ;
#3193 = CARTESIAN_POINT ( 'NONE',  ( 57.00694410957876812, 33.00000000000000000, -1.990386815430677324E-13 ) ) ;
#3194 = EDGE_CURVE ( 'NONE', #4861, #4870, #7850, .T. ) ;
#3195 = CARTESIAN_POINT ( 'NONE',  ( 0.000000000000000000, 72.00000000000000000, 0.000000000000000000 ) ) ;
#3196 = SURFACE_STYLE_FILL_AREA ( #2169 ) ;
#3197 = CARTESIAN_POINT ( 'NONE',  ( 42.42640687119286014, 127.5010000000000048, 1.524678165548779904E-13 ) ) ;
#3198 = EDGE_CURVE ( 'NONE', #9060, #957, #6809, .T. ) ;
#3199 = CARTESIAN_POINT ( 'NONE',  ( 7.590368143691725855, 35.93735173431739582, -57.79494960793657299 ) ) ;
#3200 = DIRECTION ( 'NONE',  ( 0.000000000000000000, -0.000000000000000000, 1.000000000000000000 ) ) ;
#3201 = CARTESIAN_POINT ( 'NONE',  ( 57.00694410957876812, 33.00000000000000000, -1.990386815430677324E-13 ) ) ;
#3202 = LINE ( 'NONE', #5830, #4654 ) ;
#3203 = VECTOR ( 'NONE', #5809, 1000.000000000000000 ) ;
#3204 = CARTESIAN_POINT ( 'NONE',  ( -55.95555808535576858, 125.4497349840394662, 15.26575121860848228 ) ) ;
#3205 = EDGE_CURVE ( 'NONE', #10514, #4624, #1639, .T. ) ;
#3206 = CARTESIAN_POINT ( 'NONE',  ( -62.00694410957876102, 33.00000000000000000, 6.494882647118502607E-13 ) ) ;
#3207 = AXIS2_PLACEMENT_3D ( 'NONE', #6385, #9676, #4681 ) ;
#3208 = EDGE_CURVE ( 'NONE', #9473, #1760, #10377, .T. ) ;
#3209 = EDGE_LOOP ( 'NONE', ( #6435, #2083, #5904, #9103 ) ) ;
#3210 = ADVANCED_FACE ( 'NONE', ( #7480, #5075 ), #7852, .F. ) ;
#3211 =( NAMED_UNIT ( * ) PLANE_ANGLE_UNIT ( ) SI_UNIT ( $, .RADIAN. ) );
#3212 = DIRECTION ( 'NONE',  ( 0.000000000000000000, 0.000000000000000000, -1.000000000000000000 ) ) ;
#3213 = CARTESIAN_POINT ( 'NONE',  ( -42.42640687119286014, 109.4999999999999858, -1.850000000000446398 ) ) ;
#3214 = ORIENTED_EDGE ( 'NONE', *, *, #7431, .F. ) ;
#3215 = EDGE_CURVE ( 'NONE', #5460, #7126, #2451, .T. ) ;
#3216 = VECTOR ( 'NONE', #9918, 1000.000000000000000 ) ;
#3217 = LINE ( 'NONE', #4126, #810 ) ;
#3218 = ORIENTED_EDGE ( 'NONE', *, *, #3416, .F. ) ;
#3219 =( GEOMETRIC_REPRESENTATION_CONTEXT ( 3 ) GLOBAL_UNCERTAINTY_ASSIGNED_CONTEXT ( ( #5694 ) ) GLOBAL_UNIT_ASSIGNED_CONTEXT ( ( #9243, #790, #6730 ) ) REPRESENTATION_CONTEXT ( 'NONE', 'WORKASPACE' ) );
#3220 = CARTESIAN_POINT ( 'NONE',  ( 11.99999999999995737, 53.00000000000000711, -69.97856814768363165 ) ) ;
#3221 = ORIENTED_EDGE ( 'NONE', *, *, #3834, .T. ) ;
#3222 = ORIENTED_EDGE ( 'NONE', *, *, #1550, .F. ) ;
#3223 = CARTESIAN_POINT ( 'NONE',  ( 70.82372483850303979, 107.4999999999999858, 5.000000000000749623 ) ) ;
#3224 = ORIENTED_EDGE ( 'NONE', *, *, #7098, .T. ) ;
#3225 = AXIS2_PLACEMENT_3D ( 'NONE', #613, #7087, #574 ) ;
#3226 = FACE_BOUND ( 'NONE', #3810, .T. ) ;
#3227 = ORIENTED_EDGE ( 'NONE', *, *, #1697, .T. ) ;
#3228 = CARTESIAN_POINT ( 'NONE',  ( 42.39692988031863763, 124.9216499076813989, 39.58972834916704642 ) ) ;
#3229 = DIRECTION ( 'NONE',  ( 0.7071067811865476838, -2.053900018627032069E-16, -0.7071067811865474617 ) ) ;
#3230 = CARTESIAN_POINT ( 'NONE',  ( 10.00000000000004619, 51.00000000000000711, 72.31182475916369867 ) ) ;
#3231 = ORIENTED_EDGE ( 'NONE', *, *, #717, .T. ) ;
#3232 = VERTEX_POINT ( 'NONE', #8869 ) ;
#3233 = AXIS2_PLACEMENT_3D ( 'NONE', #451, #6363, #1290 ) ;
#3234 = VERTEX_POINT ( 'NONE', #1126 ) ;
#3235 = VECTOR ( 'NONE', #143, 1000.000000000000000 ) ;
#3236 = LINE ( 'NONE', #5624, #9713 ) ;
#3237 = EDGE_LOOP ( 'NONE', ( #1486, #9993 ) ) ;
#3238 = EDGE_LOOP ( 'NONE', ( #7623, #7464, #4451, #4409 ) ) ;
#3239 = CARTESIAN_POINT ( 'NONE',  ( -24.04163056034263235, 48.00000000000000000, -24.04163056034264301 ) ) ;
#3240 = CARTESIAN_POINT ( 'NONE',  ( -41.08284750872506663, 72.00000000000000000, -19.16253729194188438 ) ) ;
#3241 = CARTESIAN_POINT ( 'NONE',  ( -71.51916383111932873, 122.5440287291550021, 15.07416127927686134 ) ) ;
#3242 = ORIENTED_EDGE ( 'NONE', *, *, #1764, .F. ) ;
#3243 = CARTESIAN_POINT ( 'NONE',  ( 0.000000000000000000, 107.4999999999999858, 0.000000000000000000 ) ) ;
#3244 = EDGE_CURVE ( 'NONE', #5239, #3486, #3640, .T. ) ;
#3245 = ORIENTED_EDGE ( 'NONE', *, *, #654, .T. ) ;
#3246 = EDGE_LOOP ( 'NONE', ( #6688, #5915, #8166, #2213, #6130, #2315 ) ) ;
#3247 = DIRECTION ( 'NONE',  ( 0.7071067811865474617, -0.000000000000000000, 0.7071067811865476838 ) ) ;
#3248 = VECTOR ( 'NONE', #5050, 1000.000000000000000 ) ;
#3249 = ORIENTED_EDGE ( 'NONE', *, *, #8976, .T. ) ;
#3250 = AXIS2_PLACEMENT_3D ( 'NONE', #889, #7779, #10253 ) ;
#3251 = CARTESIAN_POINT ( 'NONE',  ( -55.03134528957191662, 119.4426215047595861, 18.39959870313946411 ) ) ;
#3252 = CARTESIAN_POINT ( 'NONE',  ( 30.12269240033350570, 72.00000000000000000, -30.12269240033351281 ) ) ;
#3253 = CARTESIAN_POINT ( 'NONE',  ( 25.10229073212241246, 0.000000000000000000, 25.10229073212244089 ) ) ;
#3254 = ORIENTED_EDGE ( 'NONE', *, *, #2840, .F. ) ;
#3255 = EDGE_LOOP ( 'NONE', ( #10380, #5773, #475, #9960 ) ) ;
#3256 = ORIENTED_EDGE ( 'NONE', *, *, #5946, .T. ) ;
#3257 = ORIENTED_EDGE ( 'NONE', *, *, #10413, .T. ) ;
#3258 = CARTESIAN_POINT ( 'NONE',  ( -17.86712784487661665, 124.1139184722568558, 55.19608992796089098 ) ) ;
#3259 = ORIENTED_EDGE ( 'NONE', *, *, #580, .T. ) ;
#3260 = LINE ( 'NONE', #6582, #487 ) ;
#3261 = EDGE_CURVE ( 'NONE', #4072, #3423, #6547, .T. ) ;
#3262 = LINE ( 'NONE', #8276, #8940 ) ;
#3263 = ORIENTED_EDGE ( 'NONE', *, *, #10441, .T. ) ;
#3264 = DIRECTION ( 'NONE',  ( -0.7071067811865476838, 0.000000000000000000, 0.7071067811865474617 ) ) ;
#3265 = UNCERTAINTY_MEASURE_WITH_UNIT (LENGTH_MEASURE( 1.000000000000000082E-05 ), #8250, 'distance_accuracy_value', 'NONE');
#3266 = EDGE_CURVE ( 'NONE', #8426, #10388, #2042, .T. ) ;
#3267 = LINE ( 'NONE', #6714, #3924 ) ;
#3268 = DIRECTION ( 'NONE',  ( 0.000000000000000000, 1.000000000000000000, -0.000000000000000000 ) ) ;
#3269 = PLANE ( 'NONE',  #3458 ) ;
#3270 = ORIENTED_EDGE ( 'NONE', *, *, #3280, .F. ) ;
#3271 = CARTESIAN_POINT ( 'NONE',  ( 0.000000000000000000, 15.00000000000000000, 0.000000000000000000 ) ) ;
#3272 = ORIENTED_EDGE ( 'NONE', *, *, #2272, .F. ) ;
#3273 = DIRECTION ( 'NONE',  ( 0.000000000000000000, 0.000000000000000000, -1.000000000000000000 ) ) ;
#3274 = VECTOR ( 'NONE', #7926, 1000.000000000000000 ) ;
#3275 = ORIENTED_EDGE ( 'NONE', *, *, #5308, .F. ) ;
#3276 = ADVANCED_FACE ( 'NONE', ( #8127 ), #5881, .F. ) ;
#3277 = LINE ( 'NONE', #93, #8956 ) ;
#3278 = ORIENTED_EDGE ( 'NONE', *, *, #10582, .T. ) ;
#3279 = CARTESIAN_POINT ( 'NONE',  ( 43.46917597822829293, 10.00000000000000000, 16.07290219283991917 ) ) ;
#3280 = EDGE_CURVE ( 'NONE', #8515, #9736, #4820, .T. ) ;
#3281 = CYLINDRICAL_SURFACE ( 'NONE', #4421, 1.849999999999997646 ) ;
#3282 = DIRECTION ( 'NONE',  ( -0.000000000000000000, 1.000000000000000000, -0.000000000000000000 ) ) ;
#3283 = ORIENTED_EDGE ( 'NONE', *, *, #8591, .F. ) ;
#3284 = EDGE_LOOP ( 'NONE', ( #609, #6304, #6568, #1940, #6550, #5495, #894 ) ) ;
#3285 = STYLED_ITEM ( 'NONE', ( #2809 ), #7796 ) ;
#3286 = FILL_AREA_STYLE ('',( #8330 ) ) ;
#3287 = PLANE ( 'NONE',  #4716 ) ;
#3288 = EDGE_CURVE ( 'NONE', #10625, #4077, #964, .T. ) ;
#3289 = FILL_AREA_STYLE ('',( #6528 ) ) ;
#3290 = CARTESIAN_POINT ( 'NONE',  ( -39.26778044293881464, 124.6580408999706577, -42.70079191406340158 ) ) ;
#3291 = LINE ( 'NONE', #9143, #8842 ) ;
#3292 = CYLINDRICAL_SURFACE ( 'NONE', #2880, 1.850000000000002753 ) ;
#3293 = DIRECTION ( 'NONE',  ( -0.000000000000000000, -1.000000000000000000, -0.000000000000000000 ) ) ;
#3294 = MECHANICAL_DESIGN_GEOMETRIC_PRESENTATION_REPRESENTATION (  '', ( #9520 ), #7593 ) ;
#3295 = ORIENTED_EDGE ( 'NONE', *, *, #10949, .T. ) ;
#3296 = CARTESIAN_POINT ( 'NONE',  ( -71.43309389673559906, 119.4352849012582709, 15.49464827579821780 ) ) ;
#3297 = DIRECTION ( 'NONE',  ( 0.7071067811865479058, 0.000000000000000000, -0.7071067811865471286 ) ) ;
#3298 = CARTESIAN_POINT ( 'NONE',  ( 0.000000000000000000, 107.4999999999999858, -63.91067609231115654 ) ) ;
#3299 = CARTESIAN_POINT ( 'NONE',  ( 6.000000000000797584, 33.00000000000000000, 57.00694410957876812 ) ) ;
#3300 = AXIS2_PLACEMENT_3D ( 'NONE', #4725, #8868, #2103 ) ;
#3301 = DIRECTION ( 'NONE',  ( -0.000000000000000000, 1.000000000000000000, -0.000000000000000000 ) ) ;
#3302 = DIRECTION ( 'NONE',  ( 0.000000000000000000, 1.000000000000000000, 0.000000000000000000 ) ) ;
#3303 = VERTEX_POINT ( 'NONE', #2998 ) ;
#3304 = ADVANCED_FACE ( 'NONE', ( #7841 ), #10615, .T. ) ;
#3305 = AXIS2_PLACEMENT_3D ( 'NONE', #20, #6960, #1877 ) ;
#3306 = DIRECTION ( 'NONE',  ( 0.000000000000000000, 1.000000000000000000, 0.000000000000000000 ) ) ;
#3307 = DIRECTION ( 'NONE',  ( -1.000000000000000000, 0.000000000000000000, 0.000000000000000000 ) ) ;
#3308 = DIRECTION ( 'NONE',  ( -1.000000000000000000, 0.000000000000000000, 3.491481338843133355E-15 ) ) ;
#3309 = PLANE ( 'NONE',  #8303 ) ;
#3310 = CARTESIAN_POINT ( 'NONE',  ( 66.18446766623711142, 72.00000000000000000, -16.87265631979616032 ) ) ;
#3311 = LINE ( 'NONE', #2762, #1182 ) ;
#3312 = DIRECTION ( 'NONE',  ( 0.000000000000000000, 1.000000000000000000, 0.000000000000000000 ) ) ;
#3313 = FACE_OUTER_BOUND ( 'NONE', #5717, .T. ) ;
#3314 = DIRECTION ( 'NONE',  ( 0.000000000000000000, 0.000000000000000000, -1.000000000000000000 ) ) ;
#3315 = DIRECTION ( 'NONE',  ( 0.000000000000000000, 0.000000000000000000, 1.000000000000000000 ) ) ;
#3316 = AXIS2_PLACEMENT_3D ( 'NONE', #8865, #6234, #7050 ) ;
#3317 = DIRECTION ( 'NONE',  ( 0.000000000000000000, 0.000000000000000000, 1.000000000000000000 ) ) ;
#3318 = FILL_AREA_STYLE ('',( #7415 ) ) ;
#3319 = CARTESIAN_POINT ( 'NONE',  ( -48.08326112068525049, 31.50000000000000000, -2.775557561562891351E-14 ) ) ;
#3320 = ADVANCED_FACE ( 'NONE', ( #8785 ), #486, .F. ) ;
#3321 = COLOUR_RGB ( '',1.000000000000000000, 1.000000000000000000, 1.000000000000000000 ) ;
#3322 = CARTESIAN_POINT ( 'NONE',  ( -25.10229073212236273, 13.00000000000000178, 25.10229073212251549 ) ) ;
#3323 = CARTESIAN_POINT ( 'NONE',  ( -63.91067609231115654, 53.00000000000000711, -2.231429329291523816E-13 ) ) ;
#3324 = VECTOR ( 'NONE', #7153, 1000.000000000000114 ) ;
#3325 = PRESENTATION_LAYER_ASSIGNMENT (  '', '', ( #5386 ) ) ;
#3326 = CARTESIAN_POINT ( 'NONE',  ( 11.99999999999995737, 72.00000000000000000, 0.000000000000000000 ) ) ;
#3327 = CARTESIAN_POINT ( 'NONE',  ( -48.08326112068524338, 81.00000000000000000, -3.469446951953614189E-14 ) ) ;
#3328 = LINE ( 'NONE', #3163, #5831 ) ;
#3329 = CARTESIAN_POINT ( 'NONE',  ( -53.29567911551810511, 118.3615628034691554, -49.88604266513810614 ) ) ;
#3330 = LINE ( 'NONE', #9063, #160 ) ;
#3331 = LINE ( 'NONE', #7, #3063 ) ;
#3332 = LINE ( 'NONE', #7682, #7689 ) ;
#3333 = CARTESIAN_POINT ( 'NONE',  ( 64.00694410957878233, 51.00000000000000711, 9.999999999999733546 ) ) ;
#3334 = DIRECTION ( 'NONE',  ( -1.000000000000000000, 0.000000000000000000, 0.000000000000000000 ) ) ;
#3335 = CARTESIAN_POINT ( 'NONE',  ( -3.003722647619716867E-13, 109.4999999999999858, 44.27640687119286866 ) ) ;
#3336 = DIRECTION ( 'NONE',  ( -0.000000000000000000, -1.000000000000000000, -0.000000000000000000 ) ) ;
#3337 = EDGE_CURVE ( 'NONE', #4060, #7469, #9033, .T. ) ;
#3338 = DIRECTION ( 'NONE',  ( 0.000000000000000000, 0.000000000000000000, 1.000000000000000000 ) ) ;
#3339 = DIRECTION ( 'NONE',  ( 0.000000000000000000, 1.000000000000000000, 0.000000000000000000 ) ) ;
#3340 = ORIENTED_EDGE ( 'NONE', *, *, #9939, .T. ) ;
#3341 = EDGE_CURVE ( 'NONE', #4927, #7250, #2009, .T. ) ;
#3342 = VECTOR ( 'NONE', #6323, 1000.000000000000000 ) ;
#3343 = FACE_BOUND ( 'NONE', #8057, .T. ) ;
#3344 = DIRECTION ( 'NONE',  ( -0.7071067811865474617, 0.000000000000000000, -0.7071067811865474617 ) ) ;
#3345 = AXIS2_PLACEMENT_3D ( 'NONE', #3298, #9238, #10903 ) ;
#3346 = CARTESIAN_POINT ( 'NONE',  ( -10.60660171779821503, 10.00000000000000000, 10.60660171779821503 ) ) ;
#3347 = DIRECTION ( 'NONE',  ( 1.000000000000000000, 0.000000000000000000, 0.000000000000000000 ) ) ;
#3348 = CARTESIAN_POINT ( 'NONE',  ( -22.68151796172032775, 121.5000000000000426, 69.38694937055642242 ) ) ;
#3349 = CARTESIAN_POINT ( 'NONE',  ( -41.19830740530426993, 125.4497349840401625, -40.82605917609144797 ) ) ;
#3350 = ORIENTED_EDGE ( 'NONE', *, *, #10791, .F. ) ;
#3351 = EDGE_CURVE ( 'NONE', #1243, #10526, #1585, .T. ) ;
#3352 = LINE ( 'NONE', #1762, #1476 ) ;
#3353 = LINE ( 'NONE', #10591, #1220 ) ;
#3354 = EDGE_LOOP ( 'NONE', ( #2888, #3743, #4267, #2220 ) ) ;
#3355 = CARTESIAN_POINT ( 'NONE',  ( -13.02105962336700884, 117.9684973922954612, 56.53098335749083247 ) ) ;
#3356 = DIRECTION ( 'NONE',  ( -0.7071067811865479058, 0.000000000000000000, 0.7071067811865472397 ) ) ;
#3357 = ORIENTED_EDGE ( 'NONE', *, *, #4328, .T. ) ;
#3358 = DIRECTION ( 'NONE',  ( -0.7071067811865474617, -2.775557561562891351E-17, -0.7071067811865476838 ) ) ;
#3359 = ORIENTED_EDGE ( 'NONE', *, *, #4474, .T. ) ;
#3360 = CARTESIAN_POINT ( 'NONE',  ( 0.000000000000000000, 92.49999999999998579, -63.91067609231115654 ) ) ;
#3361 = CARTESIAN_POINT ( 'NONE',  ( 12.67744514820489421, 118.3575743856491158, -56.60838714746274292 ) ) ;
#3362 = ORIENTED_EDGE ( 'NONE', *, *, #3632, .T. ) ;
#3363 = EDGE_CURVE ( 'NONE', #9592, #6033, #861, .T. ) ;
#3364 = AXIS2_PLACEMENT_3D ( 'NONE', #6938, #10305, #5134 ) ;
#3365 = DIRECTION ( 'NONE',  ( 0.000000000000000000, 0.000000000000000000, 1.000000000000000000 ) ) ;
#3366 = VECTOR ( 'NONE', #6782, 1000.000000000000000 ) ;
#3367 = VECTOR ( 'NONE', #3344, 1000.000000000000114 ) ;
#3368 = VERTEX_POINT ( 'NONE', #5648 ) ;
#3369 = CARTESIAN_POINT ( 'NONE',  ( 43.46051382329834212, 119.7531308153371015, 38.44191281667286830 ) ) ;
#3370 = EDGE_LOOP ( 'NONE', ( #3087, #4066, #8554, #5778 ) ) ;
#3371 = ORIENTED_EDGE ( 'NONE', *, *, #8024, .T. ) ;
#3372 =( LENGTH_UNIT ( ) NAMED_UNIT ( * ) SI_UNIT ( .MILLI., .METRE. ) );
#3373 =( NAMED_UNIT ( * ) SI_UNIT ( $, .STERADIAN. ) SOLID_ANGLE_UNIT ( ) );
#3374 = DIRECTION ( 'NONE',  ( 0.000000000000000000, 1.000000000000000000, 0.000000000000000000 ) ) ;
#3375 = DIRECTION ( 'NONE',  ( 0.000000000000000000, 1.000000000000000000, 0.000000000000000000 ) ) ;
#3376 = CARTESIAN_POINT ( 'NONE',  ( 0.000000000000000000, 53.00000000000000711, 0.000000000000000000 ) ) ;
#3377 = LINE ( 'NONE', #10227, #6941 ) ;
#3378 = ORIENTED_EDGE ( 'NONE', *, *, #10289, .T. ) ;
#3379 = DIRECTION ( 'NONE',  ( 0.000000000000000000, 1.000000000000000000, 0.000000000000000000 ) ) ;
#3380 = EDGE_LOOP ( 'NONE', ( #366, #257, #7726, #1772 ) ) ;
#3381 = ADVANCED_FACE ( 'NONE', ( #2987 ), #7248, .T. ) ;
#3382 = DIRECTION ( 'NONE',  ( -0.000000000000000000, -1.000000000000000000, -0.000000000000000000 ) ) ;
#3383 = AXIS2_PLACEMENT_3D ( 'NONE', #4528, #10369, #8738 ) ;
#3384 = ORIENTED_EDGE ( 'NONE', *, *, #6104, .F. ) ;
#3385 = ORIENTED_EDGE ( 'NONE', *, *, #8704, .T. ) ;
#3386 = VERTEX_POINT ( 'NONE', #3914 ) ;
#3387 = ORIENTED_EDGE ( 'NONE', *, *, #8727, .T. ) ;
#3388 = CYLINDRICAL_SURFACE ( 'NONE', #8260, 73.00000000000000000 ) ;
#3389 = CARTESIAN_POINT ( 'NONE',  ( 52.50856070152892840, 125.2462049595989271, 50.71398696710608789 ) ) ;
#3390 = CIRCLE ( 'NONE', #1627, 71.00000000000001421 ) ;
#3391 = ORIENTED_EDGE ( 'NONE', *, *, #1708, .F. ) ;
#3392 = CARTESIAN_POINT ( 'NONE',  ( -21.40043484794449924, 118.5215291845034642, 69.79294655097072564 ) ) ;
#3393 = CARTESIAN_POINT ( 'NONE',  ( 0.000000000000000000, 107.4999999999999858, 0.000000000000000000 ) ) ;
#3394 = EDGE_LOOP ( 'NONE', ( #951, #8226, #4817, #2548 ) ) ;
#3395 = AXIS2_PLACEMENT_3D ( 'NONE', #736, #6660, #7717 ) ;
#3396 = FACE_OUTER_BOUND ( 'NONE', #9332, .T. ) ;
#3397 = CARTESIAN_POINT ( 'NONE',  ( -52.41022641300188667, 117.5494486574988855, -50.95570889115192159 ) ) ;
#3398 = EDGE_LOOP ( 'NONE', ( #10787, #2585 ) ) ;
#3399 = VERTEX_POINT ( 'NONE', #5681 ) ;
#3400 = EDGE_LOOP ( 'NONE', ( #375, #2833 ) ) ;
#3402 = LINE ( 'NONE', #10504, #7621 ) ;
#3401 = DIRECTION ( 'NONE',  ( -0.000000000000000000, -1.000000000000000000, -0.000000000000000000 ) ) ;
#3403 = LINE ( 'NONE', #37, #10547 ) ;
#3404 = VERTEX_POINT ( 'NONE', #3953 ) ;
#3405 = CARTESIAN_POINT ( 'NONE',  ( -62.20458146424517309, 72.00000000000000000, 12.00000000000027001 ) ) ;
#3406 = DIRECTION ( 'NONE',  ( -1.040834085586084257E-14, 0.000000000000000000, -1.000000000000000000 ) ) ;
#3407 = CARTESIAN_POINT ( 'NONE',  ( -54.06563676971078536, 119.7485105003272281, -49.05014553662935839 ) ) ;
#3408 = ORIENTED_EDGE ( 'NONE', *, *, #9590, .T. ) ;
#3409 = ORIENTED_EDGE ( 'NONE', *, *, #2345, .F. ) ;
#3410 = EDGE_CURVE ( 'NONE', #9586, #10254, #9010, .T. ) ;
#3411 = EDGE_CURVE ( 'NONE', #3070, #816, #822, .T. ) ;
#3412 = CARTESIAN_POINT ( 'NONE',  ( 41.72717374925014155, 117.6773437518936873, 40.28779506713799918 ) ) ;
#3413 = LINE ( 'NONE', #5940, #10144 ) ;
#3414 = CYLINDRICAL_SURFACE ( 'NONE', #7551, 5.000000000000004441 ) ;
#3415 = ORIENTED_EDGE ( 'NONE', *, *, #2209, .F. ) ;
#3416 = EDGE_CURVE ( 'NONE', #6665, #4826, #6511, .T. ) ;
#3417 = CARTESIAN_POINT ( 'NONE',  ( 0.000000000000000000, 107.4999999999999858, 63.91067609231115654 ) ) ;
#3418 = DIRECTION ( 'NONE',  ( 3.469446951953613696E-16, -0.000000000000000000, 1.000000000000000000 ) ) ;
#3419 = SURFACE_STYLE_USAGE ( .BOTH. , #1699 ) ;
#3420 = CARTESIAN_POINT ( 'NONE',  ( 15.17941345301654366, -8.000000000000000000, 42.43361699539106269 ) ) ;
#3421 = DIRECTION ( 'NONE',  ( 0.000000000000000000, 0.000000000000000000, 1.000000000000000000 ) ) ;
#3422 = VERTEX_POINT ( 'NONE', #10840 ) ;
#3423 = VERTEX_POINT ( 'NONE', #10865 ) ;
#3424 = DIRECTION ( 'NONE',  ( 0.000000000000000000, 0.000000000000000000, 1.000000000000000000 ) ) ;
#3425 = DIRECTION ( 'NONE',  ( -0.000000000000000000, -1.000000000000000000, -0.000000000000000000 ) ) ;
#3426 = EDGE_CURVE ( 'NONE', #6195, #5102, #8461, .T. ) ;
#3427 = CIRCLE ( 'NONE', #6840, 71.00000000000001421 ) ;
#3428 = AXIS2_PLACEMENT_3D ( 'NONE', #5852, #1592, #10031 ) ;
#3429 = EDGE_LOOP ( 'NONE', ( #5334, #10765, #8013, #4462 ) ) ;
#3430 = VECTOR ( 'NONE', #9730, 1000.000000000000114 ) ;
#3431 = CARTESIAN_POINT ( 'NONE',  ( 49.47097105624829538, 124.1088354730030971, 53.68105858540342723 ) ) ;
#3432 = CARTESIAN_POINT ( 'NONE',  ( -48.08326112068524338, 48.00000000000000000, -3.469446951953614189E-14 ) ) ;
#3433 = EDGE_LOOP ( 'NONE', ( #1399, #3887, #2997, #1798 ) ) ;
#3434 = EDGE_CURVE ( 'NONE', #1374, #6923, #2784, .T. ) ;
#3435 =( NAMED_UNIT ( * ) PLANE_ANGLE_UNIT ( ) SI_UNIT ( $, .RADIAN. ) );
#3436 = B_SPLINE_SURFACE_WITH_KNOTS ( 'NONE', 3, 1, ( 
 ( #7612, #4394 ),
 ( #3584, #10275 ),
 ( #8540, #970 ),
 ( #6097, #3518 ),
 ( #900, #3477 ),
 ( #1803, #9367 ),
 ( #10310, #4287 ),
 ( #2628, #5250 ),
 ( #6028, #1015 ),
 ( #7679, #2776 ) ),
 .UNSPECIFIED., .F., .F., .F.,
 ( 4, 2, 2, 2, 4 ),
 ( 2, 2 ),
 ( 0.000000000000000000, 0.1249999999999995559, 0.2499999999999991118, 0.3749999999999986677, 0.4999999999999982236 ),
 ( 0.000000000000000000, 1.000000000000000000 ),
 .UNSPECIFIED. ) ;
#3437 = CARTESIAN_POINT ( 'NONE',  ( 22.68151796171983747, 121.4999999999999858, -69.38694937055656453 ) ) ;
#3438 = EDGE_CURVE ( 'NONE', #10388, #8426, #1838, .T. ) ;
#3439 = CARTESIAN_POINT ( 'NONE',  ( -42.42640687119286014, 107.4999999999999858, 1.849999999999549116 ) ) ;
#3440 = CIRCLE ( 'NONE', #7033, 71.00000000000001421 ) ;
#3441 = ADVANCED_FACE ( 'NONE', ( #13 ), #6090, .F. ) ;
#3442 = FILL_AREA_STYLE ('',( #8526 ) ) ;
#3443 = ORIENTED_EDGE ( 'NONE', *, *, #1497, .T. ) ;
#3444 = CARTESIAN_POINT ( 'NONE',  ( 42.42640687119286014, 109.4999999999999858, 1.524678165548779904E-13 ) ) ;
#3445 = CARTESIAN_POINT ( 'NONE',  ( 71.43161982686663691, 121.5000000000000284, -15.05070393403569540 ) ) ;
#3446 = AXIS2_PLACEMENT_3D ( 'NONE', #9395, #4163, #6721 ) ;
#3447 = CARTESIAN_POINT ( 'NONE',  ( -54.33624526761269635, 121.4985874826541874, -48.75010205340944935 ) ) ;
#3448 = PLANE ( 'NONE',  #6954 ) ;
#3449 = PRESENTATION_LAYER_ASSIGNMENT (  '', '', ( #6632 ) ) ;
#3450 = CARTESIAN_POINT ( 'NONE',  ( -10.96015510839149343, 72.00000000000000000, -10.96015510839149343 ) ) ;
#3451 = DIRECTION ( 'NONE',  ( 0.000000000000000000, 1.000000000000000000, -0.000000000000000000 ) ) ;
#3452 = CARTESIAN_POINT ( 'NONE',  ( -54.89806205480706325, 121.4985874826541590, 18.79923204477141496 ) ) ;
#3453 = SURFACE_SIDE_STYLE ('',( #10040 ) ) ;
#3454 = DIRECTION ( 'NONE',  ( -0.7071067811865482389, 0.000000000000000000, 0.7071067811865469066 ) ) ;
#3455 = CYLINDRICAL_SURFACE ( 'NONE', #3784, 1.849999999999997646 ) ;
#3456 = CARTESIAN_POINT ( 'NONE',  ( -15.44731668836189442, 123.2508073318802957, 71.34697033620251716 ) ) ;
#3457 = FACE_OUTER_BOUND ( 'NONE', #823, .T. ) ;
#3458 = AXIS2_PLACEMENT_3D ( 'NONE', #10021, #4041, #4885 ) ;
#3459 = CARTESIAN_POINT ( 'NONE',  ( 51.25007588967716288, 125.4230954411308687, 51.98551058698560468 ) ) ;
#3460 = AXIS2_PLACEMENT_3D ( 'NONE', #9110, #9175, #8294 ) ;
#3461 = CARTESIAN_POINT ( 'NONE',  ( -20.57597211427846773, 117.9530725312064163, 70.04060659148447598 ) ) ;
#3462 = FILL_AREA_STYLE ('',( #6113 ) ) ;
#3463 = CARTESIAN_POINT ( 'NONE',  ( -18.79923228518238787, 120.4559712708450405, 54.89806197622044692 ) ) ;
#3464 = FILL_AREA_STYLE ('',( #5008 ) ) ;
#3465 = PRESENTATION_STYLE_ASSIGNMENT (( #3716 ) ) ;
#3466 = DIRECTION ( 'NONE',  ( 0.000000000000000000, 0.000000000000000000, 1.000000000000000000 ) ) ;
#3467 = MECHANICAL_DESIGN_GEOMETRIC_PRESENTATION_REPRESENTATION (  '', ( #5797 ), #5943 ) ;
#3468 = SURFACE_STYLE_FILL_AREA ( #9342 ) ;
#3469 = DIRECTION ( 'NONE',  ( -0.000000000000000000, -1.000000000000000000, -0.000000000000000000 ) ) ;
#3470 = FACE_OUTER_BOUND ( 'NONE', #5368, .T. ) ;
#3471 = EDGE_CURVE ( 'NONE', #3368, #9488, #10726, .T. ) ;
#3472 = CARTESIAN_POINT ( 'NONE',  ( -38.86652087277801826, 118.8878885939754042, -43.07247278273473512 ) ) ;
#3473 = FILL_AREA_STYLE_COLOUR ( '', #6065 ) ;
#3474 = ORIENTED_EDGE ( 'NONE', *, *, #1531, .F. ) ;
#3475 = ORIENTED_EDGE ( 'NONE', *, *, #8921, .F. ) ;
#3476 = LINE ( 'NONE', #836, #3746 ) ;
#3477 = CARTESIAN_POINT ( 'NONE',  ( 40.28192194968348616, 117.5505524752647659, 41.74242239116556163 ) ) ;
#3478 = CARTESIAN_POINT ( 'NONE',  ( -69.63466869056091468, 119.0916423889935061, 21.90966249218280026 ) ) ;
#3479 = APPLICATION_CONTEXT ( 'automotive_design' ) ;
#3480 = ORIENTED_EDGE ( 'NONE', *, *, #7727, .F. ) ;
#3481 = DIRECTION ( 'NONE',  ( -0.000000000000000000, -1.000000000000000000, -0.000000000000000000 ) ) ;
#3482 = EDGE_CURVE ( 'NONE', #2444, #8262, #2392, .T. ) ;
#3483 = EDGE_LOOP ( 'NONE', ( #5367, #3340, #8528, #9606, #1425, #2329 ) ) ;
#3484 = ADVANCED_FACE ( 'NONE', ( #3972 ), #7242, .T. ) ;
#3485 = CARTESIAN_POINT ( 'NONE',  ( -21.90887971373857468, 123.9094777951134745, 69.63491708386780488 ) ) ;
#3486 = VERTEX_POINT ( 'NONE', #9086 ) ;
#3487 = EDGE_CURVE ( 'NONE', #1382, #6731, #4762, .T. ) ;
#3488 = ORIENTED_EDGE ( 'NONE', *, *, #2865, .T. ) ;
#3489 = CARTESIAN_POINT ( 'NONE',  ( -10.00000000000004441, 51.00000000000000711, -62.00694410957876102 ) ) ;
#3490 = VECTOR ( 'NONE', #1470, 1000.000000000000000 ) ;
#3491 = VECTOR ( 'NONE', #6903, 1000.000000000000000 ) ;
#3492 = VERTEX_POINT ( 'NONE', #4313 ) ;
#3493 = AXIS2_PLACEMENT_3D ( 'NONE', #7368, #2482, #2547 ) ;
#3494 = CARTESIAN_POINT ( 'NONE',  ( -22.68151796172032775, 121.5000000000000426, 69.38694937055640821 ) ) ;
#3495 = CARTESIAN_POINT ( 'NONE',  ( -17.74832372956893778, 0.000000000000000000, 39.66863394635189621 ) ) ;
#3496 = CARTESIAN_POINT ( 'NONE',  ( -17.90228804264979345, 117.6790451270219933, 70.77127183255306875 ) ) ;
#3497 = VERTEX_POINT ( 'NONE', #6053 ) ;
#3498 = UNCERTAINTY_MEASURE_WITH_UNIT (LENGTH_MEASURE( 1.000000000000000082E-05 ), #8447, 'distance_accuracy_value', 'NONE');
#3499 = ORIENTED_EDGE ( 'NONE', *, *, #8491, .T. ) ;
#3500 = ORIENTED_EDGE ( 'NONE', *, *, #6025, .F. ) ;
#3501 = ORIENTED_EDGE ( 'NONE', *, *, #8724, .F. ) ;
#3502 = CARTESIAN_POINT ( 'NONE',  ( -11.16841850499288036, 121.4985874826541874, 56.94273238038323370 ) ) ;
#3503 = AXIS2_PLACEMENT_3D ( 'NONE', #4426, #8710, #7819 ) ;
#3504 = FACE_OUTER_BOUND ( 'NONE', #1023, .T. ) ;
#3505 = ORIENTED_EDGE ( 'NONE', *, *, #3632, .F. ) ;
#3506 = ORIENTED_EDGE ( 'NONE', *, *, #4529, .F. ) ;
#3507 =( NAMED_UNIT ( * ) SI_UNIT ( $, .STERADIAN. ) SOLID_ANGLE_UNIT ( ) );
#3508 = DIRECTION ( 'NONE',  ( 0.000000000000000000, 0.000000000000000000, 1.000000000000000000 ) ) ;
#3509 = ORIENTED_EDGE ( 'NONE', *, *, #7564, .T. ) ;
#3510 = MECHANICAL_DESIGN_GEOMETRIC_PRESENTATION_REPRESENTATION (  '', ( #1949 ), #9401 ) ;
#3511 = CARTESIAN_POINT ( 'NONE',  ( -38.14350014734867500, 121.5000000000000000, -43.72964371872238587 ) ) ;
#3512 = ORIENTED_EDGE ( 'NONE', *, *, #9333, .F. ) ;
#3513 = ORIENTED_EDGE ( 'NONE', *, *, #9486, .F. ) ;
#3514 = CIRCLE ( 'NONE', #4631, 73.00000000000001421 ) ;
#3515 = EDGE_LOOP ( 'NONE', ( #1823, #6316, #317, #8266 ) ) ;
#3516 = ORIENTED_EDGE ( 'NONE', *, *, #2900, .T. ) ;
#3517 = VERTEX_POINT ( 'NONE', #6719 ) ;
#3518 = CARTESIAN_POINT ( 'NONE',  ( 39.53462230432742786, 117.9780511645802221, 42.45364246197983249 ) ) ;
#3519 = EDGE_LOOP ( 'NONE', ( #9445, #9431, #2765, #6526 ) ) ;
#3520 = PLANE ( 'NONE',  #528 ) ;
#3521 = ORIENTED_EDGE ( 'NONE', *, *, #9129, .T. ) ;
#3522 = ORIENTED_EDGE ( 'NONE', *, *, #6939, .F. ) ;
#3523 = ORIENTED_EDGE ( 'NONE', *, *, #4344, .F. ) ;
#3524 = SURFACE_STYLE_FILL_AREA ( #6644 ) ;
#3525 = FACE_OUTER_BOUND ( 'NONE', #1635, .T. ) ;
#3526 = VERTEX_POINT ( 'NONE', #10176 ) ;
#3527 = DIRECTION ( 'NONE',  ( -0.7071067811865475727, 0.000000000000000000, 0.7071067811865475727 ) ) ;
#3528 = MECHANICAL_DESIGN_GEOMETRIC_PRESENTATION_REPRESENTATION (  '', ( #4092 ), #2964 ) ;
#3529 = CARTESIAN_POINT ( 'NONE',  ( 15.17941345301654366, -8.000000000000000000, 47.43361699539106269 ) ) ;
#3530 = PLANE ( 'NONE',  #8419 ) ;
#3531 = ORIENTED_EDGE ( 'NONE', *, *, #9500, .F. ) ;
#3532 = VERTEX_POINT ( 'NONE', #890 ) ;
#3533 = CARTESIAN_POINT ( 'NONE',  ( 39.66863394635191042, 72.00000000000000000, -17.74832372956891646 ) ) ;
#3534 = CARTESIAN_POINT ( 'NONE',  ( 62.00694410957876102, 33.00000000000000000, -2.164960882372834118E-13 ) ) ;
#3535 = FACE_BOUND ( 'NONE', #10926, .T. ) ;
#3536 = ORIENTED_EDGE ( 'NONE', *, *, #9867, .F. ) ;
#3537 = CARTESIAN_POINT ( 'NONE',  ( 15.02265631979615712, 72.00000000000000000, -68.03446766623709152 ) ) ;
#3538 = VERTEX_POINT ( 'NONE', #2575 ) ;
#3539 = DIRECTION ( 'NONE',  ( 0.000000000000000000, 1.000000000000000000, -0.000000000000000000 ) ) ;
#3540 = SURFACE_STYLE_FILL_AREA ( #1583 ) ;
#3541 = ORIENTED_EDGE ( 'NONE', *, *, #3150, .F. ) ;
#3542 = ORIENTED_EDGE ( 'NONE', *, *, #10798, .F. ) ;
#3543 = ADVANCED_FACE ( 'NONE', ( #5016 ), #479, .T. ) ;
#3544 = FILL_AREA_STYLE_COLOUR ( '', #845 ) ;
#3545 = CARTESIAN_POINT ( 'NONE',  ( -11.99999999999995737, 72.00000000000000000, 0.000000000000000000 ) ) ;
#3546 = COLOUR_RGB ( '',1.000000000000000000, 1.000000000000000000, 1.000000000000000000 ) ;
#3547 = VECTOR ( 'NONE', #6497, 999.9999999999998863 ) ;
#3548 = DIRECTION ( 'NONE',  ( 0.000000000000000000, 0.000000000000000000, 1.000000000000000000 ) ) ;
#3549 = EDGE_CURVE ( 'NONE', #7082, #10514, #418, .T. ) ;
#3550 = DIRECTION ( 'NONE',  ( -0.000000000000000000, -1.000000000000000000, -0.000000000000000000 ) ) ;
#3551 = ORIENTED_EDGE ( 'NONE', *, *, #8346, .F. ) ;
#3552 = EDGE_CURVE ( 'NONE', #1408, #362, #4640, .T. ) ;
#3553 = ADVANCED_FACE ( 'NONE', ( #10863 ), #3895, .T. ) ;
#3554 = CARTESIAN_POINT ( 'NONE',  ( -63.91067609231115654, 93.35786437626902057, -2.231429329291523816E-13 ) ) ;
#3555 = CARTESIAN_POINT ( 'NONE',  ( 15.07416152677197552, 121.4985874826541021, -71.51916377897182997 ) ) ;
#3556 = DIRECTION ( 'NONE',  ( -0.000000000000000000, -1.000000000000000000, -0.000000000000000000 ) ) ;
#3557 = SURFACE_SIDE_STYLE ('',( #6233 ) ) ;
#3558 = LINE ( 'NONE', #5687, #10446 ) ;
#3559 = MECHANICAL_DESIGN_GEOMETRIC_PRESENTATION_REPRESENTATION (  '', ( #4541 ), #21 ) ;
#3560 = CARTESIAN_POINT ( 'NONE',  ( 36.72341514764445947, 0.000000000000000000, 60.05793892680054569 ) ) ;
#3561 = FACE_OUTER_BOUND ( 'NONE', #3109, .T. ) ;
#3562 = CARTESIAN_POINT ( 'NONE',  ( -17.66532068994296267, 125.2462049595990408, 70.83074096723419188 ) ) ;
#3563 = ORIENTED_EDGE ( 'NONE', *, *, #958, .F. ) ;
#3564 = CARTESIAN_POINT ( 'NONE',  ( 4.623397510264704913, 53.00000000000000711, 62.00694410957876102 ) ) ;
#3565 = EDGE_CURVE ( 'NONE', #4816, #8664, #9123, .T. ) ;
#3566 = DIRECTION ( 'NONE',  ( 0.000000000000000000, -0.000000000000000000, 1.000000000000000000 ) ) ;
#3567 = AXIS2_PLACEMENT_3D ( 'NONE', #3271, #7437, #4952 ) ;
#3568 = FACE_BOUND ( 'NONE', #6399, .T. ) ;
#3569 = CARTESIAN_POINT ( 'NONE',  ( 23.68807716974926336, 72.00000000000000000, -23.68807716974938771 ) ) ;
#3570 = CARTESIAN_POINT ( 'NONE',  ( -15.44585370919018530, 119.7485105003271855, 71.34728768266610643 ) ) ;
#3571 = DIRECTION ( 'NONE',  ( -0.000000000000000000, -1.000000000000000000, 0.000000000000000000 ) ) ;
#3572 = CYLINDRICAL_SURFACE ( 'NONE', #2509, 1.849999999999997646 ) ;
#3573 = EDGE_CURVE ( 'NONE', #8001, #9208, #3311, .T. ) ;
#3574 = DIRECTION ( 'NONE',  ( 1.000000000000000000, 0.000000000000000000, -3.491481338843133355E-15 ) ) ;
#3575 = LINE ( 'NONE', #8919, #5683 ) ;
#3576 = CARTESIAN_POINT ( 'NONE',  ( 10.60660171779822214, 10.00000000000000000, -10.60660171779821859 ) ) ;
#3577 = CARTESIAN_POINT ( 'NONE',  ( 5.000000000000007994, 53.00000000000000711, -70.82372483850311085 ) ) ;
#3578 = DIRECTION ( 'NONE',  ( -0.000000000000000000, 1.000000000000000000, -0.000000000000000000 ) ) ;
#3579 = PRESENTATION_LAYER_ASSIGNMENT (  '', '', ( #6420 ) ) ;
#3580 = CARTESIAN_POINT ( 'NONE',  ( -15.02265631979638805, 0.000000000000000000, -66.18446766623706878 ) ) ;
#3581 = DIRECTION ( 'NONE',  ( 0.000000000000000000, 1.000000000000000000, 0.000000000000000000 ) ) ;
#3582 = PRESENTATION_STYLE_ASSIGNMENT (( #2101 ) ) ;
#3583 = LINE ( 'NONE', #394, #5563 ) ;
#3584 = CARTESIAN_POINT ( 'NONE',  ( 48.81425339555148923, 120.4559712708450121, 54.40039696692521431 ) ) ;
#3585 = CARTESIAN_POINT ( 'NONE',  ( -63.91067609231115654, 127.5000000000000000, -5.000000000000230926 ) ) ;
#3586 = CARTESIAN_POINT ( 'NONE',  ( 43.46917597822829293, 0.000000000000000000, 14.22290219283993373 ) ) ;
#3587 = VECTOR ( 'NONE', #10880, 1000.000000000000000 ) ;
#3588 = CARTESIAN_POINT ( 'NONE',  ( 0.000000000000000000, -53.00000000000000000, 0.000000000000000000 ) ) ;
#3589 = ADVANCED_FACE ( 'NONE', ( #3850 ), #7840, .T. ) ;
#3590 = CARTESIAN_POINT ( 'NONE',  ( -15.02265631979638805, 0.000000000000000000, -66.18446766623706878 ) ) ;
#3591 = PLANE ( 'NONE',  #4875 ) ;
#3592 = VECTOR ( 'NONE', #1510, 1000.000000000000000 ) ;
#3593 = AXIS2_PLACEMENT_3D ( 'NONE', #3602, #4495, #1187 ) ;
#3594 = DIRECTION ( 'NONE',  ( 0.000000000000000000, 0.000000000000000000, -1.000000000000000000 ) ) ;
#3595 = ORIENTED_EDGE ( 'NONE', *, *, #1913, .F. ) ;
#3596 = DIRECTION ( 'NONE',  ( 0.000000000000000000, 0.000000000000000000, -1.000000000000000000 ) ) ;
#3597 = DIRECTION ( 'NONE',  ( 0.7071067811865496822, 0.000000000000000000, 0.7071067811865453523 ) ) ;
#3598 = CARTESIAN_POINT ( 'NONE',  ( -10.00000000000004619, 15.00000000000000178, -72.31182475916369867 ) ) ;
#3599 = CARTESIAN_POINT ( 'NONE',  ( -19.39193575556089399, 117.5767542232388934, 70.37767394319911318 ) ) ;
#3600 = CARTESIAN_POINT ( 'NONE',  ( -15.07380016660423117, 122.5297787185175054, 71.51923991787235479 ) ) ;
#3601 = ORIENTED_EDGE ( 'NONE', *, *, #2670, .T. ) ;
#3602 = CARTESIAN_POINT ( 'NONE',  ( 0.000000000000000000, 33.00000000000000000, -57.00694410957876812 ) ) ;
#3603 = ADVANCED_FACE ( 'NONE', ( #7930 ), #2682, .T. ) ;
#3604 = LINE ( 'NONE', #7154, #4393 ) ;
#3605 = LINE ( 'NONE', #4373, #5048 ) ;
#3606 = ORIENTED_EDGE ( 'NONE', *, *, #1622, .T. ) ;
#3607 = CARTESIAN_POINT ( 'NONE',  ( 43.45098630439256482, 0.000000000000000000, 12.06572120811476978 ) ) ;
#3608 =( NAMED_UNIT ( * ) PLANE_ANGLE_UNIT ( ) SI_UNIT ( $, .RADIAN. ) );
#3609 = CARTESIAN_POINT ( 'NONE',  ( -22.68151796172032775, 121.5000000000000426, 69.38694937055642242 ) ) ;
#3610 = EDGE_CURVE ( 'NONE', #1666, #4800, #10034, .T. ) ;
#3611 = CARTESIAN_POINT ( 'NONE',  ( -53.43107633294957282, 124.4765533686569086, -49.74086186467284421 ) ) ;
#3612 = EDGE_LOOP ( 'NONE', ( #3536, #3097 ) ) ;
#3613 = EDGE_CURVE ( 'NONE', #489, #1623, #7668, .T. ) ;
#3614 = CARTESIAN_POINT ( 'NONE',  ( 15.02265631979615712, 72.00000000000000000, -68.03446766623709152 ) ) ;
#3615 = VECTOR ( 'NONE', #2028, 1000.000000000000000 ) ;
#3616 = ORIENTED_EDGE ( 'NONE', *, *, #6873, .F. ) ;
#3617 = DIRECTION ( 'NONE',  ( -0.7071067811865474617, -2.775557561562891351E-17, -0.7071067811865476838 ) ) ;
#3618 =( LENGTH_UNIT ( ) NAMED_UNIT ( * ) SI_UNIT ( .MILLI., .METRE. ) );
#3619 = CARTESIAN_POINT ( 'NONE',  ( -19.16253729194216504, 72.00000000000000000, -41.08284750872494584 ) ) ;
#3620 = VERTEX_POINT ( 'NONE', #6974 ) ;
#3621 = ORIENTED_EDGE ( 'NONE', *, *, #2865, .F. ) ;
#3622 = ORIENTED_EDGE ( 'NONE', *, *, #3697, .F. ) ;
#3623 = CARTESIAN_POINT ( 'NONE',  ( 0.000000000000000000, 93.35786437626902057, -58.91067609231115654 ) ) ;
#3624 = CARTESIAN_POINT ( 'NONE',  ( 0.000000000000000000, 109.4999999999999858, -71.00000000000001421 ) ) ;
#3625 = DIRECTION ( 'NONE',  ( -0.000000000000000000, -1.000000000000000000, -0.000000000000000000 ) ) ;
#3626 = PLANE ( 'NONE',  #8870 ) ;
#3627 = EDGE_CURVE ( 'NONE', #8130, #4068, #4095, .T. ) ;
#3628 = VECTOR ( 'NONE', #8726, 1000.000000000000000 ) ;
#3629 = ORIENTED_EDGE ( 'NONE', *, *, #301, .F. ) ;
#3630 = CARTESIAN_POINT ( 'NONE',  ( 63.91067609231115654, 110.4999999999999858, 3.950000000000658762 ) ) ;
#3631 = DIRECTION ( 'NONE',  ( 0.000000000000000000, 1.000000000000000000, 0.000000000000000000 ) ) ;
#3632 = EDGE_CURVE ( 'NONE', #10006, #10152, #2923, .T. ) ;
#3633 = ORIENTED_EDGE ( 'NONE', *, *, #3434, .T. ) ;
#3634 = DIRECTION ( 'NONE',  ( 0.000000000000000000, 1.000000000000000000, 0.000000000000000000 ) ) ;
#3635 = VERTEX_POINT ( 'NONE', #3607 ) ;
#3636 = CARTESIAN_POINT ( 'NONE',  ( -57.79494960793634561, 30.06264826568315485, -7.590368143691275549 ) ) ;
#3637 = EDGE_CURVE ( 'NONE', #5900, #4022, #7155, .T. ) ;
#3638 =( GEOMETRIC_REPRESENTATION_CONTEXT ( 3 ) GLOBAL_UNCERTAINTY_ASSIGNED_CONTEXT ( ( #3265 ) ) GLOBAL_UNIT_ASSIGNED_CONTEXT ( ( #8250, #9259, #7548 ) ) REPRESENTATION_CONTEXT ( 'NONE', 'WORKASPACE' ) );
#3639 = FILL_AREA_STYLE_COLOUR ( '', #7095 ) ;
#3640 = LINE ( 'NONE', #387, #75 ) ;
#3641 = ORIENTED_EDGE ( 'NONE', *, *, #8293, .T. ) ;
#3642 =( NAMED_UNIT ( * ) PLANE_ANGLE_UNIT ( ) SI_UNIT ( $, .RADIAN. ) );
#3643 = CARTESIAN_POINT ( 'NONE',  ( -11.99999999999995737, 0.000000000000000000, 0.000000000000000000 ) ) ;
#3644 = ORIENTED_EDGE ( 'NONE', *, *, #8818, .F. ) ;
#3645 = ORIENTED_EDGE ( 'NONE', *, *, #10363, .T. ) ;
#3646 = CARTESIAN_POINT ( 'NONE',  ( 56.94273243253066141, 121.5000000000000284, -11.16841825749797401 ) ) ;
#3647 = VERTEX_POINT ( 'NONE', #431 ) ;
#3648 = EDGE_LOOP ( 'NONE', ( #10511, #2323, #7492, #5874 ) ) ;
#3649 = AXIS2_PLACEMENT_3D ( 'NONE', #118, #1641, #10177 ) ;
#3650 = ORIENTED_EDGE ( 'NONE', *, *, #3158, .T. ) ;
#3651 = UNCERTAINTY_MEASURE_WITH_UNIT (LENGTH_MEASURE( 1.000000000000000082E-05 ), #5489, 'distance_accuracy_value', 'NONE');
#3652 = ADVANCED_FACE ( 'NONE', ( #9920 ), #773, .F. ) ;
#3653 = CARTESIAN_POINT ( 'NONE',  ( 0.000000000000000000, 15.00000000000000178, 0.000000000000000000 ) ) ;
#3654 = CIRCLE ( 'NONE', #8797, 73.00000000000001421 ) ;
#3655 = EDGE_LOOP ( 'NONE', ( #8953, #2336, #203, #7609, #8251 ) ) ;
#3656 = CARTESIAN_POINT ( 'NONE',  ( -18.29821252914099716, 119.5188384139909346, 55.05998761186774004 ) ) ;
#3657 = ORIENTED_EDGE ( 'NONE', *, *, #7258, .T. ) ;
#3658 = CARTESIAN_POINT ( 'NONE',  ( 10.00000000000004441, 53.00000000000000711, 62.00694410957876102 ) ) ;
#3659 = CARTESIAN_POINT ( 'NONE',  ( -43.72964354981449731, 121.4985874826541874, -38.14350033561122899 ) ) ;
#3660 = LINE ( 'NONE', #6769, #4312 ) ;
#3661 = CARTESIAN_POINT ( 'NONE',  ( 15.99804446636739641, 125.3213000415703817, -55.75238696182064047 ) ) ;
#3662 = PLANE ( 'NONE',  #8531 ) ;
#3663 = ORIENTED_EDGE ( 'NONE', *, *, #7945, .F. ) ;
#3664 = ORIENTED_EDGE ( 'NONE', *, *, #2485, .F. ) ;
#3665 = EDGE_LOOP ( 'NONE', ( #1633, #9850 ) ) ;
#3666 = VECTOR ( 'NONE', #7825, 1000.000000000000000 ) ;
#3667 = ORIENTED_EDGE ( 'NONE', *, *, #1342, .T. ) ;
#3668 = ADVANCED_FACE ( 'NONE', ( #4362 ), #7959, .F. ) ;
#3669 = DIRECTION ( 'NONE',  ( 0.000000000000000000, -1.000000000000000000, 0.000000000000000000 ) ) ;
#3670 = CARTESIAN_POINT ( 'NONE',  ( 0.000000000000000000, 107.4999999999999858, 0.000000000000000000 ) ) ;
#3671 =( GEOMETRIC_REPRESENTATION_CONTEXT ( 3 ) GLOBAL_UNCERTAINTY_ASSIGNED_CONTEXT ( ( #5129 ) ) GLOBAL_UNIT_ASSIGNED_CONTEXT ( ( #9340, #68, #6824 ) ) REPRESENTATION_CONTEXT ( 'NONE', 'WORKASPACE' ) );
#3672 = DIRECTION ( 'NONE',  ( 0.000000000000000000, -0.000000000000000000, 1.000000000000000000 ) ) ;
#3673 = PRESENTATION_STYLE_ASSIGNMENT (( #8258 ) ) ;
#3674 = ORIENTED_EDGE ( 'NONE', *, *, #4053, .F. ) ;
#3675 = ORIENTED_EDGE ( 'NONE', *, *, #584, .T. ) ;
#3676 = DIRECTION ( 'NONE',  ( 1.000000000000000000, 0.000000000000000000, 1.047444401652940007E-14 ) ) ;
#3677 = VECTOR ( 'NONE', #7006, 1000.000000000000000 ) ;
#3678 = AXIS2_PLACEMENT_3D ( 'NONE', #6206, #2839, #2015 ) ;
#3679 = FACE_OUTER_BOUND ( 'NONE', #3141, .T. ) ;
#3680 = ORIENTED_EDGE ( 'NONE', *, *, #2990, .F. ) ;
#3681 = DIRECTION ( 'NONE',  ( 1.000000000000000000, 0.000000000000000000, -3.491481338843133355E-15 ) ) ;
#3682 = DIRECTION ( 'NONE',  ( -0.000000000000000000, -1.000000000000000000, -0.000000000000000000 ) ) ;
#3683 = SURFACE_SIDE_STYLE ('',( #2678 ) ) ;
#3684 = ORIENTED_EDGE ( 'NONE', *, *, #775, .F. ) ;
#3685 = ORIENTED_EDGE ( 'NONE', *, *, #6880, .T. ) ;
#3686 = CARTESIAN_POINT ( 'NONE',  ( -17.90653784704552720, 125.4489532522287902, 70.87088955847633542 ) ) ;
#3687 = LINE ( 'NONE', #2236, #4329 ) ;
#3688 = DIRECTION ( 'NONE',  ( 0.000000000000000000, 0.000000000000000000, 1.000000000000000000 ) ) ;
#3689 = EDGE_LOOP ( 'NONE', ( #5101, #9152, #7862, #2327 ) ) ;
#3690 = CIRCLE ( 'NONE', #9454, 1.849999999999997646 ) ;
#3691 = ORIENTED_EDGE ( 'NONE', *, *, #2929, .T. ) ;
#3692 = CARTESIAN_POINT ( 'NONE',  ( -14.02666711561346524, 117.6773437519692891, 56.28069002864034331 ) ) ;
#3693 = CARTESIAN_POINT ( 'NONE',  ( 5.290787535995424865E-14, 107.4999999999999858, -5.000000000000015099 ) ) ;
#3694 = CARTESIAN_POINT ( 'NONE',  ( -50.20741478476657704, 125.0238078437617730, -53.12235509659566901 ) ) ;
#3695 =( LENGTH_UNIT ( ) NAMED_UNIT ( * ) SI_UNIT ( .MILLI., .METRE. ) );
#3696 = DIRECTION ( 'NONE',  ( 0.000000000000000000, 0.000000000000000000, 1.000000000000000000 ) ) ;
#3697 = EDGE_CURVE ( 'NONE', #6828, #77, #7410, .T. ) ;
#3698 = VECTOR ( 'NONE', #1321, 1000.000000000000114 ) ;
#3699 = CARTESIAN_POINT ( 'NONE',  ( 15.25173269827537048, 120.2266437635191494, -71.38903631636426894 ) ) ;
#3700 = AXIS2_PLACEMENT_3D ( 'NONE', #5214, #1874, #6995 ) ;
#3701 = ORIENTED_EDGE ( 'NONE', *, *, #1892, .T. ) ;
#3702 = EDGE_CURVE ( 'NONE', #1134, #4784, #5557, .T. ) ;
#3703 = DIRECTION ( 'NONE',  ( -0.7071067811865474617, 0.000000000000000000, -0.7071067811865476838 ) ) ;
#3704 = CARTESIAN_POINT ( 'NONE',  ( 9.999999999999957367, 51.00000000000000711, -62.00694410957876102 ) ) ;
#3705 = EDGE_CURVE ( 'NONE', #1243, #4022, #9658, .T. ) ;
#3706 = AXIS2_PLACEMENT_3D ( 'NONE', #2440, #3302, #4989 ) ;
#3707 = CARTESIAN_POINT ( 'NONE',  ( 57.00694410957874680, 33.00000000000000000, -6.000000000000596856 ) ) ;
#3708 = CARTESIAN_POINT ( 'NONE',  ( -6.434615230584356027, 0.000000000000000000, -53.81076957008284012 ) ) ;
#3709 = COLOUR_RGB ( '',1.000000000000000000, 0.5019607843137254832, 0.7529411764705882248 ) ;
#3710 = CARTESIAN_POINT ( 'NONE',  ( 0.000000000000000000, 109.4999999999999858, 0.000000000000000000 ) ) ;
#3711 = EDGE_CURVE ( 'NONE', #8009, #4339, #4634, .T. ) ;
#3712 = CARTESIAN_POINT ( 'NONE',  ( 25.97047333233548372, 0.000000000000000000, 57.35573842861330007 ) ) ;
#3713 = PRESENTATION_LAYER_ASSIGNMENT (  '', '', ( #9737 ) ) ;
#3714 = DIRECTION ( 'NONE',  ( 1.256065073714878991E-16, 1.000000000000000000, -1.648588188385822228E-16 ) ) ;
#3715 = CARTESIAN_POINT ( 'NONE',  ( 63.91067609231115654, 107.4999999999999858, 6.694287987874572456E-13 ) ) ;
#3716 = SURFACE_STYLE_USAGE ( .BOTH. , #3683 ) ;
#3717 = CARTESIAN_POINT ( 'NONE',  ( -55.88956960011870478, 117.5760051550130072, 15.50679552443149234 ) ) ;
#3718 = VECTOR ( 'NONE', #5228, 1000.000000000000000 ) ;
#3719 = EDGE_CURVE ( 'NONE', #8825, #5239, #5155, .T. ) ;
#3720 = ADVANCED_FACE ( 'NONE', ( #2118 ), #10529, .T. ) ;
#3721 = CARTESIAN_POINT ( 'NONE',  ( 0.000000000000000000, -8.000000000000000000, 71.00000000000001421 ) ) ;
#3722 = CARTESIAN_POINT ( 'NONE',  ( -48.76939062222761123, 122.0133761480717709, -54.31895767352701654 ) ) ;
#3723 = VECTOR ( 'NONE', #7014, 1000.000000000000000 ) ;
#3724 = SURFACE_STYLE_FILL_AREA ( #1911 ) ;
#3725 = DIRECTION ( 'NONE',  ( -0.7071067811865434649, 0.000000000000000000, 0.7071067811865516806 ) ) ;
#3726 = CARTESIAN_POINT ( 'NONE',  ( 63.91067609231115654, 127.5000000000000000, 5.000000000000677680 ) ) ;
#3727 = DIRECTION ( 'NONE',  ( 0.000000000000000000, -1.000000000000000000, 0.000000000000000000 ) ) ;
#3728 = FILL_AREA_STYLE ('',( #7708 ) ) ;
#3729 = CARTESIAN_POINT ( 'NONE',  ( -15.02265631979638805, 72.00000000000000000, -66.18446766623706878 ) ) ;
#3730 = CARTESIAN_POINT ( 'NONE',  ( 16.97523531731851421, 118.0746255650937684, -70.99921162304489997 ) ) ;
#3731 = ORIENTED_EDGE ( 'NONE', *, *, #8363, .T. ) ;
#3732 = B_SPLINE_CURVE_WITH_KNOTS ( 'NONE', 3,
 ( #10676, #5535, #1367, #6416, #3940, #5560, #507, #10713, #7232, #2156, #3079, #9885, #3024, #8997, #8071, #9802, #2201, #4779, #9838, #1327, #3118, #4812, #8103, #8966, #9775, #3832, #466, #5631, #2122, #10741, #427, #538, #4711, #8042 ),
 .UNSPECIFIED., .F., .F.,
 ( 4, 2, 2, 2, 2, 2, 2, 2, 2, 2, 2, 2, 2, 2, 2, 2, 4 ),
 ( 0.01244830183310147338, 0.01322653982068759844, 0.01400477780827372523, 0.01478301579585985029, 0.01556125378344597535, 0.01633949177103210040, 0.01711772975861822893, 0.01789596774620435399, 0.01867420573379047904, 0.01945244372137660410, 0.02023068170896272916, 0.02100891969654885422, 0.02178715768413497927, 0.02256539567172110433, 0.02334363365930722939, 0.02412187164689335792, 0.02490010963447948297 ),
 .UNSPECIFIED. ) ;
#3733 = ADVANCED_FACE ( 'NONE', ( #1828 ), #8860, .F. ) ;
#3734 = AXIS2_PLACEMENT_3D ( 'NONE', #3137, #1453, #5645 ) ;
#3735 = FACE_OUTER_BOUND ( 'NONE', #8159, .T. ) ;
#3736 = SURFACE_SIDE_STYLE ('',( #5527 ) ) ;
#3737 = FACE_BOUND ( 'NONE', #809, .T. ) ;
#3738 = UNCERTAINTY_MEASURE_WITH_UNIT (LENGTH_MEASURE( 1.000000000000000082E-05 ), #2959, 'distance_accuracy_value', 'NONE');
#3739 = CARTESIAN_POINT ( 'NONE',  ( 56.53324400742004485, 117.9780511645801937, -13.01116601358028646 ) ) ;
#3740 = CARTESIAN_POINT ( 'NONE',  ( 50.20741478476657704, 125.0238078437617730, 53.12235509659566901 ) ) ;
#3741 = VERTEX_POINT ( 'NONE', #6379 ) ;
#3742 = DIRECTION ( 'NONE',  ( 0.000000000000000000, -1.000000000000000000, 0.000000000000000000 ) ) ;
#3743 = ORIENTED_EDGE ( 'NONE', *, *, #3758, .T. ) ;
#3744 = AXIS2_PLACEMENT_3D ( 'NONE', #6236, #8894, #3842 ) ;
#3745 = CARTESIAN_POINT ( 'NONE',  ( 0.000000000000000000, 112.4999999999999858, 0.000000000000000000 ) ) ;
#3746 = VECTOR ( 'NONE', #6812, 1000.000000000000000 ) ;
#3747 = VECTOR ( 'NONE', #9649, 1000.000000000000000 ) ;
#3748 = ORIENTED_EDGE ( 'NONE', *, *, #3971, .F. ) ;
#3749 = DIRECTION ( 'NONE',  ( -0.000000000000000000, -1.000000000000000000, -0.000000000000000000 ) ) ;
#3750 = CARTESIAN_POINT ( 'NONE',  ( -56.51038394050198832, 118.0763467030398601, 13.09268642951824724 ) ) ;
#3751 = ORIENTED_EDGE ( 'NONE', *, *, #6408, .T. ) ;
#3752 = CARTESIAN_POINT ( 'NONE',  ( -19.92030918257154326, 125.4510427797605132, 70.33141820724614490 ) ) ;
#3753 = VERTEX_POINT ( 'NONE', #10487 ) ;
#3754 = ORIENTED_EDGE ( 'NONE', *, *, #10413, .F. ) ;
#3755 = FACE_OUTER_BOUND ( 'NONE', #7853, .T. ) ;
#3756 = ORIENTED_EDGE ( 'NONE', *, *, #8862, .T. ) ;
#3757 = DIRECTION ( 'NONE',  ( 0.000000000000000000, 1.000000000000000000, -0.000000000000000000 ) ) ;
#3758 = EDGE_CURVE ( 'NONE', #7347, #1001, #9406, .T. ) ;
#3759 = CARTESIAN_POINT ( 'NONE',  ( -51.25007588967716288, 125.4230954411308687, -51.98551058698560468 ) ) ;
#3760 = ORIENTED_EDGE ( 'NONE', *, *, #7258, .F. ) ;
#3761 = DIRECTION ( 'NONE',  ( 0.000000000000000000, 1.000000000000000000, 0.000000000000000000 ) ) ;
#3762 = ORIENTED_EDGE ( 'NONE', *, *, #8017, .T. ) ;
#3763 = EDGE_CURVE ( 'NONE', #1472, #9224, #1311, .T. ) ;
#3764 = CARTESIAN_POINT ( 'NONE',  ( -28.70847883796050937, 72.00000000000000000, -28.70847883796031397 ) ) ;
#3765 = CARTESIAN_POINT ( 'NONE',  ( 45.68847653903531381, 10.00000000000000000, 45.68847653903517880 ) ) ;
#3766 = ORIENTED_EDGE ( 'NONE', *, *, #9, .T. ) ;
#3767 = VERTEX_POINT ( 'NONE', #4641 ) ;
#3768 = CARTESIAN_POINT ( 'NONE',  ( 0.000000000000000000, 33.00000000000000000, -62.00694410957876102 ) ) ;
#3769 = VECTOR ( 'NONE', #6888, 1000.000000000000000 ) ;
#3770 = CIRCLE ( 'NONE', #3182, 1.850000000000004530 ) ;
#3771 = ORIENTED_EDGE ( 'NONE', *, *, #765, .T. ) ;
#3772 = CARTESIAN_POINT ( 'NONE',  ( 22.68151796171984103, 121.4999999999999858, -69.38694937055659295 ) ) ;
#3773 = ORIENTED_EDGE ( 'NONE', *, *, #3363, .T. ) ;
#3774 = ORIENTED_EDGE ( 'NONE', *, *, #3979, .T. ) ;
#3775 = ADVANCED_FACE ( 'NONE', ( #10458 ), #3572, .F. ) ;
#3776 = DIRECTION ( 'NONE',  ( -0.7071067811865475727, 0.000000000000000000, 0.7071067811865475727 ) ) ;
#3777 = CARTESIAN_POINT ( 'NONE',  ( 22.70497530696150079, 121.4999999999999858, -69.47449337480912845 ) ) ;
#3778 = SURFACE_SIDE_STYLE ('',( #5150 ) ) ;
#3779 = DIRECTION ( 'NONE',  ( 0.000000000000000000, 0.000000000000000000, 1.000000000000000000 ) ) ;
#3780 = ORIENTED_EDGE ( 'NONE', *, *, #6609, .F. ) ;
#3781 = EDGE_CURVE ( 'NONE', #2969, #10532, #9524, .T. ) ;
#3782 = EDGE_LOOP ( 'NONE', ( #2768, #3275, #10225, #7831 ) ) ;
#3783 = CARTESIAN_POINT ( 'NONE',  ( 49.13601845755340491, 123.5667773864314825, 54.11479169309158976 ) ) ;
#3784 = AXIS2_PLACEMENT_3D ( 'NONE', #1712, #1630, #3317 ) ;
#3785 = VECTOR ( 'NONE', #1748, 999.9999999999998863 ) ;
#3786 = VERTEX_POINT ( 'NONE', #8105 ) ;
#3787 = CARTESIAN_POINT ( 'NONE',  ( -42.42640687119286014, 127.5010000000000048, 1.849999999999549116 ) ) ;
#3788 = EDGE_CURVE ( 'NONE', #1935, #521, #3143, .T. ) ;
#3789 = CARTESIAN_POINT ( 'NONE',  ( -8.000000000000001776, 34.49723871438979472, 58.20458146424483914 ) ) ;
#3790 = ORIENTED_EDGE ( 'NONE', *, *, #6048, .T. ) ;
#3791 = EDGE_CURVE ( 'NONE', #4543, #2020, #6083, .T. ) ;
#3792 = ORIENTED_EDGE ( 'NONE', *, *, #10421, .T. ) ;
#3793 = ORIENTED_EDGE ( 'NONE', *, *, #4898, .F. ) ;
#3794 = ORIENTED_EDGE ( 'NONE', *, *, #8490, .F. ) ;
#3795 = DIRECTION ( 'NONE',  ( 0.000000000000000000, -0.000000000000000000, 1.000000000000000000 ) ) ;
#3796 = CARTESIAN_POINT ( 'NONE',  ( -30.12269240033361584, 72.00000000000000000, -30.12269240033340267 ) ) ;
#3797 = VERTEX_POINT ( 'NONE', #4006 ) ;
#3798 = FILL_AREA_STYLE_COLOUR ( '', #8598 ) ;
#3799 = DIRECTION ( 'NONE',  ( -0.000000000000000000, -1.000000000000000000, -0.000000000000000000 ) ) ;
#3800 = FACE_BOUND ( 'NONE', #2500, .T. ) ;
#3801 = CIRCLE ( 'NONE', #6746, 5.000000000000004441 ) ;
#3802 = ORIENTED_EDGE ( 'NONE', *, *, #2272, .T. ) ;
#3803 = ADVANCED_FACE ( 'NONE', ( #5813 ), #8197, .F. ) ;
#3804 = AXIS2_PLACEMENT_3D ( 'NONE', #206, #7877, #10448 ) ;
#3805 = ORIENTED_EDGE ( 'NONE', *, *, #8205, .T. ) ;
#3806 = ORIENTED_EDGE ( 'NONE', *, *, #7013, .F. ) ;
#3807 = VECTOR ( 'NONE', #5851, 1000.000000000000000 ) ;
#3808 = CARTESIAN_POINT ( 'NONE',  ( -48.08326112068525759, 6.983260063331909231E-15, -2.081668171172168513E-14 ) ) ;
#3809 = CARTESIAN_POINT ( 'NONE',  ( -63.91067609231114233, 53.00000000000000711, -5.000000000000230926 ) ) ;
#3810 = EDGE_LOOP ( 'NONE', ( #3939, #10570 ) ) ;
#3811 = AXIS2_PLACEMENT_3D ( 'NONE', #5878, #6701, #10045 ) ;
#3812 = PLANE ( 'NONE',  #201 ) ;
#3813 = DIRECTION ( 'NONE',  ( 0.000000000000000000, 0.000000000000000000, 1.000000000000000000 ) ) ;
#3814 = CARTESIAN_POINT ( 'NONE',  ( -1.204745520963826659E-12, 109.4999999999999858, -40.57640687119408796 ) ) ;
#3815 = VECTOR ( 'NONE', #9659, 1000.000000000000000 ) ;
#3816 = ORIENTED_EDGE ( 'NONE', *, *, #10201, .F. ) ;
#3817 = ORIENTED_EDGE ( 'NONE', *, *, #7028, .T. ) ;
#3818 = DIRECTION ( 'NONE',  ( -0.000000000000000000, -1.000000000000000000, -0.000000000000000000 ) ) ;
#3819 = SURFACE_STYLE_FILL_AREA ( #4304 ) ;
#3820 = EDGE_CURVE ( 'NONE', #8425, #4582, #5287, .T. ) ;
#3821 = CARTESIAN_POINT ( 'NONE',  ( 56.94273243253064720, 120.4559712708450263, -11.16841825749797401 ) ) ;
#3822 = DIRECTION ( 'NONE',  ( -0.000000000000000000, -1.000000000000000000, -0.000000000000000000 ) ) ;
#3823 = LINE ( 'NONE', #10155, #2621 ) ;
#3824 = LINE ( 'NONE', #6020, #128 ) ;
#3825 = DIRECTION ( 'NONE',  ( 1.000000000000000000, 0.000000000000000000, 0.000000000000000000 ) ) ;
#3826 = ORIENTED_EDGE ( 'NONE', *, *, #9653, .F. ) ;
#3827 = STYLED_ITEM ( 'NONE', ( #1609 ), #6989 ) ;
#3828 = CARTESIAN_POINT ( 'NONE',  ( -7.590368143691725855, 35.93735173431739582, 57.79494960793657299 ) ) ;
#3829 = CARTESIAN_POINT ( 'NONE',  ( 0.000000000000000000, 107.4989999999999810, -63.91067609231115654 ) ) ;
#3830 = CARTESIAN_POINT ( 'NONE',  ( 16.00565667585831875, 124.1125163652912136, -71.22395812865572395 ) ) ;
#3831 = B_SPLINE_SURFACE_WITH_KNOTS ( 'NONE', 3, 1, ( 
 ( #9969, #9046 ),
 ( #10754, #5685 ),
 ( #1490, #10843 ),
 ( #1644, #5009 ),
 ( #9268, #10108 ),
 ( #4208, #10943 ),
 ( #7559, #5860 ),
 ( #783, #8375 ),
 ( #5042, #9236 ),
 ( #2471, #10068 ) ),
 .UNSPECIFIED., .F., .F., .F.,
 ( 4, 2, 2, 2, 4 ),
 ( 2, 2 ),
 ( 0.000000000000000000, 0.1249999999999995837, 0.2499999999999991673, 0.3749999999999987788, 0.4999999999999983347 ),
 ( 0.000000000000000000, 1.000000000000000000 ),
 .UNSPECIFIED. ) ;
#3832 = CARTESIAN_POINT ( 'NONE',  ( 53.67915147508501406, 118.8879053478042351, 49.47304196792089925 ) ) ;
#3833 = FACE_OUTER_BOUND ( 'NONE', #6667, .T. ) ;
#3834 = EDGE_CURVE ( 'NONE', #10502, #6906, #2646, .T. ) ;
#3835 = VERTEX_POINT ( 'NONE', #10716 ) ;
#3836 = ADVANCED_FACE ( 'NONE', ( #3045, #7527, #2384, #5952 ), #9396, .T. ) ;
#3837 =( NAMED_UNIT ( * ) SI_UNIT ( $, .STERADIAN. ) SOLID_ANGLE_UNIT ( ) );
#3838 = EDGE_CURVE ( 'NONE', #604, #76, #892, .T. ) ;
#3839 = UNCERTAINTY_MEASURE_WITH_UNIT (LENGTH_MEASURE( 1.000000000000000082E-05 ), #3855, 'distance_accuracy_value', 'NONE');
#3840 = VECTOR ( 'NONE', #4498, 1000.000000000000000 ) ;
#3841 = CARTESIAN_POINT ( 'NONE',  ( 69.68448688425580428, 118.8879053478042778, -21.75098784705581778 ) ) ;
#3842 = DIRECTION ( 'NONE',  ( 0.000000000000000000, -0.000000000000000000, 1.000000000000000000 ) ) ;
#3843 = DIRECTION ( 'NONE',  ( 0.000000000000000000, 1.000000000000000000, -0.000000000000000000 ) ) ;
#3844 = CARTESIAN_POINT ( 'NONE',  ( -11.99999999999995737, 53.00000000000000711, 0.000000000000000000 ) ) ;
#3845 = EDGE_CURVE ( 'NONE', #4994, #6161, #7921, .T. ) ;
#3846 = DIRECTION ( 'NONE',  ( -0.7071067811865476838, 0.000000000000000000, 0.7071067811865474617 ) ) ;
#3847 = FACE_OUTER_BOUND ( 'NONE', #5526, .T. ) ;
#3848 = ADVANCED_FACE ( 'NONE', ( #10719 ), #6481, .F. ) ;
#3849 = EDGE_CURVE ( 'NONE', #9723, #10140, #3440, .T. ) ;
#3850 = FACE_OUTER_BOUND ( 'NONE', #5765, .T. ) ;
#3851 = CARTESIAN_POINT ( 'NONE',  ( -62.20458146424486046, 53.00000000000000711, -11.99999999999974776 ) ) ;
#3852 = CARTESIAN_POINT ( 'NONE',  ( 0.000000000000000000, 110.4999999999999858, -63.91067609231115654 ) ) ;
#3853 = CARTESIAN_POINT ( 'NONE',  ( -64.00694410957885339, 51.00000000000000711, -9.999999999999287681 ) ) ;
#3854 = CARTESIAN_POINT ( 'NONE',  ( 57.00694410957879654, 33.00000000000000000, 7.999999999999801048 ) ) ;
#3855 =( LENGTH_UNIT ( ) NAMED_UNIT ( * ) SI_UNIT ( .MILLI., .METRE. ) );
#3856 = DIRECTION ( 'NONE',  ( -0.000000000000000000, 1.000000000000000000, -0.000000000000000000 ) ) ;
#3857 = LINE ( 'NONE', #3854, #9417 ) ;
#3858 = ADVANCED_FACE ( 'NONE', ( #650 ), #1821, .F. ) ;
#3859 = AXIS2_PLACEMENT_3D ( 'NONE', #4790, #2282, #9929 ) ;
#3860 = DIRECTION ( 'NONE',  ( -3.491481338843133355E-15, 0.000000000000000000, -1.000000000000000000 ) ) ;
#3861 = DIRECTION ( 'NONE',  ( 0.9659258262890713098, 0.000000000000000000, -0.2588190451025092487 ) ) ;
#3862 = DIRECTION ( 'NONE',  ( 0.000000000000000000, 0.000000000000000000, 1.000000000000000000 ) ) ;
#3863 =( NAMED_UNIT ( * ) SI_UNIT ( $, .STERADIAN. ) SOLID_ANGLE_UNIT ( ) );
#3864 = CIRCLE ( 'NONE', #6102, 8.000000000000000000 ) ;
#3865 = FACE_OUTER_BOUND ( 'NONE', #8390, .T. ) ;
#3866 = DIRECTION ( 'NONE',  ( -0.7071067811865476838, 0.000000000000000000, 0.7071067811865474617 ) ) ;
#3867 = AXIS2_PLACEMENT_3D ( 'NONE', #2040, #2003, #6371 ) ;
#3868 = ORIENTED_EDGE ( 'NONE', *, *, #1550, .T. ) ;
#3869 = CARTESIAN_POINT ( 'NONE',  ( -11.16841850499286437, 121.4985874826542016, 56.94273238038320528 ) ) ;
#3870 = FACE_OUTER_BOUND ( 'NONE', #7899, .T. ) ;
#3871 = CARTESIAN_POINT ( 'NONE',  ( 70.17267981621169781, 117.7553379789135164, -20.12092279372201631 ) ) ;
#3872 = CARTESIAN_POINT ( 'NONE',  ( -38.14350014734868921, 122.5440287291549879, -43.72964371872244982 ) ) ;
#3873 = VECTOR ( 'NONE', #9476, 1000.000000000000000 ) ;
#3874 = DIRECTION ( 'NONE',  ( 0.000000000000000000, -0.000000000000000000, 1.000000000000000000 ) ) ;
#3875 = VECTOR ( 'NONE', #495, 1000.000000000000000 ) ;
#3876 = FACE_BOUND ( 'NONE', #7636, .T. ) ;
#3877 = ORIENTED_EDGE ( 'NONE', *, *, #844, .T. ) ;
#3878 = DIRECTION ( 'NONE',  ( -1.000000000000000000, 0.000000000000000000, 3.491481338843133355E-15 ) ) ;
#3879 = AXIS2_PLACEMENT_3D ( 'NONE', #3693, #7168, #9704 ) ;
#3880 = ORIENTED_EDGE ( 'NONE', *, *, #6461, .T. ) ;
#3881 = ADVANCED_FACE ( 'NONE', ( #4225 ), #10136, .T. ) ;
#3882 = DIRECTION ( 'NONE',  ( -0.000000000000000000, 1.000000000000000000, -0.000000000000000000 ) ) ;
#3883 = COLOUR_RGB ( '',1.000000000000000000, 0.5019607843137254832, 0.7529411764705882248 ) ;
#3884 = EDGE_LOOP ( 'NONE', ( #1261, #8660, #840, #9355 ) ) ;
#3885 = DIRECTION ( 'NONE',  ( -0.000000000000000000, 1.000000000000000000, -0.000000000000000000 ) ) ;
#3886 = ORIENTED_EDGE ( 'NONE', *, *, #10284, .T. ) ;
#3887 = ORIENTED_EDGE ( 'NONE', *, *, #7394, .T. ) ;
#3888 = CARTESIAN_POINT ( 'NONE',  ( 55.75384086500179137, 117.6773437521103887, -15.99289496221881990 ) ) ;
#3889 = EDGE_LOOP ( 'NONE', ( #4959, #2607, #4598, #5654 ) ) ;
#3890 = CARTESIAN_POINT ( 'NONE',  ( -23.68807716974934863, 72.00000000000000000, -23.68807716974938771 ) ) ;
#3891 = CARTESIAN_POINT ( 'NONE',  ( 48.39067703722250258, 10.00000000000000000, 48.39067703722250258 ) ) ;
#3892 = CIRCLE ( 'NONE', #4157, 71.00000000000001421 ) ;
#3893 = ORIENTED_EDGE ( 'NONE', *, *, #5425, .F. ) ;
#3894 = DIRECTION ( 'NONE',  ( 0.000000000000000000, 1.000000000000000000, 0.000000000000000000 ) ) ;
#3895 = B_SPLINE_SURFACE_WITH_KNOTS ( 'NONE', 3, 1, ( 
 ( #5390, #5233 ),
 ( #2796, #6927 ),
 ( #949, #8699 ),
 ( #998, #9552 ),
 ( #6890, #10453 ),
 ( #4413, #1819 ),
 ( #10365, #9525 ),
 ( #6158, #7741 ),
 ( #290, #7811 ),
 ( #2724, #3646 ) ),
 .UNSPECIFIED., .F., .F., .F.,
 ( 4, 2, 2, 2, 4 ),
 ( 2, 2 ),
 ( 0.4999999999999982792, 0.6249999999999977796, 0.7499999999999984457, 0.8749999999999992228, 1.000000000136231693 ),
 ( 0.000000000000000000, 1.000000000000000000 ),
 .UNSPECIFIED. ) ;
#3896 = DIRECTION ( 'NONE',  ( -0.7071067811865476838, 0.000000000000000000, 0.7071067811865474617 ) ) ;
#3897 = ADVANCED_FACE ( 'NONE', ( #6211 ), #2634, .F. ) ;
#3898 = ORIENTED_EDGE ( 'NONE', *, *, #4928, .F. ) ;
#3899 = VERTEX_POINT ( 'NONE', #2496 ) ;
#3900 = ORIENTED_EDGE ( 'NONE', *, *, #174, .F. ) ;
#3901 = EDGE_CURVE ( 'NONE', #7207, #454, #1171, .T. ) ;
#3902 = VECTOR ( 'NONE', #9531, 1000.000000000000000 ) ;
#3903 = VERTEX_POINT ( 'NONE', #10885 ) ;
#3904 = VERTEX_POINT ( 'NONE', #2410 ) ;
#3905 = CARTESIAN_POINT ( 'NONE',  ( 70.57852999285698559, 117.5498324263169678, -18.64771400671760304 ) ) ;
#3906 = EDGE_CURVE ( 'NONE', #6425, #9978, #7657, .T. ) ;
#3907 = ORIENTED_EDGE ( 'NONE', *, *, #4388, .F. ) ;
#3908 = ADVANCED_FACE ( 'NONE', ( #4880 ), #1516, .F. ) ;
#3909 = CARTESIAN_POINT ( 'NONE',  ( -4.189777606611744880E-14, 72.00000000000000000, -11.99999999999995737 ) ) ;
#3910 = CARTESIAN_POINT ( 'NONE',  ( -56.91571289246194709, 122.5298245453577266, 11.29617791663675419 ) ) ;
#3911 = ORIENTED_EDGE ( 'NONE', *, *, #4625, .T. ) ;
#3912 = VERTEX_POINT ( 'NONE', #4088 ) ;
#3913 = ORIENTED_EDGE ( 'NONE', *, *, #1826, .F. ) ;
#3914 = CARTESIAN_POINT ( 'NONE',  ( 0.000000000000000000, 107.4999999999999858, 67.86067609231115227 ) ) ;
#3915 = AXIS2_PLACEMENT_3D ( 'NONE', #2344, #4907, #3962 ) ;
#3916 = FACE_OUTER_BOUND ( 'NONE', #8033, .T. ) ;
#3917 = CIRCLE ( 'NONE', #9382, 4.999999999999997335 ) ;
#3918 = VERTEX_POINT ( 'NONE', #1671 ) ;
#3919 = DIRECTION ( 'NONE',  ( 3.469446951953613696E-16, 0.000000000000000000, 1.000000000000000000 ) ) ;
#3920 = DIRECTION ( 'NONE',  ( 0.000000000000000000, 1.000000000000000000, 0.000000000000000000 ) ) ;
#3921 = PLANE ( 'NONE',  #7875 ) ;
#3922 = CARTESIAN_POINT ( 'NONE',  ( -62.00694410957864022, 53.00000000000000711, 11.80236264533374069 ) ) ;
#3923 = EDGE_CURVE ( 'NONE', #10004, #4994, #1704, .T. ) ;
#3924 = VECTOR ( 'NONE', #8555, 1000.000000000000000 ) ;
#3925 = EDGE_LOOP ( 'NONE', ( #9749, #6555, #7101, #10850 ) ) ;
#3926 = CARTESIAN_POINT ( 'NONE',  ( -57.00694410957876812, 33.00000000000000000, 5.971160446292032477E-13 ) ) ;
#3927 = ORIENTED_EDGE ( 'NONE', *, *, #6858, .T. ) ;
#3928 = STYLED_ITEM ( 'NONE', ( #7797 ), #8819 ) ;
#3929 = EDGE_LOOP ( 'NONE', ( #2473, #2195 ) ) ;
#3930 = ORIENTED_EDGE ( 'NONE', *, *, #8308, .F. ) ;
#3931 = CARTESIAN_POINT ( 'NONE',  ( 56.85820551392136224, 119.7466563128435411, -11.56446734485354533 ) ) ;
#3932 = EDGE_CURVE ( 'NONE', #5590, #1504, #2, .T. ) ;
#3933 =( GEOMETRIC_REPRESENTATION_CONTEXT ( 3 ) GLOBAL_UNCERTAINTY_ASSIGNED_CONTEXT ( ( #3738 ) ) GLOBAL_UNIT_ASSIGNED_CONTEXT ( ( #2959, #272, #8746 ) ) REPRESENTATION_CONTEXT ( 'NONE', 'WORKASPACE' ) );
#3934 = CIRCLE ( 'NONE', #8046, 73.00000000000000000 ) ;
#3935 = SURFACE_SIDE_STYLE ('',( #787 ) ) ;
#3936 = CARTESIAN_POINT ( 'NONE',  ( 58.20458146424510915, 31.50276128561003119, -8.000000000000202505 ) ) ;
#3937 = ORIENTED_EDGE ( 'NONE', *, *, #1205, .F. ) ;
#3938 = CARTESIAN_POINT ( 'NONE',  ( -12.00000000000050449, 72.00000000000000000, -69.97856814768353217 ) ) ;
#3939 = ORIENTED_EDGE ( 'NONE', *, *, #8640, .T. ) ;
#3940 = CARTESIAN_POINT ( 'NONE',  ( 48.90227858325851429, 120.2286596928326787, 54.19941897429946920 ) ) ;
#3941 = FACE_OUTER_BOUND ( 'NONE', #8297, .T. ) ;
#3942 = ADVANCED_FACE ( 'NONE', ( #4622 ), #1586, .F. ) ;
#3943 = LINE ( 'NONE', #2823, #9365 ) ;
#3944 = ORIENTED_EDGE ( 'NONE', *, *, #9239, .F. ) ;
#3945 = DIRECTION ( 'NONE',  ( 0.000000000000000000, -1.000000000000000000, 0.000000000000000000 ) ) ;
#3946 = PRESENTATION_STYLE_ASSIGNMENT (( #5353 ) ) ;
#3947 = ORIENTED_EDGE ( 'NONE', *, *, #2858, .F. ) ;
#3948 = VERTEX_POINT ( 'NONE', #10283 ) ;
#3949 = CARTESIAN_POINT ( 'NONE',  ( 0.000000000000000000, 0.000000000000000000, 12.00000000000026112 ) ) ;
#3950 = AXIS2_PLACEMENT_3D ( 'NONE', #7315, #1388, #4765 ) ;
#3951 = CARTESIAN_POINT ( 'NONE',  ( -62.00694410957888891, 53.00000000000000711, -11.80236264533378687 ) ) ;
#3952 = LINE ( 'NONE', #5508, #6594 ) ;
#3953 = CARTESIAN_POINT ( 'NONE',  ( 62.00694410957878944, 33.00000000000000000, 7.999999999999783284 ) ) ;
#3954 = VERTEX_POINT ( 'NONE', #6882 ) ;
#3955 = SURFACE_SIDE_STYLE ('',( #9951 ) ) ;
#3956 =( NAMED_UNIT ( * ) SI_UNIT ( $, .STERADIAN. ) SOLID_ANGLE_UNIT ( ) );
#3957 = STYLED_ITEM ( 'NONE', ( #36 ), #449 ) ;
#3958 = CARTESIAN_POINT ( 'NONE',  ( 0.000000000000000000, 109.4999999999999858, 0.000000000000000000 ) ) ;
#3959 = FACE_OUTER_BOUND ( 'NONE', #6796, .T. ) ;
#3960 = CARTESIAN_POINT ( 'NONE',  ( -14.75725068016325991, 125.4497349840401057, 56.09181039398296775 ) ) ;
#3961 = LINE ( 'NONE', #7577, #529 ) ;
#3962 = DIRECTION ( 'NONE',  ( -1.000000000000000000, 0.000000000000000000, -0.000000000000000000 ) ) ;
#3963 = ORIENTED_EDGE ( 'NONE', *, *, #3932, .T. ) ;
#3964 = CARTESIAN_POINT ( 'NONE',  ( 0.000000000000000000, 107.4999999999999858, 63.91067609231115654 ) ) ;
#3965 = DIRECTION ( 'NONE',  ( -0.000000000000000000, 1.000000000000000000, -0.000000000000000000 ) ) ;
#3966 = CARTESIAN_POINT ( 'NONE',  ( 15.44731668836139882, 123.2508073318803525, -71.34697033620264506 ) ) ;
#3967 = CARTESIAN_POINT ( 'NONE',  ( 0.000000000000000000, 107.4999999999999858, 58.91067609231115654 ) ) ;
#3968 = EDGE_CURVE ( 'NONE', #2353, #6441, #7148, .T. ) ;
#3969 = DIRECTION ( 'NONE',  ( 0.000000000000000000, 0.000000000000000000, 1.000000000000000000 ) ) ;
#3970 = CYLINDRICAL_SURFACE ( 'NONE', #9446, 8.000000000000000000 ) ;
#3971 = EDGE_CURVE ( 'NONE', #6472, #1626, #3961, .T. ) ;
#3972 = FACE_OUTER_BOUND ( 'NONE', #5201, .T. ) ;
#3973 = EDGE_CURVE ( 'NONE', #8659, #2758, #7003, .T. ) ;
#3974 = AXIS2_PLACEMENT_3D ( 'NONE', #3958, #525, #3184 ) ;
#3975 = LINE ( 'NONE', #209, #9532 ) ;
#3976 = CARTESIAN_POINT ( 'NONE',  ( -6.802362645334096847, 33.00000000000000000, -57.00694410957876812 ) ) ;
#3977 = SURFACE_STYLE_USAGE ( .BOTH. , #2391 ) ;
#3978 = CARTESIAN_POINT ( 'NONE',  ( 0.000000000000000000, 92.49999999999998579, -63.91067609231115654 ) ) ;
#3979 = EDGE_CURVE ( 'NONE', #6835, #5269, #8452, .T. ) ;
#3980 = UNCERTAINTY_MEASURE_WITH_UNIT (LENGTH_MEASURE( 1.000000000000000082E-05 ), #3618, 'distance_accuracy_value', 'NONE');
#3981 = CARTESIAN_POINT ( 'NONE',  ( -70.17388139147152515, 125.2462049595989555, 20.11675400012750359 ) ) ;
#3982 = AXIS2_PLACEMENT_3D ( 'NONE', #480, #7245, #7171 ) ;
#3983 = EDGE_CURVE ( 'NONE', #9977, #6987, #2105, .T. ) ;
#3984 = ADVANCED_FACE ( 'NONE', ( #5423 ), #4356, .F. ) ;
#3985 = LINE ( 'NONE', #10538, #8076 ) ;
#3986 = CARTESIAN_POINT ( 'NONE',  ( -55.75753155952290996, 117.5494486574988287, 16.00496627981965148 ) ) ;
#3987 =( LENGTH_UNIT ( ) NAMED_UNIT ( * ) SI_UNIT ( .MILLI., .METRE. ) );
#3988 = PRESENTATION_STYLE_ASSIGNMENT (( #5407 ) ) ;
#3989 = FILL_AREA_STYLE ('',( #3138 ) ) ;
#3990 = CARTESIAN_POINT ( 'NONE',  ( 25.05615325806641280, 10.00000000000000000, 25.05615325806643057 ) ) ;
#3991 = EDGE_CURVE ( 'NONE', #3954, #8794, #8190, .T. ) ;
#3992 = PRESENTATION_LAYER_ASSIGNMENT (  '', '', ( #9520 ) ) ;
#3993 = CARTESIAN_POINT ( 'NONE',  ( 8.694992273946206563E-15, -53.00000000000000000, -71.00000000000001421 ) ) ;
#3994 = CARTESIAN_POINT ( 'NONE',  ( -13.30926050143243700, 125.0436656148590231, 56.45833104230887756 ) ) ;
#3995 = ORIENTED_EDGE ( 'NONE', *, *, #8004, .F. ) ;
#3996 = CARTESIAN_POINT ( 'NONE',  ( -15.02265631979615712, 72.00000000000000000, 66.18446766623708299 ) ) ;
#3997 = CYLINDRICAL_SURFACE ( 'NONE', #6997, 1.849999999999997424 ) ;
#3998 = LINE ( 'NONE', #9375, #6648 ) ;
#3999 = DIRECTION ( 'NONE',  ( 0.000000000000000000, 0.000000000000000000, -1.000000000000000000 ) ) ;
#4000 = CARTESIAN_POINT ( 'NONE',  ( -24.04163056034261814, 81.00000000000000000, -24.04163056034265367 ) ) ;
#4001 = CARTESIAN_POINT ( 'NONE',  ( 43.59224171110697910, 122.7685841799779638, 38.29631412755245634 ) ) ;
#4002 = DIRECTION ( 'NONE',  ( 0.000000000000000000, 1.000000000000000000, 0.000000000000000000 ) ) ;
#4003 = CARTESIAN_POINT ( 'NONE',  ( -67.95290519381381955, 72.00000000000000000, 20.57675085431509743 ) ) ;
#4004 = ORIENTED_EDGE ( 'NONE', *, *, #400, .F. ) ;
#4005 = STYLED_ITEM ( 'NONE', ( #3059 ), #10867 ) ;
#4006 = CARTESIAN_POINT ( 'NONE',  ( -62.20458146424486046, 72.00000000000000000, -11.99999999999974776 ) ) ;
#4007 = STYLED_ITEM ( 'NONE', ( #10546 ), #6037 ) ;
#4008 = FACE_OUTER_BOUND ( 'NONE', #3519, .T. ) ;
#4009 = VECTOR ( 'NONE', #4626, 1000.000000000000000 ) ;
#4010 = ORIENTED_EDGE ( 'NONE', *, *, #639, .F. ) ;
#4011 = VERTEX_POINT ( 'NONE', #6856 ) ;
#4012 = DIRECTION ( 'NONE',  ( -0.000000000000000000, -1.000000000000000000, -0.000000000000000000 ) ) ;
#4013 = DIRECTION ( 'NONE',  ( -1.071310554614183363E-16, 0.000000000000000000, 1.000000000000000000 ) ) ;
#4014 = ORIENTED_EDGE ( 'NONE', *, *, #432, .F. ) ;
#4015 = CARTESIAN_POINT ( 'NONE',  ( -56.94273243253071826, 122.5440287291550021, 11.16841825749756723 ) ) ;
#4016 = DIRECTION ( 'NONE',  ( 0.000000000000000000, 0.000000000000000000, 1.000000000000000000 ) ) ;
#4017 = EDGE_LOOP ( 'NONE', ( #4189, #7319, #200, #8400 ) ) ;
#4018 = AXIS2_PLACEMENT_3D ( 'NONE', #8433, #3374, #4243 ) ;
#4019 = CARTESIAN_POINT ( 'NONE',  ( 0.000000000000000000, 107.4999999999999858, 63.91067609231115654 ) ) ;
#4020 = LINE ( 'NONE', #6197, #9963 ) ;
#4021 = LINE ( 'NONE', #9407, #6534 ) ;
#4022 = VERTEX_POINT ( 'NONE', #7685 ) ;
#4023 = CARTESIAN_POINT ( 'NONE',  ( -48.81425339555148923, 120.4559712708450121, -54.40039696692521431 ) ) ;
#4024 = ORIENTED_EDGE ( 'NONE', *, *, #4888, .F. ) ;
#4025 = CARTESIAN_POINT ( 'NONE',  ( -70.04431751474633927, 117.9684973922954612, 20.89469002707500778 ) ) ;
#4026 = DIRECTION ( 'NONE',  ( 0.000000000000000000, 1.000000000000000000, 0.000000000000000000 ) ) ;
#4027 = ORIENTED_EDGE ( 'NONE', *, *, #6380, .T. ) ;
#4028 = CARTESIAN_POINT ( 'NONE',  ( 0.000000000000000000, 127.5000000000000000, 0.000000000000000000 ) ) ;
#4029 = ORIENTED_EDGE ( 'NONE', *, *, #1895, .T. ) ;
#4030 = ORIENTED_EDGE ( 'NONE', *, *, #8490, .T. ) ;
#4031 = LINE ( 'NONE', #6467, #5074 ) ;
#4032 = LINE ( 'NONE', #993, #8384 ) ;
#4033 = EDGE_LOOP ( 'NONE', ( #9892, #207 ) ) ;
#4034 = DIRECTION ( 'NONE',  ( 0.000000000000000000, 0.000000000000000000, -1.000000000000000000 ) ) ;
#4035 = ORIENTED_EDGE ( 'NONE', *, *, #3416, .T. ) ;
#4036 = AXIS2_PLACEMENT_3D ( 'NONE', #1539, #7459, #8313 ) ;
#4037 = ORIENTED_EDGE ( 'NONE', *, *, #10416, .T. ) ;
#4038 = EDGE_CURVE ( 'NONE', #8438, #362, #5941, .T. ) ;
#4039 = VERTEX_POINT ( 'NONE', #8551 ) ;
#4040 = ORIENTED_EDGE ( 'NONE', *, *, #1616, .T. ) ;
#4041 = DIRECTION ( 'NONE',  ( 1.000000000000000000, 0.000000000000000000, 0.000000000000000000 ) ) ;
#4042 = DIRECTION ( 'NONE',  ( 0.000000000000000000, 1.000000000000000000, 0.000000000000000000 ) ) ;
#4043 = DIRECTION ( 'NONE',  ( -0.000000000000000000, -1.000000000000000000, -0.000000000000000000 ) ) ;
#4044 = LINE ( 'NONE', #501, #847 ) ;
#4045 = EDGE_LOOP ( 'NONE', ( #494, #1480, #2565 ) ) ;
#4046 = ORIENTED_EDGE ( 'NONE', *, *, #7032, .T. ) ;
#4047 = ADVANCED_FACE ( 'NONE', ( #6605 ), #2864, .T. ) ;
#4048 = DIRECTION ( 'NONE',  ( -0.000000000000000000, -1.000000000000000000, 0.000000000000000000 ) ) ;
#4049 = ORIENTED_EDGE ( 'NONE', *, *, #4618, .T. ) ;
#4050 = COLOUR_RGB ( '',1.000000000000000000, 0.5019607843137254832, 0.7529411764705882248 ) ;
#4051 = EDGE_LOOP ( 'NONE', ( #1897, #6569, #979, #4946 ) ) ;
#4052 = ORIENTED_EDGE ( 'NONE', *, *, #9149, .T. ) ;
#4053 = EDGE_CURVE ( 'NONE', #5633, #740, #3171, .T. ) ;
#4054 = ORIENTED_EDGE ( 'NONE', *, *, #10791, .T. ) ;
#4055 = VERTEX_POINT ( 'NONE', #1022 ) ;
#4056 = AXIS2_PLACEMENT_3D ( 'NONE', #8126, #633, #5718 ) ;
#4057 = FACE_BOUND ( 'NONE', #7485, .T. ) ;
#4058 = DIRECTION ( 'NONE',  ( 0.000000000000000000, 1.000000000000000000, 0.000000000000000000 ) ) ;
#4059 = VECTOR ( 'NONE', #3469, 1000.000000000000000 ) ;
#4060 = VERTEX_POINT ( 'NONE', #3708 ) ;
#4061 = EDGE_CURVE ( 'NONE', #6161, #10371, #10169, .T. ) ;
#4062 = DIRECTION ( 'NONE',  ( 0.000000000000000000, 0.000000000000000000, 1.000000000000000000 ) ) ;
#4063 = CARTESIAN_POINT ( 'NONE',  ( -56.51363837099563625, 124.9483717539369536, 13.08442973639961515 ) ) ;
#4064 = CIRCLE ( 'NONE', #1007, 71.00000000000001421 ) ;
#4065 = EDGE_CURVE ( 'NONE', #1955, #6965, #8584, .T. ) ;
#4066 = ORIENTED_EDGE ( 'NONE', *, *, #10635, .T. ) ;
#4067 = AXIS2_PLACEMENT_3D ( 'NONE', #4767, #8200, #9049 ) ;
#4068 = VERTEX_POINT ( 'NONE', #5413 ) ;
#4069 = FACE_OUTER_BOUND ( 'NONE', #9180, .T. ) ;
#4070 = DIRECTION ( 'NONE',  ( 0.000000000000000000, 0.000000000000000000, -1.000000000000000000 ) ) ;
#4071 = PLANE ( 'NONE',  #3950 ) ;
#4072 = VERTEX_POINT ( 'NONE', #1920 ) ;
#4073 = DIRECTION ( 'NONE',  ( 0.000000000000000000, 0.000000000000000000, 1.000000000000000000 ) ) ;
#4074 = DIRECTION ( 'NONE',  ( -0.000000000000000000, 1.000000000000000000, -0.000000000000000000 ) ) ;
#4075 = AXIS2_PLACEMENT_3D ( 'NONE', #2540, #1900, #1123 ) ;
#4076 = DIRECTION ( 'NONE',  ( 0.000000000000000000, 0.000000000000000000, 1.000000000000000000 ) ) ;
#4077 = VERTEX_POINT ( 'NONE', #10393 ) ;
#4078 = ORIENTED_EDGE ( 'NONE', *, *, #4928, .T. ) ;
#4079 = FACE_OUTER_BOUND ( 'NONE', #9247, .T. ) ;
#4080 = UNCERTAINTY_MEASURE_WITH_UNIT (LENGTH_MEASURE( 1.000000000000000082E-05 ), #7015, 'distance_accuracy_value', 'NONE');
#4081 = AXIS2_PLACEMENT_3D ( 'NONE', #2084, #7990, #6143 ) ;
#4082 = LINE ( 'NONE', #1168, #1690 ) ;
#4083 = CARTESIAN_POINT ( 'NONE',  ( -24.04163056034263235, 66.00000000000000000, -24.04163056034264301 ) ) ;
#4084 = CARTESIAN_POINT ( 'NONE',  ( 15.17941345301654366, -8.000999999999999446, 42.43361699539106269 ) ) ;
#4085 = DIRECTION ( 'NONE',  ( -1.000000000000000000, 0.000000000000000000, 1.047444401652940007E-14 ) ) ;
#4086 = DIRECTION ( 'NONE',  ( 0.000000000000000000, 0.000000000000000000, 1.000000000000000000 ) ) ;
#4087 = COLOUR_RGB ( '',0.7921568627450980005, 0.8196078431372548767, 0.9333333333333333481 ) ;
#4088 = CARTESIAN_POINT ( 'NONE',  ( 36.72341514764445947, 10.00000000000000000, 60.05793892680054569 ) ) ;
#4089 = CYLINDRICAL_SURFACE ( 'NONE', #403, 1.849999999999997424 ) ;
#4090 = DIRECTION ( 'NONE',  ( 0.000000000000000000, 0.000000000000000000, 1.000000000000000000 ) ) ;
#4091 = ORIENTED_EDGE ( 'NONE', *, *, #7727, .T. ) ;
#4092 = STYLED_ITEM ( 'NONE', ( #3119 ), #6290 ) ;
#4093 = DIRECTION ( 'NONE',  ( 0.000000000000000000, 1.000000000000000000, 0.000000000000000000 ) ) ;
#4094 = CARTESIAN_POINT ( 'NONE',  ( -17.74832372956893778, 72.00000000000000000, 39.66863394635189621 ) ) ;
#4095 = CIRCLE ( 'NONE', #1147, 1.850000000000004530 ) ;
#4096 = ADVANCED_FACE ( 'NONE', ( #3833 ), #4089, .F. ) ;
#4097 = CARTESIAN_POINT ( 'NONE',  ( -48.75010186514686694, 121.5000000000000000, -54.33624543652061334 ) ) ;
#4098 = PLANE ( 'NONE',  #4509 ) ;
#4099 = CARTESIAN_POINT ( 'NONE',  ( 48.75010186514686694, 121.5000000000000000, 54.33624543652061334 ) ) ;
#4100 = CARTESIAN_POINT ( 'NONE',  ( 11.16841850499247002, 121.4985874826542016, -56.94273238038327634 ) ) ;
#4101 = DIRECTION ( 'NONE',  ( -0.7071067811865457964, 0.000000000000000000, 0.7071067811865492381 ) ) ;
#4102 = CARTESIAN_POINT ( 'NONE',  ( 0.000000000000000000, 92.49999999999998579, -63.91067609231115654 ) ) ;
#4103 = FACE_BOUND ( 'NONE', #1902, .T. ) ;
#4104 = DIRECTION ( 'NONE',  ( -0.000000000000000000, -1.000000000000000000, -0.000000000000000000 ) ) ;
#4105 = DIRECTION ( 'NONE',  ( 0.000000000000000000, 0.000000000000000000, 1.000000000000000000 ) ) ;
#4106 = PLANE ( 'NONE',  #8741 ) ;
#4107 = DIRECTION ( 'NONE',  ( -0.000000000000000000, -1.000000000000000000, -0.000000000000000000 ) ) ;
#4108 = DIRECTION ( 'NONE',  ( 1.000000000000000000, 0.000000000000000000, -0.000000000000000000 ) ) ;
#4109 = EDGE_CURVE ( 'NONE', #1870, #6996, #6348, .T. ) ;
#4110 = DIRECTION ( 'NONE',  ( -0.000000000000000000, -1.000000000000000000, -0.000000000000000000 ) ) ;
#4111 = PLANE ( 'NONE',  #10530 ) ;
#4112 = VECTOR ( 'NONE', #10622, 1000.000000000000000 ) ;
#4113 = CARTESIAN_POINT ( 'NONE',  ( 6.000000000000000000, 33.00000000000000000, -57.00694410957876812 ) ) ;
#4114 = EDGE_CURVE ( 'NONE', #5650, #7194, #6074, .T. ) ;
#4115 = CYLINDRICAL_SURFACE ( 'NONE', #9472, 1.850000000000004530 ) ;
#4116 = AXIS2_PLACEMENT_3D ( 'NONE', #5558, #8852, #2942 ) ;
#4117 = COLOUR_RGB ( '',1.000000000000000000, 0.5019607843137254832, 0.7529411764705882248 ) ;
#4118 = CARTESIAN_POINT ( 'NONE',  ( -25.10229073212242668, 53.00000000000000711, -25.10229073212244799 ) ) ;
#4119 = CIRCLE ( 'NONE', #8583, 1.849999999999997424 ) ;
#4120 = VECTOR ( 'NONE', #1615, 1000.000000000000000 ) ;
#4121 = EDGE_CURVE ( 'NONE', #5382, #6810, #1560, .T. ) ;
#4122 = CARTESIAN_POINT ( 'NONE',  ( -70.83224456579570472, 125.2440741791392753, 17.65927996278647072 ) ) ;
#4123 = STYLED_ITEM ( 'NONE', ( #6889 ), #8144 ) ;
#4124 = VERTEX_POINT ( 'NONE', #7115 ) ;
#4125 = ORIENTED_EDGE ( 'NONE', *, *, #14, .F. ) ;
#4126 = CARTESIAN_POINT ( 'NONE',  ( -23.68807716974930244, 0.000000000000000000, -23.68807716974934507 ) ) ;
#4127 = DIRECTION ( 'NONE',  ( -0.000000000000000000, -1.000000000000000000, -0.000000000000000000 ) ) ;
#4128 = FILL_AREA_STYLE ('',( #1493 ) ) ;
#4129 = CIRCLE ( 'NONE', #4018, 71.00000000000001421 ) ;
#4130 = EDGE_CURVE ( 'NONE', #9095, #8492, #9646, .T. ) ;
#4131 = FACE_OUTER_BOUND ( 'NONE', #5403, .T. ) ;
#4132 = ORIENTED_EDGE ( 'NONE', *, *, #5821, .F. ) ;
#4133 = AXIS2_PLACEMENT_3D ( 'NONE', #497, #2939, #5580 ) ;
#4134 = CARTESIAN_POINT ( 'NONE',  ( 8.694992273946206563E-15, 112.4999999999999858, 71.00000000000001421 ) ) ;
#4135 = CARTESIAN_POINT ( 'NONE',  ( -53.67915147508501406, 118.8879053478042351, -49.47304196792089925 ) ) ;
#4136 = VERTEX_POINT ( 'NONE', #6141 ) ;
#4137 = AXIS2_PLACEMENT_3D ( 'NONE', #6000, #7667, #141 ) ;
#4138 = CYLINDRICAL_SURFACE ( 'NONE', #7285, 1.850000000000004530 ) ;
#4139 = DIRECTION ( 'NONE',  ( 1.040834085586084257E-14, 0.000000000000000000, 1.000000000000000000 ) ) ;
#4140 = CARTESIAN_POINT ( 'NONE',  ( 0.000000000000000000, 107.4999999999999858, 0.000000000000000000 ) ) ;
#4141 = ORIENTED_EDGE ( 'NONE', *, *, #3565, .F. ) ;
#4142 = PLANE ( 'NONE',  #2373 ) ;
#4143 = DIRECTION ( 'NONE',  ( 0.000000000000000000, 0.000000000000000000, 1.000000000000000000 ) ) ;
#4144 = ORIENTED_EDGE ( 'NONE', *, *, #4173, .F. ) ;
#4145 = ADVANCED_FACE ( 'NONE', ( #8714 ), #6958, .F. ) ;
#4146 = DIRECTION ( 'NONE',  ( -0.000000000000000000, 1.000000000000000000, -0.000000000000000000 ) ) ;
#4147 = ORIENTED_EDGE ( 'NONE', *, *, #3968, .T. ) ;
#4148 = ORIENTED_EDGE ( 'NONE', *, *, #10137, .T. ) ;
#4149 = PRESENTATION_STYLE_ASSIGNMENT (( #1885 ) ) ;
#4150 = VECTOR ( 'NONE', #4604, 1000.000000000000000 ) ;
#4151 = ORIENTED_EDGE ( 'NONE', *, *, #239, .F. ) ;
#4152 = CARTESIAN_POINT ( 'NONE',  ( 49.35116732818374174, 123.9094777951133750, 53.79110494248861585 ) ) ;
#4153 = DIRECTION ( 'NONE',  ( 0.000000000000000000, 1.000000000000000000, 0.000000000000000000 ) ) ;
#4154 = CARTESIAN_POINT ( 'NONE',  ( -26.58703817043320328, 127.5000000000000000, -45.84898473602144264 ) ) ;
#4155 = ORIENTED_EDGE ( 'NONE', *, *, #9118, .T. ) ;
#4156 = CARTESIAN_POINT ( 'NONE',  ( -43.71181371950569172, 122.0148544261729171, -38.16339288539823826 ) ) ;
#4157 = AXIS2_PLACEMENT_3D ( 'NONE', #5219, #8589, #1773 ) ;
#4158 = ORIENTED_EDGE ( 'NONE', *, *, #9939, .F. ) ;
#4159 = ORIENTED_EDGE ( 'NONE', *, *, #10860, .F. ) ;
#4160 =( LENGTH_UNIT ( ) NAMED_UNIT ( * ) SI_UNIT ( .MILLI., .METRE. ) );
#4161 = CIRCLE ( 'NONE', #884, 73.00000000000000000 ) ;
#4162 = ORIENTED_EDGE ( 'NONE', *, *, #7784, .F. ) ;
#4163 = DIRECTION ( 'NONE',  ( 0.000000000000000000, 1.000000000000000000, 0.000000000000000000 ) ) ;
#4164 = VERTEX_POINT ( 'NONE', #7868 ) ;
#4165 = CARTESIAN_POINT ( 'NONE',  ( 0.000000000000000000, 13.00000000000000178, -12.00000000000026112 ) ) ;
#4166 = CARTESIAN_POINT ( 'NONE',  ( 12.48013842932392947, 118.5222817498234917, -56.65396036015138748 ) ) ;
#4167 = VERTEX_POINT ( 'NONE', #8689 ) ;
#4168 = ORIENTED_EDGE ( 'NONE', *, *, #5399, .F. ) ;
#4169 = CARTESIAN_POINT ( 'NONE',  ( 70.17388139147134041, 125.2462049595990408, -20.11675400012804005 ) ) ;
#4170 = ORIENTED_EDGE ( 'NONE', *, *, #10595, .F. ) ;
#4171 = ORIENTED_EDGE ( 'NONE', *, *, #2774, .F. ) ;
#4172 = CARTESIAN_POINT ( 'NONE',  ( -52.99950325556510222, 118.0746255650937400, -50.20059083153899593 ) ) ;
#4173 = EDGE_CURVE ( 'NONE', #3797, #3899, #2511, .T. ) ;
#4174 = FACE_OUTER_BOUND ( 'NONE', #6319, .T. ) ;
#4175 = EDGE_LOOP ( 'NONE', ( #7746, #7922, #3754, #1654, #2906, #9045, #8005, #2750, #9629, #1286, #7263, #1368, #1926, #57, #8803, #7728, #5344, #7264, #10693, #10024, #5375, #8289, #352, #6276, #7374, #582, #4416, #3001 ) ) ;
#4176 = CARTESIAN_POINT ( 'NONE',  ( 42.38789747848632317, 118.0703810269352658, 39.59927629657943982 ) ) ;
#4177 = EDGE_CURVE ( 'NONE', #3009, #10420, #2915, .T. ) ;
#4178 = LINE ( 'NONE', #9625, #7871 ) ;
#4179 = CARTESIAN_POINT ( 'NONE',  ( 57.00694410957873970, 33.00000000000000000, -8.000000000000198952 ) ) ;
#4180 = CARTESIAN_POINT ( 'NONE',  ( 53.81076957008284722, 0.000000000000000000, -3.606188105837963231 ) ) ;
#4181 = EDGE_LOOP ( 'NONE', ( #2982, #9081, #1535, #3794 ) ) ;
#4182 = CARTESIAN_POINT ( 'NONE',  ( 38.16336694970831189, 122.0197087291194435, 43.71183764985251230 ) ) ;
#4183 = DIRECTION ( 'NONE',  ( -0.000000000000000000, -1.000000000000000000, -0.000000000000000000 ) ) ;
#4184 = EDGE_LOOP ( 'NONE', ( #6722, #6417, #3773, #107 ) ) ;
#4185 = ORIENTED_EDGE ( 'NONE', *, *, #8707, .F. ) ;
#4186 = DIRECTION ( 'NONE',  ( 0.000000000000000000, 1.000000000000000000, 0.000000000000000000 ) ) ;
#4187 = AXIS2_PLACEMENT_3D ( 'NONE', #665, #5611, #7397 ) ;
#4188 = VECTOR ( 'NONE', #491, 1000.000000000000000 ) ;
#4189 = ORIENTED_EDGE ( 'NONE', *, *, #7191, .F. ) ;
#4190 = DIRECTION ( 'NONE',  ( 0.000000000000000000, 0.000000000000000000, -1.000000000000000000 ) ) ;
#4191 = EDGE_CURVE ( 'NONE', #10264, #6996, #8320, .T. ) ;
#4192 = FACE_OUTER_BOUND ( 'NONE', #7061, .T. ) ;
#4193 = ORIENTED_EDGE ( 'NONE', *, *, #7188, .F. ) ;
#4194 = EDGE_LOOP ( 'NONE', ( #7723, #1519, #8035, #10823 ) ) ;
#4195 = AXIS2_PLACEMENT_3D ( 'NONE', #2736, #9359, #1794 ) ;
#4196 = DIRECTION ( 'NONE',  ( -1.000000000000000000, 0.000000000000000000, 0.000000000000000000 ) ) ;
#4197 =( NAMED_UNIT ( * ) PLANE_ANGLE_UNIT ( ) SI_UNIT ( $, .RADIAN. ) );
#4198 = FACE_OUTER_BOUND ( 'NONE', #3394, .T. ) ;
#4199 = EDGE_CURVE ( 'NONE', #10669, #3234, #6743, .T. ) ;
#4200 = CARTESIAN_POINT ( 'NONE',  ( -66.18446766623713984, 72.00000000000000000, -16.87265631979592939 ) ) ;
#4201 = EDGE_CURVE ( 'NONE', #5927, #1870, #8992, .T. ) ;
#4202 = CARTESIAN_POINT ( 'NONE',  ( -41.73947316479906533, 117.5494486574988855, -40.28495564294909315 ) ) ;
#4203 = AXIS2_PLACEMENT_3D ( 'NONE', #10090, #4146, #9221 ) ;
#4204 = FACE_BOUND ( 'NONE', #2167, .T. ) ;
#4205 = ORIENTED_EDGE ( 'NONE', *, *, #775, .T. ) ;
#4206 = ORIENTED_EDGE ( 'NONE', *, *, #5028, .T. ) ;
#4207 = ADVANCED_FACE ( 'NONE', ( #7402 ), #1306, .F. ) ;
#4208 = CARTESIAN_POINT ( 'NONE',  ( 17.92382516108134993, 117.5494486574988713, -70.86644193732971075 ) ) ;
#4209 = CARTESIAN_POINT ( 'NONE',  ( 8.694992273946208141E-15, 109.4999999999999858, 71.00000000000001421 ) ) ;
#4210 = DIRECTION ( 'NONE',  ( 0.7071067811865479058, 0.000000000000000000, -0.7071067811865472397 ) ) ;
#4211 = AXIS2_PLACEMENT_3D ( 'NONE', #7781, #2276, #374 ) ;
#4212 = LINE ( 'NONE', #3405, #5408 ) ;
#4213 = CARTESIAN_POINT ( 'NONE',  ( -53.98433281937383299, 119.5214782096003034, -49.13972124679402498 ) ) ;
#4214 = VERTEX_POINT ( 'NONE', #5480 ) ;
#4215 = FACE_OUTER_BOUND ( 'NONE', #9600, .T. ) ;
#4216 = CARTESIAN_POINT ( 'NONE',  ( 42.82369968215392930, 118.5222817496432697, 39.13509710269416786 ) ) ;
#4217 = AXIS2_PLACEMENT_3D ( 'NONE', #4140, #10046, #6627 ) ;
#4218 = PRESENTATION_LAYER_ASSIGNMENT (  '', '', ( #6897 ) ) ;
#4219 = DIRECTION ( 'NONE',  ( 0.000000000000000000, 1.000000000000000000, 0.000000000000000000 ) ) ;
#4220 = DIRECTION ( 'NONE',  ( 1.000000000000000000, 0.000000000000000000, -3.838426034038494774E-15 ) ) ;
#4221 = DIRECTION ( 'NONE',  ( 0.000000000000000000, 0.000000000000000000, 1.000000000000000000 ) ) ;
#4222 = DIRECTION ( 'NONE',  ( 0.000000000000000000, 0.000000000000000000, 1.000000000000000000 ) ) ;
#4223 = DIRECTION ( 'NONE',  ( -0.7071067811865474617, 0.000000000000000000, -0.7071067811865474617 ) ) ;
#4224 = CARTESIAN_POINT ( 'NONE',  ( 0.000000000000000000, 107.4999999999999858, 0.000000000000000000 ) ) ;
#4225 = FACE_OUTER_BOUND ( 'NONE', #938, .T. ) ;
#4226 = ORIENTED_EDGE ( 'NONE', *, *, #2647, .F. ) ;
#4227 = COLOUR_RGB ( '',1.000000000000000000, 0.5019607843137254832, 0.7529411764705882248 ) ;
#4228 = CARTESIAN_POINT ( 'NONE',  ( 52.84036896832682118, 125.0479496558189396, 50.36817277147382299 ) ) ;
#4229 = DIRECTION ( 'NONE',  ( 0.000000000000000000, -0.000000000000000000, 1.000000000000000000 ) ) ;
#4230 = CARTESIAN_POINT ( 'NONE',  ( 63.91067609231115654, 53.00000000000000711, 6.694287987874572456E-13 ) ) ;
#4231 = CARTESIAN_POINT ( 'NONE',  ( -38.16336694970609500, 122.0197087292164895, -43.71183764985450182 ) ) ;
#4232 = CARTESIAN_POINT ( 'NONE',  ( -53.11749112502207026, 117.9684973922954612, -50.21281334497547988 ) ) ;
#4233 = DIRECTION ( 'NONE',  ( -0.000000000000000000, -1.000000000000000000, -0.000000000000000000 ) ) ;
#4234 = CARTESIAN_POINT ( 'NONE',  ( 11.16854172520907440, 121.2426528316571961, -56.94270641777683295 ) ) ;
#4235 = PRESENTATION_STYLE_ASSIGNMENT (( #7267 ) ) ;
#4236 = CARTESIAN_POINT ( 'NONE',  ( 66.18446766623711142, 72.00000000000000000, -13.17265631979615037 ) ) ;
#4237 = CARTESIAN_POINT ( 'NONE',  ( 38.24013224204501427, 120.4724575138330209, 43.64281513828856873 ) ) ;
#4238 = PRESENTATION_STYLE_ASSIGNMENT (( #655 ) ) ;
#4239 = FACE_OUTER_BOUND ( 'NONE', #6453, .T. ) ;
#4240 = DIRECTION ( 'NONE',  ( 0.000000000000000000, 0.000000000000000000, 1.000000000000000000 ) ) ;
#4241 = CARTESIAN_POINT ( 'NONE',  ( -70.04012904882146984, 117.9522940498503942, 20.57758123502179615 ) ) ;
#4242 =( NAMED_UNIT ( * ) SI_UNIT ( $, .STERADIAN. ) SOLID_ANGLE_UNIT ( ) );
#4243 = DIRECTION ( 'NONE',  ( 0.000000000000000000, 0.000000000000000000, 1.000000000000000000 ) ) ;
#4244 = DIRECTION ( 'NONE',  ( 0.000000000000000000, 0.000000000000000000, -1.000000000000000000 ) ) ;
#4245 = DIRECTION ( 'NONE',  ( 0.7071067811865501263, -0.000000000000000000, 0.7071067811865450192 ) ) ;
#4246 = EDGE_CURVE ( 'NONE', #9732, #5513, #5278, .T. ) ;
#4247 = CARTESIAN_POINT ( 'NONE',  ( 15.51021171204803650, 0.000000000000000000, 36.72341514764445947 ) ) ;
#4248 = AXIS2_PLACEMENT_3D ( 'NONE', #7465, #9202, #759 ) ;
#4249 = ORIENTED_EDGE ( 'NONE', *, *, #1438, .F. ) ;
#4250 = ADVANCED_FACE ( 'NONE', ( #4215 ), #4633, .T. ) ;
#4251 = CARTESIAN_POINT ( 'NONE',  ( -15.84718331275574954, 123.9132567441152872, 71.25929632661730295 ) ) ;
#4252 = EDGE_CURVE ( 'NONE', #7571, #2409, #4871, .T. ) ;
#4253 = FACE_OUTER_BOUND ( 'NONE', #5728, .T. ) ;
#4254 = FACE_OUTER_BOUND ( 'NONE', #5195, .T. ) ;
#4255 = CIRCLE ( 'NONE', #287, 8.000000000000000000 ) ;
#4256 = AXIS2_PLACEMENT_3D ( 'NONE', #2733, #7703, #2651 ) ;
#4257 = ORIENTED_EDGE ( 'NONE', *, *, #5536, .F. ) ;
#4258 = CARTESIAN_POINT ( 'NONE',  ( 52.99691270754718175, 124.9272040765920195, 50.20332153701328792 ) ) ;
#4259 = DIRECTION ( 'NONE',  ( 0.000000000000000000, 0.000000000000000000, 1.000000000000000000 ) ) ;
#4260 = SURFACE_SIDE_STYLE ('',( #3468 ) ) ;
#4261 = CARTESIAN_POINT ( 'NONE',  ( -63.91067609231115654, 53.00000000000000711, -2.231429329291523816E-13 ) ) ;
#4262 = CARTESIAN_POINT ( 'NONE',  ( -38.14350014734866079, 121.7599145247894370, -43.72964371872234324 ) ) ;
#4263 = VERTEX_POINT ( 'NONE', #2079 ) ;
#4264 = EDGE_CURVE ( 'NONE', #10527, #8515, #7139, .T. ) ;
#4265 = FACE_OUTER_BOUND ( 'NONE', #3884, .T. ) ;
#4266 = VECTOR ( 'NONE', #3060, 1000.000000000000000 ) ;
#4267 = ORIENTED_EDGE ( 'NONE', *, *, #8783, .T. ) ;
#4268 = CARTESIAN_POINT ( 'NONE',  ( -22.70499905154007081, 120.4559712708450405, 69.47458199078077712 ) ) ;
#4269 = AXIS2_PLACEMENT_3D ( 'NONE', #1348, #2181, #6540 ) ;
#4270 = CARTESIAN_POINT ( 'NONE',  ( 0.000000000000000000, 110.4999999999999858, -63.91067609231115654 ) ) ;
#4271 = EDGE_LOOP ( 'NONE', ( #7467, #7345, #2848, #8252 ) ) ;
#4272 = DIRECTION ( 'NONE',  ( -0.000000000000000000, -1.000000000000000000, -0.000000000000000000 ) ) ;
#4273 = VERTEX_POINT ( 'NONE', #10599 ) ;
#4274 = CARTESIAN_POINT ( 'NONE',  ( -62.20458146424517309, 72.00000000000000000, 12.00000000000027001 ) ) ;
#4275 = EDGE_LOOP ( 'NONE', ( #10403, #3551, #857, #1749 ) ) ;
#4276 = EDGE_CURVE ( 'NONE', #2586, #4164, #9513, .T. ) ;
#4277 = MECHANICAL_DESIGN_GEOMETRIC_PRESENTATION_REPRESENTATION (  '', ( #10158 ), #2161 ) ;
#4278 = CARTESIAN_POINT ( 'NONE',  ( 71.34770865543636376, 123.2468771370596841, -15.44390432985102812 ) ) ;
#4279 = VECTOR ( 'NONE', #9631, 1000.000000000000000 ) ;
#4280 = LINE ( 'NONE', #4179, #9964 ) ;
#4281 = VERTEX_POINT ( 'NONE', #4737 ) ;
#4282 = DIRECTION ( 'NONE',  ( -0.7071067811865474617, -2.775557561562891351E-17, -0.7071067811865476838 ) ) ;
#4283 = ORIENTED_EDGE ( 'NONE', *, *, #1469, .T. ) ;
#4284 = ORIENTED_EDGE ( 'NONE', *, *, #10262, .T. ) ;
#4285 = ORIENTED_EDGE ( 'NONE', *, *, #10803, .F. ) ;
#4286 = VERTEX_POINT ( 'NONE', #5525 ) ;
#4287 = CARTESIAN_POINT ( 'NONE',  ( 42.44673787681925603, 117.9684973922954612, 39.54206009677265854 ) ) ;
#4288 = DIRECTION ( 'NONE',  ( 0.7071067811865479058, 0.000000000000000000, -0.7071067811865472397 ) ) ;
#4289 = DIRECTION ( 'NONE',  ( 0.000000000000000000, 0.000000000000000000, -1.000000000000000000 ) ) ;
#4290 = DIRECTION ( 'NONE',  ( 0.000000000000000000, 0.000000000000000000, 1.000000000000000000 ) ) ;
#4291 = LINE ( 'NONE', #1338, #4427 ) ;
#4292 = VECTOR ( 'NONE', #8748, 1000.000000000000000 ) ;
#4293 = VERTEX_POINT ( 'NONE', #8991 ) ;
#4294 = DIRECTION ( 'NONE',  ( 0.000000000000000000, 0.000000000000000000, 1.000000000000000000 ) ) ;
#4295 = ORIENTED_EDGE ( 'NONE', *, *, #5890, .F. ) ;
#4296 = CARTESIAN_POINT ( 'NONE',  ( -15.56731660900821623, 123.4818458615945360, 71.32095894971992323 ) ) ;
#4297 = AXIS2_PLACEMENT_3D ( 'NONE', #3146, #3212, #3100 ) ;
#4298 = VERTEX_POINT ( 'NONE', #8065 ) ;
#4299 = CARTESIAN_POINT ( 'NONE',  ( -24.04163056034263235, 48.00000000000000000, -24.04163056034264301 ) ) ;
#4300 = ORIENTED_EDGE ( 'NONE', *, *, #7533, .F. ) ;
#4301 = EDGE_LOOP ( 'NONE', ( #4682, #7971, #10820, #727, #7620, #2070 ) ) ;
#4302 = VECTOR ( 'NONE', #893, 1000.000000000000000 ) ;
#4303 = CARTESIAN_POINT ( 'NONE',  ( 53.29178800633989255, 124.6424999773143725, 49.89019523881861318 ) ) ;
#4304 = FILL_AREA_STYLE ('',( #9413 ) ) ;
#4305 = CYLINDRICAL_SURFACE ( 'NONE', #7664, 1.849999999999997424 ) ;
#4306 = ORIENTED_EDGE ( 'NONE', *, *, #3932, .F. ) ;
#4307 = DIRECTION ( 'NONE',  ( 0.000000000000000000, -0.000000000000000000, 1.000000000000000000 ) ) ;
#4308 = CARTESIAN_POINT ( 'NONE',  ( -18.64306271008176452, 117.5501692463045629, 70.57975875856266157 ) ) ;
#4309 = EDGE_LOOP ( 'NONE', ( #5944, #6957, #2857, #9594, #10247 ) ) ;
#4310 = AXIS2_PLACEMENT_3D ( 'NONE', #1198, #5350, #297 ) ;
#4311 = EDGE_LOOP ( 'NONE', ( #172, #6650 ) ) ;
#4312 = VECTOR ( 'NONE', #6849, 1000.000000000000000 ) ;
#4313 = CARTESIAN_POINT ( 'NONE',  ( -3.005988244198139631E-13, 107.4999999999999858, 40.57640687119287293 ) ) ;
#4314 = ORIENTED_EDGE ( 'NONE', *, *, #701, .T. ) ;
#4315 = ORIENTED_EDGE ( 'NONE', *, *, #7564, .F. ) ;
#4316 = ORIENTED_EDGE ( 'NONE', *, *, #5046, .T. ) ;
#4317 = PLANE ( 'NONE',  #6119 ) ;
#4318 = VERTEX_POINT ( 'NONE', #10665 ) ;
#4319 = ADVANCED_FACE ( 'NONE', ( #10969 ), #9384, .F. ) ;
#4321 = LINE ( 'NONE', #6500, #4963 ) ;
#4320 =( LENGTH_UNIT ( ) NAMED_UNIT ( * ) SI_UNIT ( .MILLI., .METRE. ) );
#4322 = LINE ( 'NONE', #1430, #7491 ) ;
#4323 = ORIENTED_EDGE ( 'NONE', *, *, #6745, .T. ) ;
#4324 = CARTESIAN_POINT ( 'NONE',  ( -38.24013224204505690, 120.4724575138329925, -43.64281513828852610 ) ) ;
#4325 = VECTOR ( 'NONE', #8217, 1000.000000000000000 ) ;
#4326 = VERTEX_POINT ( 'NONE', #6444 ) ;
#4327 = VERTEX_POINT ( 'NONE', #5446 ) ;
#4328 = EDGE_CURVE ( 'NONE', #5082, #6267, #8703, .T. ) ;
#4329 = VECTOR ( 'NONE', #8137, 1000.000000000000000 ) ;
#4330 = LINE ( 'NONE', #9546, #9502 ) ;
#4331 = ORIENTED_EDGE ( 'NONE', *, *, #6613, .T. ) ;
#4332 = EDGE_CURVE ( 'NONE', #70, #7340, #1965, .T. ) ;
#4333 = SURFACE_SIDE_STYLE ('',( #8243 ) ) ;
#4334 = CARTESIAN_POINT ( 'NONE',  ( -70.17267981621185413, 117.7553379789134596, 20.12092279372146564 ) ) ;
#4335 =( LENGTH_UNIT ( ) NAMED_UNIT ( * ) SI_UNIT ( .MILLI., .METRE. ) );
#4336 = CARTESIAN_POINT ( 'NONE',  ( -11.99999999999995737, 53.00000000000000711, 62.00694410957876102 ) ) ;
#4337 = DIRECTION ( 'NONE',  ( 0.7071067811865450192, 0.000000000000000000, -0.7071067811865501263 ) ) ;
#4338 = ORIENTED_EDGE ( 'NONE', *, *, #5749, .F. ) ;
#4339 = VERTEX_POINT ( 'NONE', #7187 ) ;
#4340 = DIRECTION ( 'NONE',  ( -3.469446951953614189E-15, 0.000000000000000000, -1.000000000000000000 ) ) ;
#4341 = CARTESIAN_POINT ( 'NONE',  ( -22.18311171878595900, 123.4762997294431557, 69.54804269035956565 ) ) ;
#4342 = CARTESIAN_POINT ( 'NONE',  ( 5.000000000000007994, 53.00000000000000711, 63.91067609231115654 ) ) ;
#4343 = LINE ( 'NONE', #3131, #6321 ) ;
#4344 = EDGE_CURVE ( 'NONE', #484, #9827, #10163, .T. ) ;
#4345 = VECTOR ( 'NONE', #863, 1000.000000000000000 ) ;
#4346 = STYLED_ITEM ( 'NONE', ( #9924 ), #8590 ) ;
#4347 = SURFACE_STYLE_FILL_AREA ( #8834 ) ;
#4348 = CARTESIAN_POINT ( 'NONE',  ( 0.000000000000000000, 107.4999999999999858, -71.00000000000001421 ) ) ;
#4349 = CARTESIAN_POINT ( 'NONE',  ( 10.96015510839143303, 0.000000000000000000, 10.96015510839138152 ) ) ;
#4350 = EDGE_CURVE ( 'NONE', #6517, #1402, #8750, .T. ) ;
#4351 = PLANE ( 'NONE',  #2861 ) ;
#4352 = DIRECTION ( 'NONE',  ( 1.000000000000000000, -0.000000000000000000, 0.000000000000000000 ) ) ;
#4353 = EDGE_CURVE ( 'NONE', #1527, #5676, #10714, .T. ) ;
#4354 = LINE ( 'NONE', #4795, #9113 ) ;
#4355 = CARTESIAN_POINT ( 'NONE',  ( -3.606188105837987656, 72.00000000000000000, 53.81076957008284012 ) ) ;
#4356 = CYLINDRICAL_SURFACE ( 'NONE', #326, 6.000000000000000000 ) ;
#4357 = CARTESIAN_POINT ( 'NONE',  ( 11.99999999999996447, 0.000000000000000000, -62.20458146424481782 ) ) ;
#4358 = ORIENTED_EDGE ( 'NONE', *, *, #7247, .T. ) ;
#4359 = CARTESIAN_POINT ( 'NONE',  ( -3.606188105837987656, 0.000000000000000000, 53.81076957008284012 ) ) ;
#4360 = CARTESIAN_POINT ( 'NONE',  ( 71.40506250139407030, 122.5214652262238531, -15.17628655415570371 ) ) ;
#4361 = CIRCLE ( 'NONE', #9160, 5.000000000000004441 ) ;
#4362 = FACE_OUTER_BOUND ( 'NONE', #2442, .T. ) ;
#4363 = AXIS2_PLACEMENT_3D ( 'NONE', #9012, #3920, #5758 ) ;
#4364 = SURFACE_STYLE_USAGE ( .BOTH. , #5207 ) ;
#4365 = DIRECTION ( 'NONE',  ( -0.7071067811865474617, 0.000000000000000000, 0.7071067811865474617 ) ) ;
#4366 = CARTESIAN_POINT ( 'NONE',  ( 62.00694410957880365, 53.00000000000000711, 11.99999999999974065 ) ) ;
#4367 = DIRECTION ( 'NONE',  ( -0.000000000000000000, -1.000000000000000000, -0.000000000000000000 ) ) ;
#4368 = ADVANCED_FACE ( 'NONE', ( #761 ), #5000, .F. ) ;
#4369 = LINE ( 'NONE', #4969, #2123 ) ;
#4370 = CARTESIAN_POINT ( 'NONE',  ( 19.16253729194202649, 72.00000000000000000, -41.08284750872499558 ) ) ;
#4371 = VECTOR ( 'NONE', #1533, 1000.000000000000000 ) ;
#4372 = EDGE_CURVE ( 'NONE', #4011, #10153, #7271, .T. ) ;
#4373 = CARTESIAN_POINT ( 'NONE',  ( -3.606188105837987656, 72.00000000000000000, 53.81076957008284012 ) ) ;
#4374 =( LENGTH_UNIT ( ) NAMED_UNIT ( * ) SI_UNIT ( .MILLI., .METRE. ) );
#4375 = CARTESIAN_POINT ( 'NONE',  ( 0.000000000000000000, 107.4999999999999858, 0.000000000000000000 ) ) ;
#4376 = PLANE ( 'NONE',  #6496 ) ;
#4377 =( NAMED_UNIT ( * ) SI_UNIT ( $, .STERADIAN. ) SOLID_ANGLE_UNIT ( ) );
#4378 = CARTESIAN_POINT ( 'NONE',  ( 0.000000000000000000, 15.00000000000000000, 0.000000000000000000 ) ) ;
#4379 = DIRECTION ( 'NONE',  ( 0.000000000000000000, 0.000000000000000000, 1.000000000000000000 ) ) ;
#4380 = ADVANCED_FACE ( 'NONE', ( #3561 ), #399, .T. ) ;
#4381 = LINE ( 'NONE', #6770, #10874 ) ;
#4382 = DIRECTION ( 'NONE',  ( -0.000000000000000000, -1.000000000000000000, -0.000000000000000000 ) ) ;
#4383 = DIRECTION ( 'NONE',  ( 0.000000000000000000, 0.000000000000000000, -1.000000000000000000 ) ) ;
#4384 = EDGE_CURVE ( 'NONE', #10222, #3422, #9902, .T. ) ;
#4385 = DIRECTION ( 'NONE',  ( -0.7071067811865500152, 0.000000000000000000, -0.7071067811865451302 ) ) ;
#4386 = CYLINDRICAL_SURFACE ( 'NONE', #9376, 5.000000000000004441 ) ;
#4387 = LINE ( 'NONE', #8291, #5836 ) ;
#4388 = EDGE_CURVE ( 'NONE', #454, #7207, #5802, .T. ) ;
#4389 = CARTESIAN_POINT ( 'NONE',  ( -38.53424173987053791, 119.5188384131156738, -43.37671069955326431 ) ) ;
#4390 = ORIENTED_EDGE ( 'NONE', *, *, #1146, .T. ) ;
#4391 = VECTOR ( 'NONE', #3160, 1000.000000000000000 ) ;
#4392 = LINE ( 'NONE', #7978, #10627 ) ;
#4393 = VECTOR ( 'NONE', #7113, 1000.000000000000000 ) ;
#4394 = CARTESIAN_POINT ( 'NONE',  ( 38.14350014734867500, 121.5000000000000000, 43.72964371872242140 ) ) ;
#4395 = DIRECTION ( 'NONE',  ( 0.000000000000000000, 1.000000000000000000, 0.000000000000000000 ) ) ;
#4396 = ORIENTED_EDGE ( 'NONE', *, *, #8440, .T. ) ;
#4397 = DIRECTION ( 'NONE',  ( 0.000000000000000000, -1.000000000000000000, 0.000000000000000000 ) ) ;
#4398 =( NAMED_UNIT ( * ) SI_UNIT ( $, .STERADIAN. ) SOLID_ANGLE_UNIT ( ) );
#4399 = EDGE_CURVE ( 'NONE', #8248, #10389, #2240, .T. ) ;
#4400 = MECHANICAL_DESIGN_GEOMETRIC_PRESENTATION_REPRESENTATION (  '', ( #3285 ), #2931 ) ;
#4401 = EDGE_CURVE ( 'NONE', #8650, #312, #1172, .T. ) ;
#4402 = ORIENTED_EDGE ( 'NONE', *, *, #1622, .F. ) ;
#4403 = CARTESIAN_POINT ( 'NONE',  ( -57.00694410957876812, 33.00000000000000000, 5.971160446292032477E-13 ) ) ;
#4404 = VECTOR ( 'NONE', #5451, 1000.000000000000000 ) ;
#4405 = ORIENTED_EDGE ( 'NONE', *, *, #911, .T. ) ;
#4406 = STYLED_ITEM ( 'NONE', ( #6355 ), #3836 ) ;
#4407 = DIRECTION ( 'NONE',  ( -0.7071067811865493491, 0.000000000000000000, -0.7071067811865456854 ) ) ;
#4408 = CARTESIAN_POINT ( 'NONE',  ( -66.18446766623711142, 72.00000000000000000, 15.02265631979615712 ) ) ;
#4409 = ORIENTED_EDGE ( 'NONE', *, *, #831, .F. ) ;
#4410 = CARTESIAN_POINT ( 'NONE',  ( 53.81076957008284722, 72.00000000000000000, -3.606188105837963231 ) ) ;
#4411 = EDGE_LOOP ( 'NONE', ( #6016, #9398 ) ) ;
#4412 = ORIENTED_EDGE ( 'NONE', *, *, #6873, .T. ) ;
#4413 = CARTESIAN_POINT ( 'NONE',  ( 70.86894944294824938, 125.4510427797605132, -17.91421530027600895 ) ) ;
#4414 = STYLED_ITEM ( 'NONE', ( #1551 ), #9745 ) ;
#4415 = VECTOR ( 'NONE', #3282, 1000.000000000000000 ) ;
#4416 = ORIENTED_EDGE ( 'NONE', *, *, #7434, .F. ) ;
#4417 = CARTESIAN_POINT ( 'NONE',  ( 0.000000000000000000, 72.00000000000000000, -12.00000000000026112 ) ) ;
#4418 = ADVANCED_FACE ( 'NONE', ( #2766 ), #4481, .F. ) ;
#4419 = DIRECTION ( 'NONE',  ( 0.7071067811865474617, 0.000000000000000000, 0.7071067811865476838 ) ) ;
#4420 = VERTEX_POINT ( 'NONE', #8489 ) ;
#4421 = AXIS2_PLACEMENT_3D ( 'NONE', #7800, #7518, #2453 ) ;
#4422 = DIRECTION ( 'NONE',  ( -1.000000000000000000, 0.000000000000000000, 1.082138871172476148E-14 ) ) ;
#4423 = ORIENTED_EDGE ( 'NONE', *, *, #9503, .T. ) ;
#4424 = ORIENTED_EDGE ( 'NONE', *, *, #3711, .F. ) ;
#4425 = PLANE ( 'NONE',  #7885 ) ;
#4426 = CARTESIAN_POINT ( 'NONE',  ( -42.42640687119286014, -6.000000000000000000, -4.487298322847499863E-13 ) ) ;
#4427 = VECTOR ( 'NONE', #6230, 1000.000000000000000 ) ;
#4428 = FACE_OUTER_BOUND ( 'NONE', #1781, .T. ) ;
#4429 = EDGE_LOOP ( 'NONE', ( #9192, #1234, #472, #9296 ) ) ;
#4430 = DIRECTION ( 'NONE',  ( 1.000000000000000000, 0.000000000000000000, -3.491481338843133355E-15 ) ) ;
#4431 = EDGE_LOOP ( 'NONE', ( #3880, #5188 ) ) ;
#4432 = ORIENTED_EDGE ( 'NONE', *, *, #2929, .F. ) ;
#4433 = ADVANCED_FACE ( 'NONE', ( #1424 ), #6764, .T. ) ;
#4434 = DIRECTION ( 'NONE',  ( 0.7071067811865495711, -0.000000000000000000, 0.7071067811865454633 ) ) ;
#4435 = CARTESIAN_POINT ( 'NONE',  ( 12.00000000000004441, 53.00000000000000711, 62.00694410957876102 ) ) ;
#4436 = ORIENTED_EDGE ( 'NONE', *, *, #1416, .F. ) ;
#4437 = CARTESIAN_POINT ( 'NONE',  ( 15.17941345301654366, -8.000999999999999446, 52.43361699539105558 ) ) ;
#4438 = CARTESIAN_POINT ( 'NONE',  ( 0.000000000000000000, 115.4999999999999858, 0.000000000000000000 ) ) ;
#4439 = EDGE_LOOP ( 'NONE', ( #5736, #2320 ) ) ;
#4440 = VERTEX_POINT ( 'NONE', #4236 ) ;
#4441 = DIRECTION ( 'NONE',  ( 0.7071067811865474617, 0.000000000000000000, 0.7071067811865476838 ) ) ;
#4442 = FACE_BOUND ( 'NONE', #9990, .T. ) ;
#4443 = CIRCLE ( 'NONE', #6339, 3.949999999999995293 ) ;
#4444 = ORIENTED_EDGE ( 'NONE', *, *, #567, .T. ) ;
#4445 = DIRECTION ( 'NONE',  ( -0.000000000000000000, -1.000000000000000000, -0.000000000000000000 ) ) ;
#4446 = DIRECTION ( 'NONE',  ( -3.469446951953613696E-16, 0.000000000000000000, -1.000000000000000000 ) ) ;
#4447 = CARTESIAN_POINT ( 'NONE',  ( -63.91067609231115654, 92.49999999999998579, 3.949999999999766143 ) ) ;
#4448 = LINE ( 'NONE', #1676, #5636 ) ;
#4449 = CARTESIAN_POINT ( 'NONE',  ( -5.000000000000007994, 107.4999999999999858, -63.91067609231115654 ) ) ;
#4450 = ORIENTED_EDGE ( 'NONE', *, *, #4757, .F. ) ;
#4451 = ORIENTED_EDGE ( 'NONE', *, *, #10735, .T. ) ;
#4452 = DIRECTION ( 'NONE',  ( 0.000000000000000000, 0.000000000000000000, 1.000000000000000000 ) ) ;
#4453 = DIRECTION ( 'NONE',  ( -0.7071067811865453523, 0.000000000000000000, 0.7071067811865496822 ) ) ;
#4454 = DIRECTION ( 'NONE',  ( 0.7071067811865476838, -2.053900018627032069E-16, -0.7071067811865474617 ) ) ;
#4455 = ORIENTED_EDGE ( 'NONE', *, *, #2986, .F. ) ;
#4456 = CARTESIAN_POINT ( 'NONE',  ( -15.84301003870687907, 119.0916423889935345, 71.26022331623001094 ) ) ;
#4457 = CARTESIAN_POINT ( 'NONE',  ( -11.16805714482462264, 122.5297787185175054, 56.94280851928382248 ) ) ;
#4458 = EDGE_LOOP ( 'NONE', ( #5256, #629, #9735, #6322 ) ) ;
#4459 = DIRECTION ( 'NONE',  ( 0.7071067811865476838, 6.846333395423442283E-17, -0.7071067811865474617 ) ) ;
#4460 = VECTOR ( 'NONE', #9987, 1000.000000000000000 ) ;
#4461 = CARTESIAN_POINT ( 'NONE',  ( 62.00694410957880365, 53.00000000000000711, 11.99999999999974065 ) ) ;
#4462 = ORIENTED_EDGE ( 'NONE', *, *, #2266, .T. ) ;
#4463 = ORIENTED_EDGE ( 'NONE', *, *, #10648, .F. ) ;
#4464 = DIRECTION ( 'NONE',  ( 0.000000000000000000, 1.000000000000000000, 0.000000000000000000 ) ) ;
#4465 = CARTESIAN_POINT ( 'NONE',  ( -52.33468269917363358, 125.3222965543165941, -50.89346325520669012 ) ) ;
#4466 = LINE ( 'NONE', #888, #2611 ) ;
#4467 =( NAMED_UNIT ( * ) PLANE_ANGLE_UNIT ( ) SI_UNIT ( $, .RADIAN. ) );
#4468 = CARTESIAN_POINT ( 'NONE',  ( 13.08724553910731991, 124.9216499076871685, -56.51168249341568384 ) ) ;
#4469 = DIRECTION ( 'NONE',  ( 0.000000000000000000, 0.000000000000000000, 1.000000000000000000 ) ) ;
#4470 = EDGE_CURVE ( 'NONE', #10631, #7991, #5668, .T. ) ;
#4471 = DIRECTION ( 'NONE',  ( -3.469446951953613696E-16, 0.000000000000000000, -1.000000000000000000 ) ) ;
#4472 = ORIENTED_EDGE ( 'NONE', *, *, #221, .F. ) ;
#4473 = VERTEX_POINT ( 'NONE', #7644 ) ;
#4474 = EDGE_CURVE ( 'NONE', #10664, #10222, #9776, .T. ) ;
#4475 =( NAMED_UNIT ( * ) SI_UNIT ( $, .STERADIAN. ) SOLID_ANGLE_UNIT ( ) );
#4476 = CARTESIAN_POINT ( 'NONE',  ( 0.000000000000000000, 110.4999999999999858, 67.86067609231115227 ) ) ;
#4477 = FACE_OUTER_BOUND ( 'NONE', #7777, .T. ) ;
#4478 = AXIS2_PLACEMENT_3D ( 'NONE', #4803, #5767, #3157 ) ;
#4479 = DIRECTION ( 'NONE',  ( -0.7071067811865476838, 0.000000000000000000, 0.7071067811865474617 ) ) ;
#4480 = ORIENTED_EDGE ( 'NONE', *, *, #5612, .T. ) ;
#4481 = CYLINDRICAL_SURFACE ( 'NONE', #10805, 3.949999999999988187 ) ;
#4482 = ADVANCED_FACE ( 'NONE', ( #4747 ), #10161, .T. ) ;
#4483 = CARTESIAN_POINT ( 'NONE',  ( -1.204972080621668936E-12, 127.5010000000000048, -44.27640687119407659 ) ) ;
#4484 = ORIENTED_EDGE ( 'NONE', *, *, #7024, .F. ) ;
#4485 = DIRECTION ( 'NONE',  ( 1.000000000000000000, 0.000000000000000000, -3.491481338843133355E-15 ) ) ;
#4486 = EDGE_CURVE ( 'NONE', #5876, #4263, #1159, .T. ) ;
#4487 = DIRECTION ( 'NONE',  ( 1.000000000000000000, 0.000000000000000000, -1.047444401652940007E-14 ) ) ;
#4488 = FACE_OUTER_BOUND ( 'NONE', #3380, .T. ) ;
#4489 = CARTESIAN_POINT ( 'NONE',  ( 0.000000000000000000, 107.4999999999999858, 0.000000000000000000 ) ) ;
#4490 = DIRECTION ( 'NONE',  ( 4.625929269271485322E-15, 0.000000000000000000, 1.000000000000000000 ) ) ;
#4491 = CARTESIAN_POINT ( 'NONE',  ( -55.05922470605126051, 119.5231740024655807, 18.30060250830851487 ) ) ;
#4492 = FILL_AREA_STYLE_COLOUR ( '', #1753 ) ;
#4493 = VECTOR ( 'NONE', #3069, 1000.000000000000000 ) ;
#4494 = ORIENTED_EDGE ( 'NONE', *, *, #8141, .T. ) ;
#4495 = DIRECTION ( 'NONE',  ( 0.000000000000000000, 0.000000000000000000, -1.000000000000000000 ) ) ;
#4496 = EDGE_CURVE ( 'NONE', #2491, #6159, #522, .T. ) ;
#4497 = ADVANCED_FACE ( 'NONE', ( #9245 ), #5136, .F. ) ;
#4498 = DIRECTION ( 'NONE',  ( -0.000000000000000000, -1.000000000000000000, -0.000000000000000000 ) ) ;
#4499 = MECHANICAL_DESIGN_GEOMETRIC_PRESENTATION_REPRESENTATION (  '', ( #9240 ), #3933 ) ;
#4500 = PLANE ( 'NONE',  #5131 ) ;
#4501 = CIRCLE ( 'NONE', #5823, 3.949999999999989075 ) ;
#4502 = CARTESIAN_POINT ( 'NONE',  ( -48.08326112068525049, 16.50000000000000000, -2.775557561562891351E-14 ) ) ;
#4503 = DIRECTION ( 'NONE',  ( 1.000000000000000000, 0.000000000000000000, -3.469446951953613696E-16 ) ) ;
#4504 = CARTESIAN_POINT ( 'NONE',  ( -43.72989016812076102, 122.5297787185175054, -38.14322545797590180 ) ) ;
#4505 =( NAMED_UNIT ( * ) SI_UNIT ( $, .STERADIAN. ) SOLID_ANGLE_UNIT ( ) );
#4506 = DIRECTION ( 'NONE',  ( 0.000000000000000000, 0.000000000000000000, 1.000000000000000000 ) ) ;
#4507 = DIRECTION ( 'NONE',  ( 0.000000000000000000, -1.000000000000000000, 0.000000000000000000 ) ) ;
#4508 = CIRCLE ( 'NONE', #5112, 5.000000000000007994 ) ;
#4509 = AXIS2_PLACEMENT_3D ( 'NONE', #8630, #9460, #5128 ) ;
#4510 = LINE ( 'NONE', #461, #8341 ) ;
#4511 = SURFACE_STYLE_USAGE ( .BOTH. , #10432 ) ;
#4512 = DIRECTION ( 'NONE',  ( 1.000000000000000000, 0.000000000000000000, -3.469446951953613696E-16 ) ) ;
#4513 = DIRECTION ( 'NONE',  ( -0.000000000000000000, -1.000000000000000000, -0.000000000000000000 ) ) ;
#4514 = CIRCLE ( 'NONE', #7049, 8.000000000000000000 ) ;
#4515 = DIRECTION ( 'NONE',  ( -0.7071067811865474617, -2.775557561562891351E-17, -0.7071067811865476838 ) ) ;
#4516 = CARTESIAN_POINT ( 'NONE',  ( 42.42640687119286014, -6.000000000000000000, 1.524678165548779904E-13 ) ) ;
#4517 = CIRCLE ( 'NONE', #7447, 71.00000000000001421 ) ;
#4518 = PLANE ( 'NONE',  #9942 ) ;
#4519 = CARTESIAN_POINT ( 'NONE',  ( -1.204972080621668936E-12, -6.000000000000000000, -42.42640687119408227 ) ) ;
#4520 = CARTESIAN_POINT ( 'NONE',  ( -17.74832372956905502, 0.000000000000000000, -39.66863394635184648 ) ) ;
#4521 = CARTESIAN_POINT ( 'NONE',  ( -54.89810118063915212, 121.2426528317474634, 18.79911235162886385 ) ) ;
#4522 = VECTOR ( 'NONE', #15, 1000.000000000000000 ) ;
#4523 = CIRCLE ( 'NONE', #2817, 8.000000000000000000 ) ;
#4524 = CARTESIAN_POINT ( 'NONE',  ( 9.999999999999957367, 53.00000000000000711, -62.00694410957876102 ) ) ;
#4525 = DIRECTION ( 'NONE',  ( -0.7071067811865474617, -2.775557561562891351E-17, -0.7071067811865476838 ) ) ;
#4526 = EDGE_CURVE ( 'NONE', #8674, #4263, #8981, .T. ) ;
#4527 = ADVANCED_FACE ( 'NONE', ( #1694 ), #10226, .F. ) ;
#4528 = CARTESIAN_POINT ( 'NONE',  ( -11.66726188957804311, 10.00000000000000000, 11.66726188957804311 ) ) ;
#4529 = EDGE_CURVE ( 'NONE', #5865, #5347, #3690, .T. ) ;
#4530 = CARTESIAN_POINT ( 'NONE',  ( -12.48013842950246044, 118.5222817496242698, 56.65396036011080128 ) ) ;
#4531 = ORIENTED_EDGE ( 'NONE', *, *, #4818, .T. ) ;
#4532 = PLANE ( 'NONE',  #10842 ) ;
#4533 = EDGE_CURVE ( 'NONE', #10420, #3009, #9636, .T. ) ;
#4534 = CARTESIAN_POINT ( 'NONE',  ( -42.42640687119286014, 109.4999999999999858, -4.487298322847499863E-13 ) ) ;
#4535 = DIRECTION ( 'NONE',  ( -0.000000000000000000, 1.000000000000000000, -0.000000000000000000 ) ) ;
#4536 = CIRCLE ( 'NONE', #5003, 71.00000000000001421 ) ;
#4537 = LINE ( 'NONE', #4097, #932 ) ;
#4538 = EDGE_LOOP ( 'NONE', ( #2454, #3408, #3900, #1755 ) ) ;
#4539 = CARTESIAN_POINT ( 'NONE',  ( 63.91067609231115654, 93.35786437626902057, 6.694287987874572456E-13 ) ) ;
#4540 = CARTESIAN_POINT ( 'NONE',  ( -23.68807716974930244, 72.00000000000000000, -23.68807716974934507 ) ) ;
#4541 = STYLED_ITEM ( 'NONE', ( #3988 ), #1991 ) ;
#4542 = ORIENTED_EDGE ( 'NONE', *, *, #10717, .T. ) ;
#4543 = VERTEX_POINT ( 'NONE', #1575 ) ;
#4544 = ORIENTED_EDGE ( 'NONE', *, *, #515, .T. ) ;
#4545 = ADVANCED_FACE ( 'NONE', ( #6462 ), #4425, .F. ) ;
#4546 = DIRECTION ( 'NONE',  ( 0.000000000000000000, 1.000000000000000000, 0.000000000000000000 ) ) ;
#4547 = DIRECTION ( 'NONE',  ( 0.000000000000000000, 1.000000000000000000, -0.000000000000000000 ) ) ;
#4548 = CARTESIAN_POINT ( 'NONE',  ( 34.02121464945722096, 10.00000000000000000, 57.35573842861330007 ) ) ;
#4549 = EDGE_CURVE ( 'NONE', #8362, #4293, #3824, .T. ) ;
#4550 = ORIENTED_EDGE ( 'NONE', *, *, #4945, .T. ) ;
#4551 = CARTESIAN_POINT ( 'NONE',  ( -46.20765073105413023, -42.40663761154805655, -25.95867897095133969 ) ) ;
#4552 = EDGE_CURVE ( 'NONE', #10258, #2758, #8171, .T. ) ;
#4553 = EDGE_LOOP ( 'NONE', ( #8374, #4014 ) ) ;
#4554 = EDGE_LOOP ( 'NONE', ( #10259, #2965, #5723, #6019 ) ) ;
#4555 = FILL_AREA_STYLE_COLOUR ( '', #8361 ) ;
#4556 = ORIENTED_EDGE ( 'NONE', *, *, #3979, .F. ) ;
#4557 = EDGE_CURVE ( 'NONE', #7450, #9473, #1952, .T. ) ;
#4558 = PRESENTATION_LAYER_ASSIGNMENT (  '', '', ( #9869 ) ) ;
#4559 = FACE_OUTER_BOUND ( 'NONE', #6819, .T. ) ;
#4560 = CARTESIAN_POINT ( 'NONE',  ( -62.00694410957886760, 53.00000000000000711, -9.999999999999307221 ) ) ;
#4561 = DIRECTION ( 'NONE',  ( 0.000000000000000000, 1.000000000000000000, 0.000000000000000000 ) ) ;
#4562 = VECTOR ( 'NONE', #5401, 999.9999999999998863 ) ;
#4563 = ORIENTED_EDGE ( 'NONE', *, *, #6620, .F. ) ;
#4564 = SURFACE_STYLE_USAGE ( .BOTH. , #7197 ) ;
#4565 = ORIENTED_EDGE ( 'NONE', *, *, #4399, .T. ) ;
#4566 = ORIENTED_EDGE ( 'NONE', *, *, #6257, .T. ) ;
#4567 = ORIENTED_EDGE ( 'NONE', *, *, #30, .T. ) ;
#4568 = AXIS2_PLACEMENT_3D ( 'NONE', #10533, #3757, #1194 ) ;
#4569 = ORIENTED_EDGE ( 'NONE', *, *, #1711, .F. ) ;
#4570 = VECTOR ( 'NONE', #5194, 1000.000000000000000 ) ;
#4571 = CIRCLE ( 'NONE', #309, 1.849999999999997424 ) ;
#4572 = ORIENTED_EDGE ( 'NONE', *, *, #8702, .F. ) ;
#4573 = CARTESIAN_POINT ( 'NONE',  ( -39.66863394635196016, 72.00000000000000000, -17.74832372956879922 ) ) ;
#4574 = ORIENTED_EDGE ( 'NONE', *, *, #7951, .T. ) ;
#4575 = CARTESIAN_POINT ( 'NONE',  ( 6.490628035480970741E-15, 109.4999999999999858, -52.99999999999999289 ) ) ;
#4576 = CARTESIAN_POINT ( 'NONE',  ( 63.91067609231115654, 107.4999999999999858, -3.949999999999319389 ) ) ;
#4577 = FACE_OUTER_BOUND ( 'NONE', #9623, .T. ) ;
#4578 = CARTESIAN_POINT ( 'NONE',  ( 17.34608033711045394, 124.6580409006647301, -55.35729137106680042 ) ) ;
#4579 = CARTESIAN_POINT ( 'NONE',  ( 28.70847883796041700, 72.00000000000000000, -28.70847883796040989 ) ) ;
#4580 = EDGE_LOOP ( 'NONE', ( #103, #389, #10544, #10763 ) ) ;
#4581 = VERTEX_POINT ( 'NONE', #1860 ) ;
#4582 = VERTEX_POINT ( 'NONE', #10331 ) ;
#4583 = CARTESIAN_POINT ( 'NONE',  ( -48.08326112068524338, 49.50000000000000000, -3.469446951953614189E-14 ) ) ;
#4584 = VERTEX_POINT ( 'NONE', #86 ) ;
#4585 = VECTOR ( 'NONE', #8376, 1000.000000000000000 ) ;
#4586 = CIRCLE ( 'NONE', #5884, 1.849999999999997646 ) ;
#4587 = ORIENTED_EDGE ( 'NONE', *, *, #9000, .T. ) ;
#4588 = B_SPLINE_CURVE_WITH_KNOTS ( 'NONE', 3,
 ( #3348, #10099, #5034, #5898, #8446, #6749, #6781, #1677, #8474, #3392, #5117, #5154, #3461, #111, #9389, #3599, #7807, #4308, #8559, #3496, #2792, #9523, #6969, #8658, #6112, #1883, #4456, #10208, #3570, #2644, #5271, #9415, #6001, #2759 ),
 .UNSPECIFIED., .F., .F.,
 ( 4, 2, 2, 2, 2, 2, 2, 2, 2, 2, 2, 2, 2, 2, 2, 2, 4 ),
 ( 0.01244830183310139705, 0.01322653982068752558, 0.01400477780827365411, 0.01478301579585978437, 0.01556125378344591290, 0.01633949177103204142, 0.01711772975861816995, 0.01789596774620429848, 0.01867420573379042700, 0.01945244372137655553, 0.02023068170896268753, 0.02100891969654881258, 0.02178715768413494458, 0.02256539567172106964, 0.02334363365930720163, 0.02412187164689333016, 0.02490010963447945869 ),
 .UNSPECIFIED. ) ;
#4589 = EDGE_CURVE ( 'NONE', #5759, #1797, #1411, .T. ) ;
#4590 = CARTESIAN_POINT ( 'NONE',  ( 24.04163056034261103, 81.00000000000000000, 24.04163056034259682 ) ) ;
#4591 = DIRECTION ( 'NONE',  ( 0.000000000000000000, 0.000000000000000000, 1.000000000000000000 ) ) ;
#4592 = FACE_BOUND ( 'NONE', #4834, .T. ) ;
#4593 = ORIENTED_EDGE ( 'NONE', *, *, #10937, .F. ) ;
#4594 = CARTESIAN_POINT ( 'NONE',  ( 39.53672640795748094, 125.0238078437617730, 42.45166671978658002 ) ) ;
#4595 = ORIENTED_EDGE ( 'NONE', *, *, #5331, .F. ) ;
#4596 = CARTESIAN_POINT ( 'NONE',  ( -24.04163056034262880, 31.50000000000000000, -24.04163056034263946 ) ) ;
#4597 = FACE_OUTER_BOUND ( 'NONE', #5502, .T. ) ;
#4598 = ORIENTED_EDGE ( 'NONE', *, *, #9274, .T. ) ;
#4599 = CARTESIAN_POINT ( 'NONE',  ( -6.938893903907228378E-15, 48.00000000000000000, -48.08326112068525759 ) ) ;
#4600 = CARTESIAN_POINT ( 'NONE',  ( -9.999999999999953815, 15.00000000000000178, 72.31182475916369867 ) ) ;
#4601 = CARTESIAN_POINT ( 'NONE',  ( -20.57675085431533546, 72.00000000000000000, -67.95290519381374850 ) ) ;
#4602 = EDGE_LOOP ( 'NONE', ( #7755, #498 ) ) ;
#4603 = ORIENTED_EDGE ( 'NONE', *, *, #6961, .F. ) ;
#4604 = DIRECTION ( 'NONE',  ( -0.7071067811865476838, 0.000000000000000000, 0.7071067811865474617 ) ) ;
#4605 = DIRECTION ( 'NONE',  ( -0.000000000000000000, 1.000000000000000000, -0.000000000000000000 ) ) ;
#4606 = AXIS2_PLACEMENT_3D ( 'NONE', #7714, #5984, #2658 ) ;
#4607 = ADVANCED_FACE ( 'NONE', ( #1813 ), #7788, .T. ) ;
#4608 = DIRECTION ( 'NONE',  ( -0.000000000000000000, -1.000000000000000000, -0.000000000000000000 ) ) ;
#4609 = EDGE_CURVE ( 'NONE', #2693, #8426, #1297, .T. ) ;
#4610 = LINE ( 'NONE', #8747, #5133 ) ;
#4611 = LINE ( 'NONE', #9403, #6861 ) ;
#4612 = CARTESIAN_POINT ( 'NONE',  ( -58.20458146424550705, 33.00000000000000000, 8.000000000000609290 ) ) ;
#4613 = CARTESIAN_POINT ( 'NONE',  ( -63.91067609231115654, 110.4999999999999858, 3.949999999999766143 ) ) ;
#4614 = CARTESIAN_POINT ( 'NONE',  ( 20.57675085431514361, 72.00000000000000000, -67.95290519381379113 ) ) ;
#4615 = CARTESIAN_POINT ( 'NONE',  ( 0.000000000000000000, 0.000000000000000000, -71.00000000000001421 ) ) ;
#4616 = CARTESIAN_POINT ( 'NONE',  ( 15.25811030591568240, 125.4502610479492688, -55.95763457455673517 ) ) ;
#4617 = PLANE ( 'NONE',  #9107 ) ;
#4618 = EDGE_CURVE ( 'NONE', #10532, #5402, #8849, .T. ) ;
#4619 = CIRCLE ( 'NONE', #1637, 5.000000000000004441 ) ;
#4620 = CARTESIAN_POINT ( 'NONE',  ( 19.39193575556033267, 117.5767542232388934, -70.37767394319928371 ) ) ;
#4621 = AXIS2_PLACEMENT_3D ( 'NONE', #310, #4515, #6073 ) ;
#4622 = FACE_OUTER_BOUND ( 'NONE', #7484, .T. ) ;
#4623 = ADVANCED_FACE ( 'NONE', ( #10023 ), #1756, .F. ) ;
#4624 = VERTEX_POINT ( 'NONE', #5164 ) ;
#4625 = EDGE_CURVE ( 'NONE', #4293, #7210, #4611, .T. ) ;
#4626 = DIRECTION ( 'NONE',  ( -0.000000000000000000, 1.000000000000000000, -0.000000000000000000 ) ) ;
#4627 = DIRECTION ( 'NONE',  ( -0.000000000000000000, -1.000000000000000000, -0.000000000000000000 ) ) ;
#4628 = CARTESIAN_POINT ( 'NONE',  ( 0.000000000000000000, 112.4999999999999858, 0.000000000000000000 ) ) ;
#4629 = DIRECTION ( 'NONE',  ( -0.7071067811865454633, 0.000000000000000000, 0.7071067811865495711 ) ) ;
#4630 = EDGE_CURVE ( 'NONE', #4826, #4326, #1246, .T. ) ;
#4631 = AXIS2_PLACEMENT_3D ( 'NONE', #5160, #6015, #8569 ) ;
#4632 = CARTESIAN_POINT ( 'NONE',  ( 38.46533008074432303, 123.5667773864314825, 43.44410331628249367 ) ) ;
#4633 = PLANE ( 'NONE',  #6621 ) ;
#4634 = CIRCLE ( 'NONE', #31, 5.000000000000007994 ) ;
#4635 = PRODUCT_DEFINITION_CONTEXT ( 'detailed design', #1016, 'design' ) ;
#4636 = CARTESIAN_POINT ( 'NONE',  ( 56.09066243818314490, 117.5501411763037680, -14.76156079825547707 ) ) ;
#4637 = CARTESIAN_POINT ( 'NONE',  ( -6.938893903907228378E-15, 64.50000000000000000, -48.08326112068525049 ) ) ;
#4638 = FILL_AREA_STYLE ('',( #8767 ) ) ;
#4639 = CARTESIAN_POINT ( 'NONE',  ( -39.66863394635196016, 0.000000000000000000, -17.74832372956879922 ) ) ;
#4640 = LINE ( 'NONE', #9419, #5820 ) ;
#4641 = CARTESIAN_POINT ( 'NONE',  ( 57.93661858324087888, 0.000000000000000000, 36.72341514764448078 ) ) ;
#4642 = DIRECTION ( 'NONE',  ( 0.000000000000000000, -1.000000000000000000, 0.000000000000000000 ) ) ;
#4643 = CARTESIAN_POINT ( 'NONE',  ( -12.12207394229225876, 118.8888371474307775, 56.73536537415211001 ) ) ;
#4644 = UNCERTAINTY_MEASURE_WITH_UNIT (LENGTH_MEASURE( 1.000000000000000082E-05 ), #4374, 'distance_accuracy_value', 'NONE');
#4645 = VECTOR ( 'NONE', #9570, 1000.000000000000000 ) ;
#4646 = CARTESIAN_POINT ( 'NONE',  ( -11.99999999999996447, 72.00000000000000000, 62.20458146424481782 ) ) ;
#4647 = DIRECTION ( 'NONE',  ( 0.000000000000000000, 0.000000000000000000, 1.000000000000000000 ) ) ;
#4648 = CARTESIAN_POINT ( 'NONE',  ( 8.939921633775675282E-15, 112.4999999999999858, 73.00000000000000000 ) ) ;
#4649 = CARTESIAN_POINT ( 'NONE',  ( 0.000000000000000000, 53.00000000000000711, -12.00000000000026112 ) ) ;
#4650 = DIRECTION ( 'NONE',  ( 0.000000000000000000, 0.000000000000000000, 1.000000000000000000 ) ) ;
#4651 = LINE ( 'NONE', #4084, #5306 ) ;
#4652 = CARTESIAN_POINT ( 'NONE',  ( 22.68151796171983392, 121.2423449557189343, -69.38694937055653611 ) ) ;
#4653 = ADVANCED_FACE ( 'NONE', ( #7774, #8971, #1012, #6600, #10841, #6720, #4204 ), #9677, .T. ) ;
#4654 = VECTOR ( 'NONE', #5013, 1000.000000000000000 ) ;
#4655 = MANIFOLD_SOLID_BREP ( '¶ñ®Æ-¦ùªø1[4]', #1273 ) ;
#4656 = SURFACE_STYLE_USAGE ( .BOTH. , #3736 ) ;
#4657 = FACE_BOUND ( 'NONE', #4311, .T. ) ;
#4658 = DIRECTION ( 'NONE',  ( 0.7071067811865476838, -2.053900018627032069E-16, -0.7071067811865474617 ) ) ;
#4659 = DIRECTION ( 'NONE',  ( 0.000000000000000000, 0.000000000000000000, 1.000000000000000000 ) ) ;
#4660 = CARTESIAN_POINT ( 'NONE',  ( 0.000000000000000000, 53.00000000000000711, 0.000000000000000000 ) ) ;
#4661 = VERTEX_POINT ( 'NONE', #9602 ) ;
#4662 = AXIS2_PLACEMENT_3D ( 'NONE', #4403, #4487, #10352 ) ;
#4663 = CARTESIAN_POINT ( 'NONE',  ( 15.17941345301654366, -8.000000000000000000, 47.43361699539106269 ) ) ;
#4664 = LINE ( 'NONE', #10166, #9021 ) ;
#4665 = FACE_OUTER_BOUND ( 'NONE', #5204, .T. ) ;
#4666 = PRESENTATION_STYLE_ASSIGNMENT (( #7074 ) ) ;
#4667 = ORIENTED_EDGE ( 'NONE', *, *, #8949, .T. ) ;
#4668 = DIRECTION ( 'NONE',  ( -3.469446951953614189E-15, 0.000000000000000000, -1.000000000000000000 ) ) ;
#4669 = EDGE_LOOP ( 'NONE', ( #2574, #989, #9481, #4148 ) ) ;
#4670 = CARTESIAN_POINT ( 'NONE',  ( 42.42640687119286014, -6.000000000000000000, 1.850000000000150191 ) ) ;
#4671 = ADVANCED_FACE ( 'NONE', ( #4736 ), #6976, .F. ) ;
#4672 = ORIENTED_EDGE ( 'NONE', *, *, #10496, .T. ) ;
#4673 = CARTESIAN_POINT ( 'NONE',  ( 48.08326112068522917, 2.327753354443970006E-15, -3.469446951953614189E-15 ) ) ;
#4674 = ORIENTED_EDGE ( 'NONE', *, *, #4199, .F. ) ;
#4675 = EDGE_CURVE ( 'NONE', #243, #7749, #9101, .T. ) ;
#4676 = DIRECTION ( 'NONE',  ( 1.256065073714878991E-16, 1.000000000000000000, -1.648588188385822228E-16 ) ) ;
#4677 = EDGE_LOOP ( 'NONE', ( #9972, #439, #3601, #5510 ) ) ;
#4678 = CARTESIAN_POINT ( 'NONE',  ( 71.32135573488534419, 119.5190720303063472, -15.56549189417850521 ) ) ;
#4679 = ORIENTED_EDGE ( 'NONE', *, *, #4332, .T. ) ;
#4680 = EDGE_CURVE ( 'NONE', #7879, #3303, #386, .T. ) ;
#4681 = DIRECTION ( 'NONE',  ( 1.000000000000000000, 0.000000000000000000, 0.000000000000000000 ) ) ;
#4682 = ORIENTED_EDGE ( 'NONE', *, *, #5087, .T. ) ;
#4683 = DIRECTION ( 'NONE',  ( 0.000000000000000000, 1.000000000000000000, 0.000000000000000000 ) ) ;
#4684 = DIRECTION ( 'NONE',  ( 0.7071067811865474617, 0.000000000000000000, 0.7071067811865476838 ) ) ;
#4685 = LINE ( 'NONE', #10294, #9571 ) ;
#4686 = VECTOR ( 'NONE', #43, 1000.000000000000000 ) ;
#4687 = ORIENTED_EDGE ( 'NONE', *, *, #10333, .F. ) ;
#4688 = AXIS2_PLACEMENT_3D ( 'NONE', #1503, #670, #6653 ) ;
#4689 = ORIENTED_EDGE ( 'NONE', *, *, #958, .T. ) ;
#4690 = CARTESIAN_POINT ( 'NONE',  ( 13.00721133864147383, 125.0194328563234762, -56.53417331930052114 ) ) ;
#4691 = CARTESIAN_POINT ( 'NONE',  ( -30.12269240033361584, 72.00000000000000000, -30.12269240033340267 ) ) ;
#4692 = CARTESIAN_POINT ( 'NONE',  ( -48.08326112068525759, 6.983260063331909231E-15, -2.081668171172168513E-14 ) ) ;
#4693 = VERTEX_POINT ( 'NONE', #9757 ) ;
#4694 = EDGE_CURVE ( 'NONE', #7999, #4958, #2087, .T. ) ;
#4695 = ORIENTED_EDGE ( 'NONE', *, *, #6172, .T. ) ;
#4696 = DIRECTION ( 'NONE',  ( 3.491481338843133355E-15, 0.000000000000000000, 1.000000000000000000 ) ) ;
#4697 = AXIS2_PLACEMENT_3D ( 'NONE', #5808, #4042, #10821 ) ;
#4698 = CIRCLE ( 'NONE', #1024, 1.850000000000006084 ) ;
#4699 = LINE ( 'NONE', #10271, #9585 ) ;
#4700 = VERTEX_POINT ( 'NONE', #1283 ) ;
#4701 = CARTESIAN_POINT ( 'NONE',  ( -11.19456087369024821, 122.0148544265822466, 56.93723756926684132 ) ) ;
#4702 = VERTEX_POINT ( 'NONE', #8900 ) ;
#4703 = ORIENTED_EDGE ( 'NONE', *, *, #8588, .T. ) ;
#4704 = EDGE_CURVE ( 'NONE', #973, #7619, #5530, .T. ) ;
#4705 = ORIENTED_EDGE ( 'NONE', *, *, #9653, .T. ) ;
#4706 = AXIS2_PLACEMENT_3D ( 'NONE', #6842, #3617, #2770 ) ;
#4707 = ORIENTED_EDGE ( 'NONE', *, *, #3017, .T. ) ;
#4708 = VERTEX_POINT ( 'NONE', #2524 ) ;
#4709 = DIRECTION ( 'NONE',  ( -0.7071067811865479058, 0.000000000000000000, 0.7071067811865472397 ) ) ;
#4710 = CARTESIAN_POINT ( 'NONE',  ( 5.000000000000007105, 53.00000000000000711, 70.82372483850311085 ) ) ;
#4711 = CARTESIAN_POINT ( 'NONE',  ( 54.33618285264117986, 121.2376102152930741, 48.75017162034487939 ) ) ;
#4712 = CIRCLE ( 'NONE', #4297, 6.000000000000000000 ) ;
#4713 = FACE_OUTER_BOUND ( 'NONE', #8955, .T. ) ;
#4714 = ORIENTED_EDGE ( 'NONE', *, *, #1958, .F. ) ;
#4715 = ADVANCED_FACE ( 'NONE', ( #7122 ), #3281, .F. ) ;
#4716 = AXIS2_PLACEMENT_3D ( 'NONE', #2360, #748, #3200 ) ;
#4717 = EDGE_LOOP ( 'NONE', ( #303, #9308, #3995, #4436, #6934, #1248 ) ) ;
#4718 = ORIENTED_EDGE ( 'NONE', *, *, #10289, .F. ) ;
#4719 = EDGE_LOOP ( 'NONE', ( #8049, #1412, #6544, #6154, #7091, #4024 ) ) ;
#4720 = DIRECTION ( 'NONE',  ( -1.000000000000000000, 0.000000000000000000, 0.000000000000000000 ) ) ;
#4721 = VECTOR ( 'NONE', #2180, 1000.000000000000000 ) ;
#4722 = ORIENTED_EDGE ( 'NONE', *, *, #2085, .T. ) ;
#4723 = AXIS2_PLACEMENT_3D ( 'NONE', #1611, #3268, #4105 ) ;
#4724 = CARTESIAN_POINT ( 'NONE',  ( -48.81418852415777110, 122.5440287291549879, -54.40033209553154592 ) ) ;
#4725 = CARTESIAN_POINT ( 'NONE',  ( 31.78372441481447197, 10.00000000000000000, 31.78372441481457145 ) ) ;
#4726 = PRESENTATION_STYLE_ASSIGNMENT (( #10088 ) ) ;
#4727 = DIRECTION ( 'NONE',  ( -1.040834085586084257E-14, 0.000000000000000000, -1.000000000000000000 ) ) ;
#4728 = ORIENTED_EDGE ( 'NONE', *, *, #6021, .T. ) ;
#4729 = VERTEX_POINT ( 'NONE', #3814 ) ;
#4731 =( LENGTH_UNIT ( ) NAMED_UNIT ( * ) SI_UNIT ( .MILLI., .METRE. ) );
#4730 = VECTOR ( 'NONE', #2531, 1000.000000000000000 ) ;
#4732 =( GEOMETRIC_REPRESENTATION_CONTEXT ( 3 ) GLOBAL_UNCERTAINTY_ASSIGNED_CONTEXT ( ( #1649 ) ) GLOBAL_UNIT_ASSIGNED_CONTEXT ( ( #7918, #8766, #4377 ) ) REPRESENTATION_CONTEXT ( 'NONE', 'WORKASPACE' ) );
#4733 = CARTESIAN_POINT ( 'NONE',  ( -3.606188105838151081, 72.00000000000000000, -53.81076957008283301 ) ) ;
#4734 = PLANE ( 'NONE',  #2273 ) ;
#4735 = CARTESIAN_POINT ( 'NONE',  ( 9.999999999999953815, 15.00000000000000178, -72.31182475916369867 ) ) ;
#4736 = FACE_OUTER_BOUND ( 'NONE', #212, .T. ) ;
#4737 = CARTESIAN_POINT ( 'NONE',  ( 43.45098630439256482, 10.00000000000000000, 12.06572120811476978 ) ) ;
#4738 = ORIENTED_EDGE ( 'NONE', *, *, #7927, .F. ) ;
#4739 = EDGE_LOOP ( 'NONE', ( #8770, #7069, #6530, #9388, #471, #7353, #8631, #1256, #6651, #3513, #8929, #2178, #3645, #4947, #6013, #9244, #4432, #8831, #7249, #9884, #6421, #1136, #4855, #6590, #361, #10292, #477, #6051 ) ) ;
#4740 = DIRECTION ( 'NONE',  ( 0.000000000000000000, 0.000000000000000000, 1.000000000000000000 ) ) ;
#4741 = ADVANCED_FACE ( 'NONE', ( #9372, #8961 ), #6108, .T. ) ;
#4742 = FACE_OUTER_BOUND ( 'NONE', #1150, .T. ) ;
#4743 =( NAMED_UNIT ( * ) SI_UNIT ( $, .STERADIAN. ) SOLID_ANGLE_UNIT ( ) );
#4744 = CARTESIAN_POINT ( 'NONE',  ( 15.84718331275524328, 123.9132567441153157, -71.25929632661745927 ) ) ;
#4745 = VERTEX_POINT ( 'NONE', #10132 ) ;
#4746 = FILL_AREA_STYLE_COLOUR ( '', #7706 ) ;
#4747 = FACE_OUTER_BOUND ( 'NONE', #9565, .T. ) ;
#4748 = EDGE_CURVE ( 'NONE', #8825, #1095, #5782, .T. ) ;
#4749 = VERTEX_POINT ( 'NONE', #4956 ) ;
#4750 = EDGE_CURVE ( 'NONE', #5755, #3497, #6588, .T. ) ;
#4751 = AXIS2_PLACEMENT_3D ( 'NONE', #10771, #5698, #6452 ) ;
#4752 = VECTOR ( 'NONE', #10472, 1000.000000000000000 ) ;
#4753 = CARTESIAN_POINT ( 'NONE',  ( 69.79217455676669601, 118.5240787878594233, -21.40293333360157391 ) ) ;
#4754 = ORIENTED_EDGE ( 'NONE', *, *, #9797, .T. ) ;
#4755 = DIRECTION ( 'NONE',  ( 0.000000000000000000, 1.000000000000000000, 0.000000000000000000 ) ) ;
#4756 = DIRECTION ( 'NONE',  ( 0.000000000000000000, -0.000000000000000000, 1.000000000000000000 ) ) ;
#4757 = EDGE_CURVE ( 'NONE', #7974, #6734, #2893, .T. ) ;
#4758 = CARTESIAN_POINT ( 'NONE',  ( -3.005988244198139631E-13, 127.5010000000000048, 42.42640687119286724 ) ) ;
#4759 = STYLED_ITEM ( 'NONE', ( #4238 ), #8312 ) ;
#4760 = EDGE_CURVE ( 'NONE', #7742, #8776, #3153, .T. ) ;
#4761 = PLANE ( 'NONE',  #8334 ) ;
#4762 = CIRCLE ( 'NONE', #6478, 52.99999999999999289 ) ;
#4763 = ADVANCED_FACE ( 'NONE', ( #7896 ), #4111, .T. ) ;
#4764 = CARTESIAN_POINT ( 'NONE',  ( -63.91067609231115654, 107.4989999999999810, -2.231429329291523816E-13 ) ) ;
#4765 = DIRECTION ( 'NONE',  ( 0.000000000000000000, -0.000000000000000000, 1.000000000000000000 ) ) ;
#4766 = PLANE ( 'NONE',  #5763 ) ;
#4767 = CARTESIAN_POINT ( 'NONE',  ( 0.000000000000000000, 107.4999999999999858, 0.000000000000000000 ) ) ;
#4768 = EDGE_CURVE ( 'NONE', #6117, #1757, #4985, .T. ) ;
#4769 = DIRECTION ( 'NONE',  ( 0.000000000000000000, 0.000000000000000000, 1.000000000000000000 ) ) ;
#4770 = DIRECTION ( 'NONE',  ( -1.000000000000000000, 0.000000000000000000, 0.000000000000000000 ) ) ;
#4771 = CIRCLE ( 'NONE', #10597, 73.00000000000001421 ) ;
#4772 = UNCERTAINTY_MEASURE_WITH_UNIT (LENGTH_MEASURE( 1.000000000000000082E-05 ), #7893, 'distance_accuracy_value', 'NONE');
#4773 = CIRCLE ( 'NONE', #2521, 3.949999999999988187 ) ;
#4774 = VECTOR ( 'NONE', #8962, 1000.000000000000000 ) ;
#4775 = CARTESIAN_POINT ( 'NONE',  ( 42.42640687119286014, 109.4999999999999858, 1.850000000000150191 ) ) ;
#4776 = DIRECTION ( 'NONE',  ( 0.7071067811865475727, 0.000000000000000000, -0.7071067811865475727 ) ) ;
#4777 = DIRECTION ( 'NONE',  ( 1.000000000000000000, 0.000000000000000000, 0.000000000000000000 ) ) ;
#4778 = CARTESIAN_POINT ( 'NONE',  ( 0.000000000000000000, 33.00000000000000000, -62.00694410957876102 ) ) ;
#4779 = CARTESIAN_POINT ( 'NONE',  ( 51.80233272285209978, 117.5501692463046055, 51.43524529055798666 ) ) ;
#4780 = ADVANCED_FACE ( 'NONE', ( #745, #8563 ), #800, .T. ) ;
#4781 = VECTOR ( 'NONE', #3578, 1000.000000000000000 ) ;
#4782 = CYLINDRICAL_SURFACE ( 'NONE', #9645, 73.00000000000000000 ) ;
#4783 = CARTESIAN_POINT ( 'NONE',  ( 56.89987501451122398, 122.7769584338357447, -11.37073100009626359 ) ) ;
#4784 = VERTEX_POINT ( 'NONE', #10025 ) ;
#4785 = CARTESIAN_POINT ( 'NONE',  ( 6.123233995736779101E-16, 110.4999999999999858, 58.91067609231115654 ) ) ;
#4786 = CARTESIAN_POINT ( 'NONE',  ( 67.95290519381381955, 72.00000000000000000, -20.57675085431509743 ) ) ;
#4787 =( NAMED_UNIT ( * ) PLANE_ANGLE_UNIT ( ) SI_UNIT ( $, .RADIAN. ) );
#4788 = FACE_OUTER_BOUND ( 'NONE', #5735, .T. ) ;
#4789 = EDGE_CURVE ( 'NONE', #4327, #976, #502, .T. ) ;
#4790 = CARTESIAN_POINT ( 'NONE',  ( 0.000000000000000000, 107.4999999999999858, -63.91067609231115654 ) ) ;
#4791 = UNCERTAINTY_MEASURE_WITH_UNIT (LENGTH_MEASURE( 1.000000000000000082E-05 ), #1188, 'distance_accuracy_value', 'NONE');
#4792 = AXIS2_PLACEMENT_3D ( 'NONE', #381, #1947, #10419 ) ;
#4793 = ORIENTED_EDGE ( 'NONE', *, *, #3719, .F. ) ;
#4794 =( LENGTH_UNIT ( ) NAMED_UNIT ( * ) SI_UNIT ( .MILLI., .METRE. ) );
#4795 = CARTESIAN_POINT ( 'NONE',  ( 27.75835375625364776, 0.000000000000000000, 27.75835375625366908 ) ) ;
#4796 = FACE_OUTER_BOUND ( 'NONE', #7501, .T. ) ;
#4797 = ORIENTED_EDGE ( 'NONE', *, *, #8017, .F. ) ;
#4798 = DIRECTION ( 'NONE',  ( 0.000000000000000000, 1.000000000000000000, 0.000000000000000000 ) ) ;
#4799 = CARTESIAN_POINT ( 'NONE',  ( -15.99804446644153444, 125.3213000415435090, 55.75238696179994236 ) ) ;
#4800 = VERTEX_POINT ( 'NONE', #3564 ) ;
#4801 = PRESENTATION_LAYER_ASSIGNMENT (  '', '', ( #5797 ) ) ;
#4802 = ORIENTED_EDGE ( 'NONE', *, *, #166, .F. ) ;
#4803 = CARTESIAN_POINT ( 'NONE',  ( 62.00694410957880365, 53.00000000000000711, 11.99999999999974065 ) ) ;
#4804 = ORIENTED_EDGE ( 'NONE', *, *, #4557, .T. ) ;
#4805 = CYLINDRICAL_SURFACE ( 'NONE', #3250, 1.849999999999983658 ) ;
#4806 = DIRECTION ( 'NONE',  ( 0.000000000000000000, 1.000000000000000000, 0.000000000000000000 ) ) ;
#4807 = CARTESIAN_POINT ( 'NONE',  ( 15.69263254813890107, 10.00000000000000000, -15.69263254813890107 ) ) ;
#4808 = LINE ( 'NONE', #9278, #7981 ) ;
#4809 = ORIENTED_EDGE ( 'NONE', *, *, #10722, .F. ) ;
#4810 = CARTESIAN_POINT ( 'NONE',  ( 21.90887971373810927, 123.9094777951133892, -69.63491708386794699 ) ) ;
#4811 = CARTESIAN_POINT ( 'NONE',  ( -4.623397510264704025, 53.00000000000000711, 62.00694410957876102 ) ) ;
#4812 = CARTESIAN_POINT ( 'NONE',  ( 52.84077262237818218, 117.9522940498504227, 50.36774042310828747 ) ) ;
#4813 = EDGE_LOOP ( 'NONE', ( #7216, #5052, #8443, #1786 ) ) ;
#4814 = ADVANCED_FACE ( 'NONE', ( #2356 ), #10317, .T. ) ;
#4815 = CARTESIAN_POINT ( 'NONE',  ( 56.91571289245984389, 122.5298245453959538, -11.29617791664669646 ) ) ;
#4816 = VERTEX_POINT ( 'NONE', #10921 ) ;
#4817 = ORIENTED_EDGE ( 'NONE', *, *, #1438, .T. ) ;
#4818 = EDGE_CURVE ( 'NONE', #7749, #4994, #8836, .T. ) ;
#4819 = LINE ( 'NONE', #7281, #6422 ) ;
#4820 = LINE ( 'NONE', #3096, #5616 ) ;
#4821 = EDGE_LOOP ( 'NONE', ( #10684, #4484 ) ) ;
#4822 = AXIS2_PLACEMENT_3D ( 'NONE', #1824, #5947, #5199 ) ;
#4823 = ORIENTED_EDGE ( 'NONE', *, *, #8581, .F. ) ;
#4824 = CARTESIAN_POINT ( 'NONE',  ( 72.31182475916374131, 51.00000000000000711, 9.999999999999699796 ) ) ;
#4825 = EDGE_CURVE ( 'NONE', #9297, #1262, #880, .T. ) ;
#4826 = VERTEX_POINT ( 'NONE', #282 ) ;
#4827 = CARTESIAN_POINT ( 'NONE',  ( -54.89802292897496727, 121.7545221335608829, 18.79935173791393765 ) ) ;
#4828 = ORIENTED_EDGE ( 'NONE', *, *, #1764, .T. ) ;
#4829 = EDGE_LOOP ( 'NONE', ( #6552, #7453, #597, #9912 ) ) ;
#4830 = EDGE_CURVE ( 'NONE', #5411, #468, #1544, .T. ) ;
#4831 = CARTESIAN_POINT ( 'NONE',  ( -5.237222008264708237E-14, 53.00000000000000711, 5.000000000000007994 ) ) ;
#4832 = AXIS2_PLACEMENT_3D ( 'NONE', #9900, #520, #4727 ) ;
#4833 = FACE_OUTER_BOUND ( 'NONE', #3238, .T. ) ;
#4834 = EDGE_LOOP ( 'NONE', ( #5246, #3774 ) ) ;
#4835 = ORIENTED_EDGE ( 'NONE', *, *, #7660, .F. ) ;
#4836 =( NAMED_UNIT ( * ) PLANE_ANGLE_UNIT ( ) SI_UNIT ( $, .RADIAN. ) );
#4837 = CARTESIAN_POINT ( 'NONE',  ( 43.45098630439257903, 10.00000000000000000, 20.11646252523650702 ) ) ;
#4838 = SURFACE_STYLE_USAGE ( .BOTH. , #9907 ) ;
#4839 = EDGE_CURVE ( 'NONE', #5255, #4420, #5913, .T. ) ;
#4840 = VECTOR ( 'NONE', #1814, 1000.000000000000000 ) ;
#4841 = ORIENTED_EDGE ( 'NONE', *, *, #8866, .T. ) ;
#4842 = EDGE_LOOP ( 'NONE', ( #10896, #7909, #1238, #4988 ) ) ;
#4843 = AXIS2_PLACEMENT_3D ( 'NONE', #6618, #7462, #6686 ) ;
#4844 = EDGE_LOOP ( 'NONE', ( #6309, #10927 ) ) ;
#4845 = ORIENTED_EDGE ( 'NONE', *, *, #9683, .F. ) ;
#4846 = VERTEX_POINT ( 'NONE', #9543 ) ;
#4847 = CARTESIAN_POINT ( 'NONE',  ( 24.04163056034259682, 66.00000000000000000, 24.04163056034260748 ) ) ;
#4848 = EDGE_CURVE ( 'NONE', #839, #8125, #10138, .T. ) ;
#4849 = VECTOR ( 'NONE', #6862, 1000.000000000000000 ) ;
#4850 = CARTESIAN_POINT ( 'NONE',  ( 69.38694944914296059, 121.4985874826541874, -22.68151772130955024 ) ) ;
#4851 = PLANE ( 'NONE',  #606 ) ;
#4852 = DIRECTION ( 'NONE',  ( 0.7071067811865475727, 0.000000000000000000, -0.7071067811865474617 ) ) ;
#4853 = ORIENTED_EDGE ( 'NONE', *, *, #8949, .F. ) ;
#4854 = CARTESIAN_POINT ( 'NONE',  ( 42.69069489301670473, 124.6363221519258246, 39.27770531400393850 ) ) ;
#4855 = ORIENTED_EDGE ( 'NONE', *, *, #2053, .F. ) ;
#4856 =( LENGTH_UNIT ( ) NAMED_UNIT ( * ) SI_UNIT ( .MILLI., .METRE. ) );
#4857 = VECTOR ( 'NONE', #6345, 1000.000000000000000 ) ;
#4858 = VERTEX_POINT ( 'NONE', #2785 ) ;
#4859 = CARTESIAN_POINT ( 'NONE',  ( 56.94273243253056904, 121.7599145249860584, -11.16841825749795269 ) ) ;
#4860 = PRESENTATION_STYLE_ASSIGNMENT (( #5024 ) ) ;
#4861 = VERTEX_POINT ( 'NONE', #10475 ) ;
#4862 = ORIENTED_EDGE ( 'NONE', *, *, #9358, .F. ) ;
#4863 = CARTESIAN_POINT ( 'NONE',  ( -58.20458146424446966, 33.00000000000000000, -7.999999999999391598 ) ) ;
#4864 = DIRECTION ( 'NONE',  ( 0.000000000000000000, -1.000000000000000000, 0.000000000000000000 ) ) ;
#4865 = DIRECTION ( 'NONE',  ( 0.7071067811865476838, 0.000000000000000000, 0.7071067811865474617 ) ) ;
#4866 = VECTOR ( 'NONE', #4013, 1000.000000000000000 ) ;
#4867 = CARTESIAN_POINT ( 'NONE',  ( -55.36083805109183942, 124.6363221525738538, 17.33237362457271402 ) ) ;
#4868 = VECTOR ( 'NONE', #5827, 1000.000000000000000 ) ;
#4869 = CARTESIAN_POINT ( 'NONE',  ( -38.14350014734867500, 120.4559712708450121, -43.72964371872239298 ) ) ;
#4870 = VERTEX_POINT ( 'NONE', #6255 ) ;
#4871 = LINE ( 'NONE', #2971, #3430 ) ;
#4872 = EDGE_LOOP ( 'NONE', ( #9744, #870, #4030, #10089 ) ) ;
#4873 = ADVANCED_FACE ( 'NONE', ( #10952, #10002 ), #5414, .T. ) ;
#4874 = SURFACE_SIDE_STYLE ('',( #1789 ) ) ;
#4875 = AXIS2_PLACEMENT_3D ( 'NONE', #4299, #2637, #2605 ) ;
#4876 = DIRECTION ( 'NONE',  ( -0.000000000000000000, -1.000000000000000000, -0.000000000000000000 ) ) ;
#4877 = CARTESIAN_POINT ( 'NONE',  ( -42.42640687119286014, -6.000000000000000000, -1.850000000000446398 ) ) ;
#4878 = LINE ( 'NONE', #4590, #5143 ) ;
#4879 = CARTESIAN_POINT ( 'NONE',  ( 0.000000000000000000, 107.4999999999999858, 0.000000000000000000 ) ) ;
#4880 = FACE_OUTER_BOUND ( 'NONE', #1245, .T. ) ;
#4881 = CARTESIAN_POINT ( 'NONE',  ( 8.000000000000000000, 33.00000000000000000, 57.00694410957876812 ) ) ;
#4882 = ORIENTED_EDGE ( 'NONE', *, *, #2007, .F. ) ;
#4883 = UNCERTAINTY_MEASURE_WITH_UNIT (LENGTH_MEASURE( 1.000000000000000082E-05 ), #6643, 'distance_accuracy_value', 'NONE');
#4884 = CARTESIAN_POINT ( 'NONE',  ( 62.00694410957880365, 53.00000000000000711, 11.99999999999974065 ) ) ;
#4885 = DIRECTION ( 'NONE',  ( 0.000000000000000000, 0.000000000000000000, -1.000000000000000000 ) ) ;
#4886 = DIRECTION ( 'NONE',  ( 0.000000000000000000, 0.000000000000000000, 1.000000000000000000 ) ) ;
#4887 = CARTESIAN_POINT ( 'NONE',  ( 66.18446766623711142, 72.00000000000000000, -15.02265631979615712 ) ) ;
#4888 = EDGE_CURVE ( 'NONE', #9714, #1221, #4064, .T. ) ;
#4889 = PRESENTATION_STYLE_ASSIGNMENT (( #5520 ) ) ;
#4890 = CARTESIAN_POINT ( 'NONE',  ( 55.05283173921079509, 123.4861478530536800, -18.32105931435259905 ) ) ;
#4891 = EDGE_CURVE ( 'NONE', #76, #4420, #10409, .T. ) ;
#4892 = AXIS2_PLACEMENT_3D ( 'NONE', #2448, #7544, #4086 ) ;
#4893 = CARTESIAN_POINT ( 'NONE',  ( -63.91067609231115654, 110.4999999999999858, 4.999999999999785061 ) ) ;
#4894 = CARTESIAN_POINT ( 'NONE',  ( -54.89794731294504970, 122.5297787185175054, 18.79958306130733803 ) ) ;
#4895 = EDGE_CURVE ( 'NONE', #3918, #8914, #6841, .T. ) ;
#4896 = CARTESIAN_POINT ( 'NONE',  ( -71.34770865543646323, 123.2468771370596698, 15.44390432985052719 ) ) ;
#4897 = MECHANICAL_DESIGN_GEOMETRIC_PRESENTATION_REPRESENTATION (  '', ( #4123 ), #7730 ) ;
#4898 = EDGE_CURVE ( 'NONE', #10218, #10625, #7753, .T. ) ;
#4899 = LINE ( 'NONE', #10584, #5166 ) ;
#4900 = DIRECTION ( 'NONE',  ( 0.7071067811865499042, -0.000000000000000000, 0.7071067811865452413 ) ) ;
#4901 = CARTESIAN_POINT ( 'NONE',  ( 0.000000000000000000, 127.5000000000000000, -73.00000000000000000 ) ) ;
#4902 = CARTESIAN_POINT ( 'NONE',  ( 43.46917597822829293, 10.00000000000000000, 14.22290219283993373 ) ) ;
#4903 = EDGE_CURVE ( 'NONE', #2816, #2751, #5391, .T. ) ;
#4904 = AXIS2_PLACEMENT_3D ( 'NONE', #1167, #6208, #1982 ) ;
#4905 = CARTESIAN_POINT ( 'NONE',  ( -5.000000000000007994, 107.4999999999999858, 63.91067609231115654 ) ) ;
#4906 = CARTESIAN_POINT ( 'NONE',  ( -48.90227858325851429, 120.2286596928326787, -54.19941897429946920 ) ) ;
#4907 = DIRECTION ( 'NONE',  ( 0.000000000000000000, 0.000000000000000000, -1.000000000000000000 ) ) ;
#4908 = VECTOR ( 'NONE', #9826, 1000.000000000000000 ) ;
#4909 = FACE_OUTER_BOUND ( 'NONE', #7745, .T. ) ;
#4910 = AXIS2_PLACEMENT_3D ( 'NONE', #8404, #10971, #3347 ) ;
#4911 =( NAMED_UNIT ( * ) SI_UNIT ( $, .STERADIAN. ) SOLID_ANGLE_UNIT ( ) );
#4912 = CARTESIAN_POINT ( 'NONE',  ( -66.18446766623711142, 0.000000000000000000, 16.87265631979616032 ) ) ;
#4913 = DIRECTION ( 'NONE',  ( 0.000000000000000000, 0.000000000000000000, 1.000000000000000000 ) ) ;
#4914 = CARTESIAN_POINT ( 'NONE',  ( -19.16253729194216504, 72.00000000000000000, -41.08284750872494584 ) ) ;
#4915 = CARTESIAN_POINT ( 'NONE',  ( -10.96015510839149343, 0.000000000000000000, -10.96015510839149343 ) ) ;
#4916 = EDGE_LOOP ( 'NONE', ( #4703, #10543 ) ) ;
#4917 = ADVANCED_FACE ( 'NONE', ( #8684, #4592 ), #4518, .T. ) ;
#4918 = VECTOR ( 'NONE', #8394, 1000.000000000000000 ) ;
#4919 = VECTOR ( 'NONE', #250, 1000.000000000000114 ) ;
#4920 = ORIENTED_EDGE ( 'NONE', *, *, #8074, .T. ) ;
#4921 = ORIENTED_EDGE ( 'NONE', *, *, #315, .F. ) ;
#4922 = DIRECTION ( 'NONE',  ( 0.7071067811865476838, -2.053900018627032069E-16, -0.7071067811865474617 ) ) ;
#4923 = PLANE ( 'NONE',  #6626 ) ;
#4924 = VERTEX_POINT ( 'NONE', #10442 ) ;
#4925 = CARTESIAN_POINT ( 'NONE',  ( -69.47437871153366018, 122.5297787185175054, 22.70532608308663214 ) ) ;
#4926 = DIRECTION ( 'NONE',  ( -1.000000000000000000, 0.000000000000000000, 3.491481338843133355E-15 ) ) ;
#4927 = VERTEX_POINT ( 'NONE', #1144 ) ;
#4928 = EDGE_CURVE ( 'NONE', #4934, #3114, #10816, .T. ) ;
#4929 = FACE_OUTER_BOUND ( 'NONE', #7334, .T. ) ;
#4930 = EDGE_LOOP ( 'NONE', ( #5065, #6201 ) ) ;
#4931 = CARTESIAN_POINT ( 'NONE',  ( -71.14408545841509124, 124.4726904690371470, 16.35702088961811640 ) ) ;
#4932 = ORIENTED_EDGE ( 'NONE', *, *, #5485, .T. ) ;
#4933 = CARTESIAN_POINT ( 'NONE',  ( -28.70847883796050937, 72.00000000000000000, -28.70847883796031397 ) ) ;
#4934 = VERTEX_POINT ( 'NONE', #7913 ) ;
#4935 = PLANE ( 'NONE',  #7121 ) ;
#4936 = CARTESIAN_POINT ( 'NONE',  ( 17.86859519727965662, 118.8878885939901693, -55.19563082390922659 ) ) ;
#4937 = ORIENTED_EDGE ( 'NONE', *, *, #4903, .T. ) ;
#4938 = CARTESIAN_POINT ( 'NONE',  ( 69.85207047975242745, 124.6424999773143867, -21.20694460717565022 ) ) ;
#4939 = CYLINDRICAL_SURFACE ( 'NONE', #3593, 8.000000000000000000 ) ;
#4940 = VERTEX_POINT ( 'NONE', #1999 ) ;
#4941 = DIRECTION ( 'NONE',  ( 0.7071067811865476838, 6.846333395423442283E-17, -0.7071067811865474617 ) ) ;
#4942 = EDGE_CURVE ( 'NONE', #5639, #2870, #6318, .T. ) ;
#4943 = DIRECTION ( 'NONE',  ( 0.7071067811865474617, -0.000000000000000000, 0.7071067811865476838 ) ) ;
#4944 = ORIENTED_EDGE ( 'NONE', *, *, #9486, .T. ) ;
#4945 = EDGE_CURVE ( 'NONE', #5747, #1014, #8423, .T. ) ;
#4946 = ORIENTED_EDGE ( 'NONE', *, *, #7381, .T. ) ;
#4947 = ORIENTED_EDGE ( 'NONE', *, *, #654, .F. ) ;
#4948 = DIRECTION ( 'NONE',  ( 1.000000000000000000, 0.000000000000000000, -3.491481338843133355E-15 ) ) ;
#4949 = DIRECTION ( 'NONE',  ( -0.7071067811865452413, 0.000000000000000000, 0.7071067811865499042 ) ) ;
#4950 = DIRECTION ( 'NONE',  ( -1.000000000000000000, 0.000000000000000000, 1.047444401652939849E-14 ) ) ;
#4951 = DIRECTION ( 'NONE',  ( 0.000000000000000000, 1.000000000000000000, 0.000000000000000000 ) ) ;
#4952 = DIRECTION ( 'NONE',  ( 0.000000000000000000, 0.000000000000000000, 1.000000000000000000 ) ) ;
#4953 = CARTESIAN_POINT ( 'NONE',  ( -72.31182475916358499, 51.00000000000000711, 10.00000000000080291 ) ) ;
#4954 = VECTOR ( 'NONE', #617, 1000.000000000000000 ) ;
#4955 = ORIENTED_EDGE ( 'NONE', *, *, #5121, .F. ) ;
#4956 = CARTESIAN_POINT ( 'NONE',  ( 11.99999999999995737, 72.00000000000000000, -69.97856814768363165 ) ) ;
#4957 = VERTEX_POINT ( 'NONE', #8310 ) ;
#4958 = VERTEX_POINT ( 'NONE', #3721 ) ;
#4959 = ORIENTED_EDGE ( 'NONE', *, *, #7304, .F. ) ;
#4960 = EDGE_CURVE ( 'NONE', #3912, #7571, #6577, .T. ) ;
#4961 = ORIENTED_EDGE ( 'NONE', *, *, #2638, .T. ) ;
#4962 = AXIS2_PLACEMENT_3D ( 'NONE', #1050, #6909, #10390 ) ;
#4963 = VECTOR ( 'NONE', #3065, 1000.000000000000000 ) ;
#4964 = CARTESIAN_POINT ( 'NONE',  ( 6.802362645333919211, 37.21044682205650389, -57.00694410957876812 ) ) ;
#4965 = CARTESIAN_POINT ( 'NONE',  ( 5.000000000000007105, 107.4999999999999858, 70.82372483850311085 ) ) ;
#4966 = VECTOR ( 'NONE', #4210, 999.9999999999998863 ) ;
#4967 = ORIENTED_EDGE ( 'NONE', *, *, #8783, .F. ) ;
#4968 = EDGE_CURVE ( 'NONE', #992, #9956, #8028, .T. ) ;
#4969 = CARTESIAN_POINT ( 'NONE',  ( 28.70847883796041700, 0.000000000000000000, -28.70847883796040989 ) ) ;
#4970 = CARTESIAN_POINT ( 'NONE',  ( -42.39692988082428826, 124.9216499071902717, -39.58972834862995427 ) ) ;
#4971 = VERTEX_POINT ( 'NONE', #9996 ) ;
#4972 = VERTEX_POINT ( 'NONE', #1524 ) ;
#4973 = CIRCLE ( 'NONE', #3225, 5.000000000000007994 ) ;
#4974 = ORIENTED_EDGE ( 'NONE', *, *, #10147, .T. ) ;
#4975 =( BOUNDED_CURVE ( )  B_SPLINE_CURVE ( 3, ( #7448, #10744, #6524, #4863 ),
 .UNSPECIFIED., .F., .F. ) 
 B_SPLINE_CURVE_WITH_KNOTS ( ( 4, 4 ),
 ( 5.728935158964135077, 6.283185307179586232 ),
 .UNSPECIFIED. ) 
 CURVE ( )  GEOMETRIC_REPRESENTATION_ITEM ( )  RATIONAL_B_SPLINE_CURVE ( ( 1.000000000000000000, 0.9745639783809455503, 0.9745639783809455503, 1.000000000000000000 ) ) 
 REPRESENTATION_ITEM ( '' )  );
#4976 = ADVANCED_FACE ( 'NONE', ( #4192 ), #6633, .F. ) ;
#4977 = CARTESIAN_POINT ( 'NONE',  ( -56.94273243253070405, 120.4559712708450263, 11.16841825749757255 ) ) ;
#4979 = LINE ( 'NONE', #5096, #5640 ) ;
#4978 = DIRECTION ( 'NONE',  ( -0.7071067811865474617, 0.000000000000000000, -0.7071067811865474617 ) ) ;
#4980 = ORIENTED_EDGE ( 'NONE', *, *, #6384, .T. ) ;
#4981 = CARTESIAN_POINT ( 'NONE',  ( 0.000000000000000000, 92.49999999999998579, -63.91067609231115654 ) ) ;
#4982 = CARTESIAN_POINT ( 'NONE',  ( 17.52204765827652011, 118.5254474718481958, -55.30285576048214580 ) ) ;
#4983 = CARTESIAN_POINT ( 'NONE',  ( -63.91067609231115654, 53.00000000000000711, -2.231429329291523816E-13 ) ) ;
#4984 = AXIS2_PLACEMENT_3D ( 'NONE', #9233, #4233, #10151 ) ;
#4985 = LINE ( 'NONE', #9256, #10831 ) ;
#4986 = DIRECTION ( 'NONE',  ( 0.000000000000000000, 0.000000000000000000, 1.000000000000000000 ) ) ;
#4987 = ORIENTED_EDGE ( 'NONE', *, *, #8096, .T. ) ;
#4988 = ORIENTED_EDGE ( 'NONE', *, *, #9230, .T. ) ;
#4989 = DIRECTION ( 'NONE',  ( 0.000000000000000000, 0.000000000000000000, 1.000000000000000000 ) ) ;
#4990 = CARTESIAN_POINT ( 'NONE',  ( 0.000000000000000000, 12.99999999999999822, 0.000000000000000000 ) ) ;
#4991 = DIRECTION ( 'NONE',  ( 0.7071067811865479058, 0.000000000000000000, -0.7071067811865471286 ) ) ;
#4992 = CARTESIAN_POINT ( 'NONE',  ( 0.000000000000000000, 92.49999999999998579, 63.91067609231115654 ) ) ;
#4993 = VECTOR ( 'NONE', #228, 1000.000000000000114 ) ;
#4994 = VERTEX_POINT ( 'NONE', #5785 ) ;
#4995 = ORIENTED_EDGE ( 'NONE', *, *, #9277, .T. ) ;
#4996 = DIRECTION ( 'NONE',  ( 0.000000000000000000, 1.000000000000000000, 0.000000000000000000 ) ) ;
#4997 = CYLINDRICAL_SURFACE ( 'NONE', #2227, 3.949999999999989075 ) ;
#4998 = B_SPLINE_SURFACE_WITH_KNOTS ( 'NONE', 3, 1, ( 
 ( #2803, #8708 ),
 ( #5398, #4504 ),
 ( #7094, #10423 ),
 ( #10491, #5351 ),
 ( #2017, #1981 ),
 ( #7894, #8745 ),
 ( #3694, #7934 ),
 ( #2132, #9810 ),
 ( #4724, #3872 ),
 ( #10644, #5566 ) ),
 .UNSPECIFIED., .F., .F., .F.,
 ( 4, 2, 2, 2, 4 ),
 ( 2, 2 ),
 ( 0.4999999999999982236, 0.6249999999999977796, 0.7499999999999985567, 0.8749999999999993339, 1.000000000136231693 ),
 ( 0.000000000000000000, 1.000000000000000000 ),
 .UNSPECIFIED. ) ;
#4999 = ORIENTED_EDGE ( 'NONE', *, *, #10528, .T. ) ;
#5000 = CYLINDRICAL_SURFACE ( 'NONE', #1652, 1.849999999999997646 ) ;
#5001 = CARTESIAN_POINT ( 'NONE',  ( 54.33637006240828526, 122.0203950542955340, 48.74996295871354590 ) ) ;
#5002 = CARTESIAN_POINT ( 'NONE',  ( -1.387778780781445676E-14, 82.50000000000001421, 48.08326112068521496 ) ) ;
#5003 = AXIS2_PLACEMENT_3D ( 'NONE', #541, #5641, #9036 ) ;
#5004 = CARTESIAN_POINT ( 'NONE',  ( 42.42640687119286014, -6.000000000000000000, 1.850000000000150191 ) ) ;
#5005 = CARTESIAN_POINT ( 'NONE',  ( -42.23971868645049454, 125.0436656153449917, -39.75532322175570954 ) ) ;
#5006 = DIRECTION ( 'NONE',  ( -1.040834085586084257E-14, 0.000000000000000000, -1.000000000000000000 ) ) ;
#5007 = LINE ( 'NONE', #8717, #9255 ) ;
#5008 = FILL_AREA_STYLE_COLOUR ( '', #9768 ) ;
#5009 = CARTESIAN_POINT ( 'NONE',  ( 16.99862170309264897, 117.9780511645801511, -55.46480847556033211 ) ) ;
#5010 = DIRECTION ( 'NONE',  ( 0.000000000000000000, 0.000000000000000000, 1.000000000000000000 ) ) ;
#5011 = MECHANICAL_DESIGN_GEOMETRIC_PRESENTATION_REPRESENTATION (  '', ( #5386 ), #7081 ) ;
#5012 = CARTESIAN_POINT ( 'NONE',  ( 11.99999999999995737, 0.000000000000000000, 0.000000000000000000 ) ) ;
#5013 = DIRECTION ( 'NONE',  ( 0.7071067811865474617, 0.000000000000000000, 0.7071067811865476838 ) ) ;
#5014 = DIRECTION ( 'NONE',  ( -0.7071067811865476838, 0.000000000000000000, 0.7071067811865474617 ) ) ;
#5015 = CARTESIAN_POINT ( 'NONE',  ( 38.14350014734864658, 121.2405117339906155, 43.72964371872238587 ) ) ;
#5016 = FACE_OUTER_BOUND ( 'NONE', #2579, .T. ) ;
#5017 = CARTESIAN_POINT ( 'NONE',  ( 63.91067609231115654, 107.4999999999999858, 3.950000000000658762 ) ) ;
#5018 = CARTESIAN_POINT ( 'NONE',  ( -10.00000000000004441, 51.00000000000000711, -64.00694410957875391 ) ) ;
#5019 = CARTESIAN_POINT ( 'NONE',  ( 8.939921633775676859E-15, 115.4999999999999858, 73.00000000000000000 ) ) ;
#5020 = CARTESIAN_POINT ( 'NONE',  ( 57.93661858324087888, 10.00000000000000000, 36.72341514764446657 ) ) ;
#5021 = DIRECTION ( 'NONE',  ( -0.000000000000000000, -1.000000000000000000, -0.000000000000000000 ) ) ;
#5022 = EDGE_CURVE ( 'NONE', #7194, #10514, #106, .T. ) ;
#5023 = DIRECTION ( 'NONE',  ( -0.7071067811865474617, 0.000000000000000000, 0.7071067811865474617 ) ) ;
#5024 = SURFACE_STYLE_USAGE ( .BOTH. , #1618 ) ;
#5025 = ADVANCED_FACE ( 'NONE', ( #6449, #868 ), #10785, .T. ) ;
#5026 = VECTOR ( 'NONE', #1845, 1000.000000000000000 ) ;
#5027 = CARTESIAN_POINT ( 'NONE',  ( 0.000000000000000000, 92.49999999999998579, 63.91067609231115654 ) ) ;
#5028 = EDGE_CURVE ( 'NONE', #3797, #1253, #10556, .T. ) ;
#5029 = CIRCLE ( 'NONE', #7209, 8.000000000000000000 ) ;
#5030 = COLOUR_RGB ( '',1.000000000000000000, 1.000000000000000000, 1.000000000000000000 ) ;
#5031 =( GEOMETRIC_REPRESENTATION_CONTEXT ( 3 ) GLOBAL_UNCERTAINTY_ASSIGNED_CONTEXT ( ( #10788 ) ) GLOBAL_UNIT_ASSIGNED_CONTEXT ( ( #274, #6173, #5286 ) ) REPRESENTATION_CONTEXT ( 'NONE', 'WORKASPACE' ) );
#5032 = CARTESIAN_POINT ( 'NONE',  ( 0.000000000000000000, 127.5000000000000000, 0.000000000000000000 ) ) ;
#5033 = PLANE ( 'NONE',  #4910 ) ;
#5034 = CARTESIAN_POINT ( 'NONE',  ( -22.65610663443537121, 120.9805368309901610, 69.39526973338725213 ) ) ;
#5035 = CARTESIAN_POINT ( 'NONE',  ( -40.83167792437426158, 125.4502610479491267, -41.19272842586696726 ) ) ;
#5036 = CIRCLE ( 'NONE', #4248, 73.00000000000000000 ) ;
#5037 = VECTOR ( 'NONE', #2426, 1000.000000000000227 ) ;
#5038 = EDGE_CURVE ( 'NONE', #10928, #5197, #8157, .T. ) ;
#5039 =( GEOMETRIC_REPRESENTATION_CONTEXT ( 3 ) GLOBAL_UNCERTAINTY_ASSIGNED_CONTEXT ( ( #5132 ) ) GLOBAL_UNIT_ASSIGNED_CONTEXT ( ( #5925, #9325, #1664 ) ) REPRESENTATION_CONTEXT ( 'NONE', 'WORKASPACE' ) );
#5040 = CARTESIAN_POINT ( 'NONE',  ( 4.837354856632032238E-16, 110.4999999999999858, 59.96067609231116791 ) ) ;
#5041 = VERTEX_POINT ( 'NONE', #4893 ) ;
#5042 = CARTESIAN_POINT ( 'NONE',  ( 15.07454663151828278, 120.4673962467907842, -71.51917625604308171 ) ) ;
#5043 = DIRECTION ( 'NONE',  ( 0.000000000000000000, 0.000000000000000000, 1.000000000000000000 ) ) ;
#5044 = DIRECTION ( 'NONE',  ( 0.000000000000000000, 0.000000000000000000, 1.000000000000000000 ) ) ;
#5045 = PLANE ( 'NONE',  #10345 ) ;
#5046 = EDGE_CURVE ( 'NONE', #10105, #9031, #7626, .T. ) ;
#5047 = LINE ( 'NONE', #7722, #10198 ) ;
#5048 = VECTOR ( 'NONE', #1096, 1000.000000000000000 ) ;
#5049 = CARTESIAN_POINT ( 'NONE',  ( -52.84077262237818218, 117.9522940498504227, -50.36774042310828747 ) ) ;
#5050 = DIRECTION ( 'NONE',  ( -0.000000000000000000, -1.000000000000000000, -0.000000000000000000 ) ) ;
#5051 = ORIENTED_EDGE ( 'NONE', *, *, #6946, .F. ) ;
#5052 = ORIENTED_EDGE ( 'NONE', *, *, #10010, .T. ) ;
#5053 = LINE ( 'NONE', #7439, #3216 ) ;
#5054 = CARTESIAN_POINT ( 'NONE',  ( -69.54841334429673338, 119.5214782096002750, 22.18194300453392387 ) ) ;
#5055 = CARTESIAN_POINT ( 'NONE',  ( 0.000000000000000000, 12.99999999999999822, 0.000000000000000000 ) ) ;
#5056 = VECTOR ( 'NONE', #6362, 1000.000000000000000 ) ;
#5057 = ORIENTED_EDGE ( 'NONE', *, *, #8299, .F. ) ;
#5058 = CARTESIAN_POINT ( 'NONE',  ( -66.18446766623713984, 72.00000000000000000, -15.02265631979592619 ) ) ;
#5059 = CARTESIAN_POINT ( 'NONE',  ( -3.003722647619716867E-13, -6.000000000000000000, 40.57640687119287293 ) ) ;
#5060 = CARTESIAN_POINT ( 'NONE',  ( 57.00694410957876812, 33.00000000000000000, -1.990386815430677324E-13 ) ) ;
#5061 = EDGE_LOOP ( 'NONE', ( #323, #8453, #3802, #10548 ) ) ;
#5062 = ORIENTED_EDGE ( 'NONE', *, *, #1715, .T. ) ;
#5063 = ORIENTED_EDGE ( 'NONE', *, *, #7164, .F. ) ;
#5064 = SURFACE_STYLE_FILL_AREA ( #5168 ) ;
#5065 = ORIENTED_EDGE ( 'NONE', *, *, #3482, .T. ) ;
#5066 = CARTESIAN_POINT ( 'NONE',  ( 50.36482080848099940, 125.0456951155891119, 52.84356028848141307 ) ) ;
#5067 = CARTESIAN_POINT ( 'NONE',  ( -62.00694410957884628, 33.00000000000000000, -7.999999999999351630 ) ) ;
#5068 = DIRECTION ( 'NONE',  ( 0.000000000000000000, 1.000000000000000000, 0.000000000000000000 ) ) ;
#5069 = EDGE_LOOP ( 'NONE', ( #5634, #4550, #8838 ) ) ;
#5070 = CARTESIAN_POINT ( 'NONE',  ( -66.18446766623713984, 72.00000000000000000, -15.02265631979592619 ) ) ;
#5071 = AXIS2_PLACEMENT_3D ( 'NONE', #6207, #5463, #1165 ) ;
#5072 = ORIENTED_EDGE ( 'NONE', *, *, #5328, .T. ) ;
#5073 = SURFACE_STYLE_USAGE ( .BOTH. , #5938 ) ;
#5074 = VECTOR ( 'NONE', #6163, 999.9999999999998863 ) ;
#5075 = FACE_BOUND ( 'NONE', #10256, .T. ) ;
#5076 = ORIENTED_EDGE ( 'NONE', *, *, #10001, .T. ) ;
#5077 = CARTESIAN_POINT ( 'NONE',  ( 63.91067609231115654, 92.49999999999998579, 6.694287987874572456E-13 ) ) ;
#5078 = EDGE_LOOP ( 'NONE', ( #2843, #4295, #8015, #6783 ) ) ;
#5079 = ADVANCED_FACE ( 'NONE', ( #8285 ), #5769, .T. ) ;
#5080 =( NAMED_UNIT ( * ) SI_UNIT ( $, .STERADIAN. ) SOLID_ANGLE_UNIT ( ) );
#5081 = DIRECTION ( 'NONE',  ( 1.000000000000000000, 0.000000000000000000, 0.000000000000000000 ) ) ;
#5082 = VERTEX_POINT ( 'NONE', #9925 ) ;
#5083 = EDGE_LOOP ( 'NONE', ( #513, #3868, #4667, #5617, #2291 ) ) ;
#5084 = EDGE_LOOP ( 'NONE', ( #10096, #2538 ) ) ;
#5085 = CARTESIAN_POINT ( 'NONE',  ( -24.04163056034263235, 64.50000000000000000, -24.04163056034264301 ) ) ;
#5086 = EDGE_CURVE ( 'NONE', #5747, #5474, #4975, .T. ) ;
#5087 = EDGE_CURVE ( 'NONE', #10105, #7873, #1846, .T. ) ;
#5088 = FACE_OUTER_BOUND ( 'NONE', #6126, .T. ) ;
#5089 = EDGE_LOOP ( 'NONE', ( #2694, #3254 ) ) ;
#5090 = CARTESIAN_POINT ( 'NONE',  ( 62.20458146424517309, 72.00000000000000000, -12.00000000000027001 ) ) ;
#5091 = EDGE_LOOP ( 'NONE', ( #6537, #9729, #10014, #5885 ) ) ;
#5092 = EDGE_CURVE ( 'NONE', #7767, #6117, #3934, .T. ) ;
#5093 = VECTOR ( 'NONE', #806, 1000.000000000000000 ) ;
#5094 = PLANE ( 'NONE',  #8478 ) ;
#5095 = FILL_AREA_STYLE_COLOUR ( '', #9315 ) ;
#5096 = CARTESIAN_POINT ( 'NONE',  ( 27.75835375625364776, 10.00000000000000000, 27.75835375625366908 ) ) ;
#5097 = APPLICATION_PROTOCOL_DEFINITION ( 'draft international standard', 'automotive_design', 1998, #3479 ) ;
#5098 = CARTESIAN_POINT ( 'NONE',  ( 42.42640687119286014, 127.5010000000000048, -1.849999999999845324 ) ) ;
#5099 = VERTEX_POINT ( 'NONE', #10097 ) ;
#5100 = DIRECTION ( 'NONE',  ( -0.000000000000000000, 1.000000000000000000, -0.000000000000000000 ) ) ;
#5101 = ORIENTED_EDGE ( 'NONE', *, *, #6100, .F. ) ;
#5102 = VERTEX_POINT ( 'NONE', #8304 ) ;
#5103 = ORIENTED_EDGE ( 'NONE', *, *, #9452, .T. ) ;
#5104 =( GEOMETRIC_REPRESENTATION_CONTEXT ( 3 ) GLOBAL_UNCERTAINTY_ASSIGNED_CONTEXT ( ( #9961 ) ) GLOBAL_UNIT_ASSIGNED_CONTEXT ( ( #10387, #9615, #4398 ) ) REPRESENTATION_CONTEXT ( 'NONE', 'WORKASPACE' ) );
#5105 = LINE ( 'NONE', #9461, #6436 ) ;
#5106 = ORIENTED_EDGE ( 'NONE', *, *, #4675, .F. ) ;
#5107 = CARTESIAN_POINT ( 'NONE',  ( -22.68151796172032419, 121.7575824981555854, 69.38694937055640821 ) ) ;
#5108 = EDGE_CURVE ( 'NONE', #2816, #9734, #1272, .T. ) ;
#5109 = VECTOR ( 'NONE', #2641, 1000.000000000000000 ) ;
#5110 = EDGE_LOOP ( 'NONE', ( #2415, #7558, #4754, #9589 ) ) ;
#5111 = VERTEX_POINT ( 'NONE', #9292 ) ;
#5112 = AXIS2_PLACEMENT_3D ( 'NONE', #4261, #10173, #10892 ) ;
#5113 = CARTESIAN_POINT ( 'NONE',  ( 51.43212564440008094, 125.4497338060821221, 51.80544551871303582 ) ) ;
#5114 =( LENGTH_UNIT ( ) NAMED_UNIT ( * ) SI_UNIT ( .MILLI., .METRE. ) );
#5115 = EDGE_CURVE ( 'NONE', #5608, #5643, #2025, .T. ) ;
#5116 = SURFACE_STYLE_USAGE ( .BOTH. , #4260 ) ;
#5117 = CARTESIAN_POINT ( 'NONE',  ( -21.20893559935082351, 118.3596283656350039, 69.85146443247734283 ) ) ;
#5118 = CARTESIAN_POINT ( 'NONE',  ( -38.14350014734867500, 121.5000000000000000, -43.72964371872238587 ) ) ;
#5119 = LINE ( 'NONE', #3569, #5919 ) ;
#5120 = ORIENTED_EDGE ( 'NONE', *, *, #1110, .F. ) ;
#5121 = EDGE_CURVE ( 'NONE', #10342, #8776, #3139, .T. ) ;
#5122 = CARTESIAN_POINT ( 'NONE',  ( -54.12094578934721056, 119.4426215047596287, -49.12949692183496353 ) ) ;
#5123 = AXIS2_PLACEMENT_3D ( 'NONE', #2354, #4048, #8145 ) ;
#5124 = VECTOR ( 'NONE', #1025, 1000.000000000000000 ) ;
#5125 =( NAMED_UNIT ( * ) PLANE_ANGLE_UNIT ( ) SI_UNIT ( $, .RADIAN. ) );
#5126 = ORIENTED_EDGE ( 'NONE', *, *, #2124, .T. ) ;
#5127 = VERTEX_POINT ( 'NONE', #7629 ) ;
#5128 = DIRECTION ( 'NONE',  ( 0.7071067811865482389, 0.000000000000000000, -0.7071067811865469066 ) ) ;
#5129 = UNCERTAINTY_MEASURE_WITH_UNIT (LENGTH_MEASURE( 1.000000000000000082E-05 ), #9340, 'distance_accuracy_value', 'NONE');
#5130 = CARTESIAN_POINT ( 'NONE',  ( 71.38914542284129539, 122.7713155858990035, -15.25121723427468901 ) ) ;
#5131 = AXIS2_PLACEMENT_3D ( 'NONE', #1000, #263, #3574 ) ;
#5132 = UNCERTAINTY_MEASURE_WITH_UNIT (LENGTH_MEASURE( 1.000000000000000082E-05 ), #5925, 'distance_accuracy_value', 'NONE');
#5133 = VECTOR ( 'NONE', #5945, 1000.000000000000000 ) ;
#5134 = DIRECTION ( 'NONE',  ( 0.7071067811865493491, 0.000000000000000000, 0.7071067811865456854 ) ) ;
#5135 = ORIENTED_EDGE ( 'NONE', *, *, #8004, .T. ) ;
#5136 = CYLINDRICAL_SURFACE ( 'NONE', #10603, 71.00000000000001421 ) ;
#5137 = CARTESIAN_POINT ( 'NONE',  ( 40.10558449241308665, 117.7561558020845212, 41.90369650421889958 ) ) ;
#5138 = ORIENTED_EDGE ( 'NONE', *, *, #2423, .F. ) ;
#5139 = AXIS2_PLACEMENT_3D ( 'NONE', #5879, #8287, #2379 ) ;
#5140 = CARTESIAN_POINT ( 'NONE',  ( 66.18446766623711142, 0.000000000000000000, -16.87265631979616032 ) ) ;
#5141 = CARTESIAN_POINT ( 'NONE',  ( 63.91067609231115654, 92.49999999999998579, 3.950000000000658762 ) ) ;
#5142 = CARTESIAN_POINT ( 'NONE',  ( 38.74635081420156979, 123.9123826867253655, 43.18286269033675495 ) ) ;
#5143 = VECTOR ( 'NONE', #3005, 1000.000000000000000 ) ;
#5144 = FACE_OUTER_BOUND ( 'NONE', #7004, .T. ) ;
#5145 = ADVANCED_FACE ( 'NONE', ( #2881 ), #2606, .T. ) ;
#5146 = CARTESIAN_POINT ( 'NONE',  ( -22.29904084445104928, 123.2468771370596983, 69.51088036234419576 ) ) ;
#5147 = ORIENTED_EDGE ( 'NONE', *, *, #9072, .F. ) ;
#5148 = DIRECTION ( 'NONE',  ( 0.000000000000000000, 1.000000000000000000, -0.000000000000000000 ) ) ;
#5149 = EDGE_CURVE ( 'NONE', #8678, #2870, #9360, .T. ) ;
#5150 = SURFACE_STYLE_FILL_AREA ( #7943 ) ;
#5151 = CARTESIAN_POINT ( 'NONE',  ( 48.75010186514685984, 121.5000000000000000, 54.33624543652059913 ) ) ;
#5152 = SURFACE_SIDE_STYLE ('',( #3819 ) ) ;
#5153 = CARTESIAN_POINT ( 'NONE',  ( 42.42640687119286014, -6.000000000000000000, -1.849999999999845324 ) ) ;
#5154 = CARTESIAN_POINT ( 'NONE',  ( -20.79797600111507805, 118.0758614279400973, 69.97492570111167254 ) ) ;
#5155 = CIRCLE ( 'NONE', #2296, 1.849999999999997424 ) ;
#5156 = CARTESIAN_POINT ( 'NONE',  ( -16.99862170309306109, 117.9780511645801511, 55.46480847556019000 ) ) ;
#5157 = DIRECTION ( 'NONE',  ( 0.000000000000000000, 1.000000000000000000, 0.000000000000000000 ) ) ;
#5158 = VECTOR ( 'NONE', #7778, 1000.000000000000114 ) ;
#5159 = AXIS2_PLACEMENT_3D ( 'NONE', #2109, #3669, #1249 ) ;
#5160 = CARTESIAN_POINT ( 'NONE',  ( 0.000000000000000000, 51.00000000000000711, 0.000000000000000000 ) ) ;
#5161 = SURFACE_STYLE_FILL_AREA ( #7328 ) ;
#5162 = EDGE_CURVE ( 'NONE', #8806, #2958, #373, .T. ) ;
#5163 = PLANE ( 'NONE',  #10282 ) ;
#5164 = CARTESIAN_POINT ( 'NONE',  ( 72.31182475916365604, 15.00000000000000178, -10.00000000000030020 ) ) ;
#5165 = CARTESIAN_POINT ( 'NONE',  ( -15.02265631979638805, 72.00000000000000000, -66.18446766623706878 ) ) ;
#5166 = VECTOR ( 'NONE', #10861, 1000.000000000000000 ) ;
#5167 = LINE ( 'NONE', #453, #2941 ) ;
#5168 = FILL_AREA_STYLE ('',( #2445 ) ) ;
#5169 = DIRECTION ( 'NONE',  ( -0.9659258262890695335, 0.000000000000000000, 0.2588190451025161321 ) ) ;
#5170 = CARTESIAN_POINT ( 'NONE',  ( 30.12269240033350570, 72.00000000000000000, -30.12269240033351281 ) ) ;
#5171 = CARTESIAN_POINT ( 'NONE',  ( -2.081668171172168513E-14, 16.50000000000000000, 48.08326112068522207 ) ) ;
#5172 = EDGE_CURVE ( 'NONE', #7721, #4136, #3267, .T. ) ;
#5173 = VECTOR ( 'NONE', #8179, 1000.000000000000000 ) ;
#5174 = CARTESIAN_POINT ( 'NONE',  ( 11.99999999999995737, 72.00000000000000000, 0.000000000000000000 ) ) ;
#5175 = VECTOR ( 'NONE', #9414, 1000.000000000000000 ) ;
#5176 = EDGE_CURVE ( 'NONE', #6441, #1402, #7238, .T. ) ;
#5177 = VECTOR ( 'NONE', #4422, 1000.000000000000000 ) ;
#5178 = CIRCLE ( 'NONE', #9283, 1.849999999999997424 ) ;
#5179 = EDGE_CURVE ( 'NONE', #7571, #8239, #4448, .T. ) ;
#5180 = B_SPLINE_SURFACE_WITH_KNOTS ( 'NONE', 3, 1, ( 
 ( #1565, #2362 ),
 ( #4925, #4894 ),
 ( #10835, #5788 ),
 ( #9145, #5644 ),
 ( #5745, #8220 ),
 ( #6608, #1528 ),
 ( #9082, #7452 ),
 ( #2390, #8306 ),
 ( #3241, #4015 ),
 ( #8332, #6575 ) ),
 .UNSPECIFIED., .F., .F., .F.,
 ( 4, 2, 2, 2, 4 ),
 ( 2, 2 ),
 ( 0.4999999999999998890, 0.6249999999999998890, 0.7499999999999997780, 0.8749999999999997780, 1.000000000136231915 ),
 ( 0.000000000000000000, 1.000000000000000000 ),
 .UNSPECIFIED. ) ;
#5181 = AXIS2_PLACEMENT_3D ( 'NONE', #6381, #9752, #2164 ) ;
#5182 = CARTESIAN_POINT ( 'NONE',  ( -11.80236264533390589, 53.00000000000000711, 62.00694410957876102 ) ) ;
#5183 = PLANE ( 'NONE',  #6638 ) ;
#5184 = CARTESIAN_POINT ( 'NONE',  ( -69.38694944914311691, 121.4985874826541590, 22.68151772130905997 ) ) ;
#5185 = EDGE_LOOP ( 'NONE', ( #5, #7603 ) ) ;
#5186 = FACE_OUTER_BOUND ( 'NONE', #4719, .T. ) ;
#5187 = FACE_OUTER_BOUND ( 'NONE', #6414, .T. ) ;
#5188 = ORIENTED_EDGE ( 'NONE', *, *, #7110, .T. ) ;
#5189 = CARTESIAN_POINT ( 'NONE',  ( -22.70499905154007436, 121.5000000000000426, 69.47458199078079133 ) ) ;
#5190 = AXIS2_PLACEMENT_3D ( 'NONE', #4366, #5291, #10276 ) ;
#5191 = CARTESIAN_POINT ( 'NONE',  ( -28.70847883796050937, 72.00000000000000000, -28.70847883796031397 ) ) ;
#5192 = ORIENTED_EDGE ( 'NONE', *, *, #6454, .F. ) ;
#5193 = ADVANCED_FACE ( 'NONE', ( #6699 ), #9748, .F. ) ;
#5194 = DIRECTION ( 'NONE',  ( -0.000000000000000000, -1.000000000000000000, -0.000000000000000000 ) ) ;
#5195 = EDGE_LOOP ( 'NONE', ( #10679, #2739, #5472, #3817 ) ) ;
#5196 = DIRECTION ( 'NONE',  ( 0.7071067811865476838, 0.000000000000000000, 0.7071067811865474617 ) ) ;
#5197 = VERTEX_POINT ( 'NONE', #6148 ) ;
#5198 = AXIS2_PLACEMENT_3D ( 'NONE', #1589, #7489, #9225 ) ;
#5199 = DIRECTION ( 'NONE',  ( -1.047444401652940007E-14, 0.000000000000000000, -1.000000000000000000 ) ) ;
#5200 = FACE_OUTER_BOUND ( 'NONE', #5998, .T. ) ;
#5201 = EDGE_LOOP ( 'NONE', ( #1263, #943, #8663, #827 ) ) ;
#5202 = CARTESIAN_POINT ( 'NONE',  ( 42.42640687119286014, 0.000000000000000000, 1.524678165548779904E-13 ) ) ;
#5203 = DIRECTION ( 'NONE',  ( 1.000000000000000000, 0.000000000000000000, 0.000000000000000000 ) ) ;
#5204 = EDGE_LOOP ( 'NONE', ( #9825, #9459, #2725, #7114, #4980, #7828, #2238 ) ) ;
#5205 = VERTEX_POINT ( 'NONE', #7034 ) ;
#5206 = ORIENTED_EDGE ( 'NONE', *, *, #4552, .F. ) ;
#5207 = SURFACE_SIDE_STYLE ('',( #5064 ) ) ;
#5208 =( NAMED_UNIT ( * ) PLANE_ANGLE_UNIT ( ) SI_UNIT ( $, .RADIAN. ) );
#5209 = CARTESIAN_POINT ( 'NONE',  ( -10.96015510839134421, 0.000000000000000000, 10.96015510839147211 ) ) ;
#5210 = CARTESIAN_POINT ( 'NONE',  ( 29.97765431706064021, 10.00000000000000000, 55.52392810244902677 ) ) ;
#5211 = VECTOR ( 'NONE', #6827, 999.9999999999998863 ) ;
#5212 = LINE ( 'NONE', #2486, #9456 ) ;
#5213 = ORIENTED_EDGE ( 'NONE', *, *, #5115, .F. ) ;
#5214 = CARTESIAN_POINT ( 'NONE',  ( 57.00694410957876812, 33.00000000000000000, -5.971160446292031468E-13 ) ) ;
#5215 = VERTEX_POINT ( 'NONE', #2530 ) ;
#5216 = DIRECTION ( 'NONE',  ( 0.7071067811865474617, 0.000000000000000000, 0.7071067811865474617 ) ) ;
#5217 = STYLED_ITEM ( 'NONE', ( #9995 ), #6203 ) ;
#5218 = ORIENTED_EDGE ( 'NONE', *, *, #7013, .T. ) ;
#5219 = CARTESIAN_POINT ( 'NONE',  ( 0.000000000000000000, 53.00000000000000711, 0.000000000000000000 ) ) ;
#5220 = UNCERTAINTY_MEASURE_WITH_UNIT (LENGTH_MEASURE( 1.000000000000000082E-05 ), #1961, 'distance_accuracy_value', 'NONE');
#5221 = ORIENTED_EDGE ( 'NONE', *, *, #4694, .F. ) ;
#5222 = ORIENTED_EDGE ( 'NONE', *, *, #6871, .T. ) ;
#5223 = DIRECTION ( 'NONE',  ( -0.000000000000000000, -1.000000000000000000, -0.000000000000000000 ) ) ;
#5224 = DIRECTION ( 'NONE',  ( 0.000000000000000000, 0.000000000000000000, 1.000000000000000000 ) ) ;
#5225 = VECTOR ( 'NONE', #7283, 1000.000000000000000 ) ;
#5226 = EDGE_LOOP ( 'NONE', ( #10146, #9493, #965, #2985 ) ) ;
#5227 = CARTESIAN_POINT ( 'NONE',  ( -64.00694410957868286, 33.00000000000000000, 6.000000000000670575 ) ) ;
#5228 = DIRECTION ( 'NONE',  ( 3.469446951953613696E-16, 0.000000000000000000, 1.000000000000000000 ) ) ;
#5229 =( NAMED_UNIT ( * ) PLANE_ANGLE_UNIT ( ) SI_UNIT ( $, .RADIAN. ) );
#5230 = ORIENTED_EDGE ( 'NONE', *, *, #8943, .T. ) ;
#5231 = AXIS2_PLACEMENT_3D ( 'NONE', #5441, #7179, #305 ) ;
#5232 = EDGE_LOOP ( 'NONE', ( #9087, #9484 ) ) ;
#5233 = CARTESIAN_POINT ( 'NONE',  ( 54.89806205480693535, 121.4985874826540879, -18.79923204477180931 ) ) ;
#5234 = ORIENTED_EDGE ( 'NONE', *, *, #3058, .T. ) ;
#5235 = ORIENTED_EDGE ( 'NONE', *, *, #9516, .F. ) ;
#5236 = ORIENTED_EDGE ( 'NONE', *, *, #6527, .T. ) ;
#5238 = FACE_BOUND ( 'NONE', #3398, .T. ) ;
#5237 = CARTESIAN_POINT ( 'NONE',  ( 43.45098630439257903, 10.00000000000000000, 20.11646252523650702 ) ) ;
#5239 = VERTEX_POINT ( 'NONE', #1967 ) ;
#5240 = CARTESIAN_POINT ( 'NONE',  ( -39.13265416126099439, 118.5254474718630178, -42.82596627863467376 ) ) ;
#5241 = CYLINDRICAL_SURFACE ( 'NONE', #3159, 5.000000000000004441 ) ;
#5242 = EDGE_LOOP ( 'NONE', ( #826, #3691, #10428, #4423 ) ) ;
#5243 = EDGE_LOOP ( 'NONE', ( #3156, #8647, #3886, #10233 ) ) ;
#5244 = EDGE_CURVE ( 'NONE', #1898, #5722, #9601, .T. ) ;
#5245 = LINE ( 'NONE', #4118, #638 ) ;
#5246 = ORIENTED_EDGE ( 'NONE', *, *, #8162, .T. ) ;
#5247 = VECTOR ( 'NONE', #10384, 1000.000000000000000 ) ;
#5248 = ORIENTED_EDGE ( 'NONE', *, *, #9333, .T. ) ;
#5249 = EDGE_CURVE ( 'NONE', #5102, #2170, #1391, .T. ) ;
#5250 = CARTESIAN_POINT ( 'NONE',  ( 43.45019254114438922, 119.4426215047596287, 38.45874367363214219 ) ) ;
#5251 = FILL_AREA_STYLE ('',( #1832 ) ) ;
#5252 = DIRECTION ( 'NONE',  ( 0.000000000000000000, 0.000000000000000000, 1.000000000000000000 ) ) ;
#5253 = DIRECTION ( 'NONE',  ( 0.7071067811865450192, 0.000000000000000000, -0.7071067811865501263 ) ) ;
#5254 = SURFACE_STYLE_FILL_AREA ( #5507 ) ;
#5255 = VERTEX_POINT ( 'NONE', #6920 ) ;
#5256 = ORIENTED_EDGE ( 'NONE', *, *, #7786, .F. ) ;
#5257 = AXIS2_PLACEMENT_3D ( 'NONE', #3996, #10764, #8284 ) ;
#5258 = DIRECTION ( 'NONE',  ( 0.000000000000000000, 1.000000000000000000, 0.000000000000000000 ) ) ;
#5259 = ORIENTED_EDGE ( 'NONE', *, *, #7237, .F. ) ;
#5260 = ADVANCED_FACE ( 'NONE', ( #985, #3396 ), #2466, .T. ) ;
#5261 = FACE_BOUND ( 'NONE', #1082, .T. ) ;
#5262 = VECTOR ( 'NONE', #5419, 1000.000000000000114 ) ;
#5263 = CARTESIAN_POINT ( 'NONE',  ( 9.630973282794125012, 120.5000000000000000, -9.630973282794126789 ) ) ;
#5264 = EDGE_CURVE ( 'NONE', #6731, #8425, #5376, .T. ) ;
#5265 = DIRECTION ( 'NONE',  ( 0.000000000000000000, 1.000000000000000000, 0.000000000000000000 ) ) ;
#5266 = FACE_BOUND ( 'NONE', #3121, .T. ) ;
#5267 = AXIS2_PLACEMENT_3D ( 'NONE', #2420, #616, #1417 ) ;
#5268 = FILL_AREA_STYLE_COLOUR ( '', #359 ) ;
#5269 = VERTEX_POINT ( 'NONE', #8692 ) ;
#5270 = CARTESIAN_POINT ( 'NONE',  ( -10.12448588005138816, 120.5000000000000000, 10.12448588005139172 ) ) ;
#5271 = CARTESIAN_POINT ( 'NONE',  ( -15.17679727734360462, 120.4770467345754241, 71.40495382470781749 ) ) ;
#5272 = EDGE_CURVE ( 'NONE', #223, #8183, #7496, .T. ) ;
#5273 = ADVANCED_FACE ( 'NONE', ( #7359 ), #5241, .T. ) ;
#5274 = DIRECTION ( 'NONE',  ( 0.7071067811865474617, 0.000000000000000000, 0.7071067811865476838 ) ) ;
#5275 = AXIS2_PLACEMENT_3D ( 'NONE', #8386, #42, #869 ) ;
#5276 = LINE ( 'NONE', #586, #760 ) ;
#5277 = CARTESIAN_POINT ( 'NONE',  ( 0.000000000000000000, 107.4999999999999858, 63.91067609231115654 ) ) ;
#5278 = LINE ( 'NONE', #8878, #10298 ) ;
#5279 = CARTESIAN_POINT ( 'NONE',  ( 0.000000000000000000, 33.00000000000000000, -57.00694410957876812 ) ) ;
#5280 = VERTEX_POINT ( 'NONE', #283 ) ;
#5281 = CARTESIAN_POINT ( 'NONE',  ( -18.02512241624482670, 119.0885512941463702, 55.14649144384477353 ) ) ;
#5282 = DIRECTION ( 'NONE',  ( 0.000000000000000000, 1.000000000000000000, 0.000000000000000000 ) ) ;
#5283 = DIRECTION ( 'NONE',  ( -1.000000000000000000, 0.000000000000000000, 1.047444401652940007E-14 ) ) ;
#5284 = DIRECTION ( 'NONE',  ( 0.000000000000000000, 1.000000000000000000, 0.000000000000000000 ) ) ;
#5285 = FACE_OUTER_BOUND ( 'NONE', #9618, .T. ) ;
#5286 =( NAMED_UNIT ( * ) SI_UNIT ( $, .STERADIAN. ) SOLID_ANGLE_UNIT ( ) );
#5287 = LINE ( 'NONE', #540, #9782 ) ;
#5288 = STYLED_ITEM ( 'NONE', ( #265 ), #5699 ) ;
#5289 = CARTESIAN_POINT ( 'NONE',  ( 69.97856814768357481, 53.00000000000000711, -12.00000000000026112 ) ) ;
#5290 = CARTESIAN_POINT ( 'NONE',  ( 0.000000000000000000, 33.00000000000000000, 64.00694410957875391 ) ) ;
#5291 = DIRECTION ( 'NONE',  ( -3.838426034038494774E-15, 0.000000000000000000, -1.000000000000000000 ) ) ;
#5292 = FACE_OUTER_BOUND ( 'NONE', #881, .T. ) ;
#5293 = COLOUR_RGB ( '',1.000000000000000000, 0.5019607843137254832, 0.7529411764705882248 ) ;
#5294 = DIRECTION ( 'NONE',  ( -0.000000000000000000, -1.000000000000000000, -0.000000000000000000 ) ) ;
#5295 = AXIS2_PLACEMENT_3D ( 'NONE', #139, #5148, #10197 ) ;
#5296 = DIRECTION ( 'NONE',  ( -0.000000000000000000, -1.000000000000000000, -0.000000000000000000 ) ) ;
#5297 = CARTESIAN_POINT ( 'NONE',  ( -18.79923228518237721, 121.5000000000000426, 54.89806197622043982 ) ) ;
#5298 = SURFACE_STYLE_USAGE ( .BOTH. , #9545 ) ;
#5299 = CARTESIAN_POINT ( 'NONE',  ( -2.428612866367529932E-14, 6.983260063331909231E-15, 48.08326112068522917 ) ) ;
#5300 = DIRECTION ( 'NONE',  ( 0.7071067811865474617, 0.000000000000000000, -0.7071067811865476838 ) ) ;
#5301 = DIRECTION ( 'NONE',  ( -0.000000000000000000, -1.000000000000000000, -0.000000000000000000 ) ) ;
#5302 = DIRECTION ( 'NONE',  ( 0.000000000000000000, 0.000000000000000000, 1.000000000000000000 ) ) ;
#5303 = LINE ( 'NONE', #4200, #3055 ) ;
#5304 = VECTOR ( 'NONE', #4991, 1000.000000000000114 ) ;
#5305 = FILL_AREA_STYLE ('',( #213 ) ) ;
#5306 = VECTOR ( 'NONE', #9134, 1000.000000000000000 ) ;
#5307 = ADVANCED_FACE ( 'NONE', ( #4577 ), #227, .T. ) ;
#5308 = EDGE_CURVE ( 'NONE', #9179, #8236, #8948, .T. ) ;
#5309 = CARTESIAN_POINT ( 'NONE',  ( -49.35116732818374174, 123.9094777951133750, -53.79110494248861585 ) ) ;
#5310 = LINE ( 'NONE', #4914, #9426 ) ;
#5311 = EDGE_CURVE ( 'NONE', #2024, #4298, #2333, .T. ) ;
#5312 = CARTESIAN_POINT ( 'NONE',  ( 63.91067609231115654, 92.49999999999998579, 6.694287987874572456E-13 ) ) ;
#5313 = CARTESIAN_POINT ( 'NONE',  ( 18.67507940474323291, 122.5298245453826382, -54.93854219769568914 ) ) ;
#5314 = CARTESIAN_POINT ( 'NONE',  ( -48.08326112068524338, 49.50000000000000000, -3.469446951953614189E-14 ) ) ;
#5315 = PLANE ( 'NONE',  #10509 ) ;
#5316 = ORIENTED_EDGE ( 'NONE', *, *, #2225, .F. ) ;
#5317 = CYLINDRICAL_SURFACE ( 'NONE', #6439, 3.949999999999988187 ) ;
#5318 = ADVANCED_FACE ( 'NONE', ( #1659 ), #6967, .T. ) ;
#5319 = SURFACE_STYLE_FILL_AREA ( #2185 ) ;
#5320 = DIRECTION ( 'NONE',  ( -1.000000000000000000, 0.000000000000000000, 3.491481338843133355E-15 ) ) ;
#5321 = VECTOR ( 'NONE', #2311, 1000.000000000000000 ) ;
#5322 = CARTESIAN_POINT ( 'NONE',  ( -6.938893903907228378E-15, 33.00000000000000000, -48.08326112068525759 ) ) ;
#5323 = DIRECTION ( 'NONE',  ( -0.7071067811865516806, 0.000000000000000000, -0.7071067811865434649 ) ) ;
#5324 = CARTESIAN_POINT ( 'NONE',  ( -28.70847883796050937, 72.00000000000000000, -28.70847883796031397 ) ) ;
#5325 = EDGE_CURVE ( 'NONE', #1091, #10229, #4178, .T. ) ;
#5326 = MECHANICAL_DESIGN_GEOMETRIC_PRESENTATION_REPRESENTATION (  '', ( #4759 ), #8161 ) ;
#5327 = DIRECTION ( 'NONE',  ( -0.000000000000000000, -1.000000000000000000, -0.000000000000000000 ) ) ;
#5328 = EDGE_CURVE ( 'NONE', #4214, #7590, #1923, .T. ) ;
#5329 = ORIENTED_EDGE ( 'NONE', *, *, #584, .F. ) ;
#5330 = CARTESIAN_POINT ( 'NONE',  ( 15.02265631979615712, 0.000000000000000000, -66.18446766623708299 ) ) ;
#5331 = EDGE_CURVE ( 'NONE', #10140, #5623, #6168, .T. ) ;
#5332 = VECTOR ( 'NONE', #3338, 1000.000000000000000 ) ;
#5333 = FACE_OUTER_BOUND ( 'NONE', #8301, .T. ) ;
#5334 = ORIENTED_EDGE ( 'NONE', *, *, #2836, .F. ) ;
#5335 =( GEOMETRIC_REPRESENTATION_CONTEXT ( 3 ) GLOBAL_UNCERTAINTY_ASSIGNED_CONTEXT ( ( #9148 ) ) GLOBAL_UNIT_ASSIGNED_CONTEXT ( ( #2049, #10637, #3837 ) ) REPRESENTATION_CONTEXT ( 'NONE', 'WORKASPACE' ) );
#5336 = CARTESIAN_POINT ( 'NONE',  ( 70.82372483850315348, 107.4999999999999858, -4.999999999999265476 ) ) ;
#5337 = CARTESIAN_POINT ( 'NONE',  ( -42.42640687119286014, -6.000000000000000000, 1.849999999999549116 ) ) ;
#5338 = DIRECTION ( 'NONE',  ( 0.000000000000000000, 1.000000000000000000, 0.000000000000000000 ) ) ;
#5339 = ORIENTED_EDGE ( 'NONE', *, *, #7653, .F. ) ;
#5340 = EDGE_LOOP ( 'NONE', ( #10522, #1692, #9952, #5484 ) ) ;
#5341 = ORIENTED_EDGE ( 'NONE', *, *, #671, .T. ) ;
#5342 =( NAMED_UNIT ( * ) PLANE_ANGLE_UNIT ( ) SI_UNIT ( $, .RADIAN. ) );
#5343 = LINE ( 'NONE', #5994, #4686 ) ;
#5344 = ORIENTED_EDGE ( 'NONE', *, *, #4065, .F. ) ;
#5345 = PLANE ( 'NONE',  #3383 ) ;
#5346 = CARTESIAN_POINT ( 'NONE',  ( -50.88970135473088874, 125.3208970214321454, -52.33834049445551528 ) ) ;
#5347 = VERTEX_POINT ( 'NONE', #8810 ) ;
#5348 = AXIS2_PLACEMENT_3D ( 'NONE', #5055, #2404, #4950 ) ;
#5349 = AXIS2_PLACEMENT_3D ( 'NONE', #5488, #5418, #7915 ) ;
#5350 = DIRECTION ( 'NONE',  ( 0.000000000000000000, 0.000000000000000000, 1.000000000000000000 ) ) ;
#5351 = CARTESIAN_POINT ( 'NONE',  ( -42.45642460714601896, 125.0194328563234478, -39.53166211130668017 ) ) ;
#5352 = ORIENTED_EDGE ( 'NONE', *, *, #2772, .T. ) ;
#5353 = SURFACE_STYLE_USAGE ( .BOTH. , #1079 ) ;
#5354 = DIRECTION ( 'NONE',  ( 0.7071067811865471286, -0.000000000000000000, 0.7071067811865480168 ) ) ;
#5355 = VECTOR ( 'NONE', #3174, 1000.000000000000000 ) ;
#5356 = FACE_BOUND ( 'NONE', #7735, .T. ) ;
#5357 = ORIENTED_EDGE ( 'NONE', *, *, #3337, .T. ) ;
#5358 = CARTESIAN_POINT ( 'NONE',  ( 15.17679727734310191, 120.4770467345754383, -71.40495382470790275 ) ) ;
#5359 = ORIENTED_EDGE ( 'NONE', *, *, #432, .T. ) ;
#5360 = VERTEX_POINT ( 'NONE', #8884 ) ;
#5361 = CARTESIAN_POINT ( 'NONE',  ( -4.189777606611744880E-14, 53.00000000000000711, -11.99999999999995737 ) ) ;
#5362 = DIRECTION ( 'NONE',  ( -0.7071067811865474617, 0.000000000000000000, -0.7071067811865476838 ) ) ;
#5363 = MECHANICAL_DESIGN_GEOMETRIC_PRESENTATION_REPRESENTATION (  '', ( #6077 ), #3671 ) ;
#5364 = ORIENTED_EDGE ( 'NONE', *, *, #1567, .T. ) ;
#5365 = DIRECTION ( 'NONE',  ( 0.000000000000000000, 0.000000000000000000, 1.000000000000000000 ) ) ;
#5366 = CARTESIAN_POINT ( 'NONE',  ( -69.97856814768367428, 53.00000000000000711, -11.99999999999971223 ) ) ;
#5367 = ORIENTED_EDGE ( 'NONE', *, *, #2795, .T. ) ;
#5368 = EDGE_LOOP ( 'NONE', ( #8132, #7269, #4170, #7461 ) ) ;
#5369 = CARTESIAN_POINT ( 'NONE',  ( 0.000000000000000000, 115.4999999999999858, 0.000000000000000000 ) ) ;
#5370 = ADVANCED_FACE ( 'NONE', ( #5901 ), #8539, .F. ) ;
#5371 = VECTOR ( 'NONE', #8321, 1000.000000000000000 ) ;
#5372 = VERTEX_POINT ( 'NONE', #5449 ) ;
#5373 = DIRECTION ( 'NONE',  ( 0.000000000000000000, 1.000000000000000000, 0.000000000000000000 ) ) ;
#5374 = AXIS2_PLACEMENT_3D ( 'NONE', #7553, #2421, #8475 ) ;
#5375 = ORIENTED_EDGE ( 'NONE', *, *, #10278, .F. ) ;
#5376 = CIRCLE ( 'NONE', #8970, 52.99999999999999289 ) ;
#5377 = CARTESIAN_POINT ( 'NONE',  ( 0.000000000000000000, 53.00000000000000711, 0.000000000000000000 ) ) ;
#5378 = VERTEX_POINT ( 'NONE', #4600 ) ;
#5379 = ORIENTED_EDGE ( 'NONE', *, *, #1146, .F. ) ;
#5380 = ORIENTED_EDGE ( 'NONE', *, *, #3482, .F. ) ;
#5381 = DIRECTION ( 'NONE',  ( 0.000000000000000000, 0.000000000000000000, 1.000000000000000000 ) ) ;
#5382 = VERTEX_POINT ( 'NONE', #10519 ) ;
#5383 = CARTESIAN_POINT ( 'NONE',  ( -55.19530467794600526, 118.8888371482165667, 17.86965870716947080 ) ) ;
#5384 = DIRECTION ( 'NONE',  ( 0.000000000000000000, 0.000000000000000000, -1.000000000000000000 ) ) ;
#5385 = CYLINDRICAL_SURFACE ( 'NONE', #3233, 3.949999999999995293 ) ;
#5386 = STYLED_ITEM ( 'NONE', ( #8232 ), #1288 ) ;
#5387 = FACE_OUTER_BOUND ( 'NONE', #6156, .T. ) ;
#5388 = EDGE_LOOP ( 'NONE', ( #8934, #6723, #6006, #10129 ) ) ;
#5389 = ADVANCED_FACE ( 'NONE', ( #6305 ), #1223, .T. ) ;
#5390 = CARTESIAN_POINT ( 'NONE',  ( 69.47449345339546767, 121.4985874826540879, -22.70497506655119224 ) ) ;
#5391 = LINE ( 'NONE', #4599, #6711 ) ;
#5392 = DIRECTION ( 'NONE',  ( 0.000000000000000000, 0.000000000000000000, 1.000000000000000000 ) ) ;
#5393 = ORIENTED_EDGE ( 'NONE', *, *, #9860, .T. ) ;
#5394 = EDGE_LOOP ( 'NONE', ( #9870, #6138, #6506, #594, #570, #1964, #9058, #4052, #6952, #7189, #6950, #10668 ) ) ;
#5395 = CARTESIAN_POINT ( 'NONE',  ( -15.26144456866695265, 117.5501411763039101, 55.95671898559194091 ) ) ;
#5396 = PLANE ( 'NONE',  #2532 ) ;
#5397 = EDGE_LOOP ( 'NONE', ( #1521, #5380, #7499, #3622 ) ) ;
#5398 = CARTESIAN_POINT ( 'NONE',  ( -54.40057854492985001, 122.5297787185175054, -48.81391383478499790 ) ) ;
#5399 = EDGE_CURVE ( 'NONE', #6784, #10902, #1782, .T. ) ;
#5400 = LINE ( 'NONE', #5770, #8300 ) ;
#5401 = DIRECTION ( 'NONE',  ( -0.7071067811865482389, 0.000000000000000000, 0.7071067811865469066 ) ) ;
#5402 = VERTEX_POINT ( 'NONE', #1185 ) ;
#5403 = EDGE_LOOP ( 'NONE', ( #4603, #7099, #5737, #4689 ) ) ;
#5404 = EDGE_CURVE ( 'NONE', #10526, #1880, #10802, .T. ) ;
#5405 = DIRECTION ( 'NONE',  ( 0.000000000000000000, 1.000000000000000000, -0.000000000000000000 ) ) ;
#5406 = CARTESIAN_POINT ( 'NONE',  ( 70.33405157408319042, 117.5494486574988855, -19.91073304617753337 ) ) ;
#5407 = SURFACE_STYLE_USAGE ( .BOTH. , #3557 ) ;
#5408 = VECTOR ( 'NONE', #8454, 1000.000000000000000 ) ;
#5409 = EDGE_CURVE ( 'NONE', #1472, #9193, #8204, .T. ) ;
#5410 = CARTESIAN_POINT ( 'NONE',  ( 50.94864026037728166, 125.4510427797605416, 52.41720290696998319 ) ) ;
#5411 = VERTEX_POINT ( 'NONE', #6344 ) ;
#5412 = VECTOR ( 'NONE', #1722, 1000.000000000000000 ) ;
#5413 = CARTESIAN_POINT ( 'NONE',  ( 15.02265631979615712, 72.00000000000000000, -64.33446766623708868 ) ) ;
#5414 = PLANE ( 'NONE',  #271 ) ;
#5415 = EDGE_CURVE ( 'NONE', #2274, #2020, #1990, .T. ) ;
#5416 = AXIS2_PLACEMENT_3D ( 'NONE', #10110, #2515, #9269 ) ;
#5417 = CYLINDRICAL_SURFACE ( 'NONE', #9582, 71.00000000000001421 ) ;
#5418 = DIRECTION ( 'NONE',  ( 0.000000000000000000, 1.000000000000000000, 0.000000000000000000 ) ) ;
#5419 = DIRECTION ( 'NONE',  ( -0.7071067811865450192, 0.000000000000000000, 0.7071067811865501263 ) ) ;
#5420 =( NAMED_UNIT ( * ) SI_UNIT ( $, .STERADIAN. ) SOLID_ANGLE_UNIT ( ) );
#5421 = CARTESIAN_POINT ( 'NONE',  ( -56.34245793128462054, 117.7561558020385206, 13.78060675214151054 ) ) ;
#5422 = CARTESIAN_POINT ( 'NONE',  ( -22.29677509794438350, 123.5667773864315109, 69.61043607160794977 ) ) ;
#5423 = FACE_OUTER_BOUND ( 'NONE', #9760, .T. ) ;
#5424 = VERTEX_POINT ( 'NONE', #4520 ) ;
#5425 = EDGE_CURVE ( 'NONE', #5473, #5372, #4773, .T. ) ;
#5426 = CARTESIAN_POINT ( 'NONE',  ( 24.04163056034260038, -5.777789833161707559E-31, 24.04163056034261103 ) ) ;
#5427 = CARTESIAN_POINT ( 'NONE',  ( -63.91067609231115654, 92.49999999999998579, -2.231429329291523816E-13 ) ) ;
#5428 = CIRCLE ( 'NONE', #10005, 1.850000000000006084 ) ;
#5429 = CARTESIAN_POINT ( 'NONE',  ( -14.76565105746565720, 117.5498599564596418, 56.08958185444777911 ) ) ;
#5430 = CARTESIAN_POINT ( 'NONE',  ( 54.33624526761269635, 121.4985874826541874, 48.75010205340944935 ) ) ;
#5431 = DIRECTION ( 'NONE',  ( -0.000000000000000000, 1.000000000000000000, -0.000000000000000000 ) ) ;
#5432 = CARTESIAN_POINT ( 'NONE',  ( -43.72955945542854295, 121.2426528317517409, -38.14359406614690329 ) ) ;
#5433 = CARTESIAN_POINT ( 'NONE',  ( 12.47390384937832586, 124.4718737083616276, -56.65538804169950282 ) ) ;
#5434 = DIRECTION ( 'NONE',  ( -0.000000000000000000, -1.000000000000000000, -0.000000000000000000 ) ) ;
#5435 = CARTESIAN_POINT ( 'NONE',  ( 22.48693441047056751, 120.2286596928326787, -69.45032504319527789 ) ) ;
#5436 = LINE ( 'NONE', #4786, #9410 ) ;
#5437 = B_SPLINE_CURVE_WITH_KNOTS ( 'NONE', 3,
 ( #9064, #6661, #6596, #5697, #4001, #1581, #9916, #10854, #4854, #3228, #1554, #10770, #5774, #699, #1509, #643, #7477, #7407, #9252, #1805, #934, #8434, #5142, #10127, #10190, #6807, #5988, #4182, #2488, #10086 ),
 .UNSPECIFIED., .F., .F.,
 ( 4, 2, 2, 2, 2, 2, 2, 2, 2, 2, 2, 2, 2, 2, 4 ),
 ( 0.5000000000000000000, 0.5312499999999991118, 0.5624999999999981126, 0.6249999999999980016, 0.6562499999999985567, 0.6874999999999991118, 0.7187499999999997780, 0.7500000000000002220, 0.7812500000000008882, 0.8125000000000013323, 0.8750000000000006661, 0.9062500000000004441, 0.9375000000000003331, 0.9687500000000002220, 1.000000000000000000 ),
 .UNSPECIFIED. ) ;
#5438 = AXIS2_PLACEMENT_3D ( 'NONE', #628, #664, #7424 ) ;
#5439 = CIRCLE ( 'NONE', #5504, 1.849999999999997424 ) ;
#5440 = ADVANCED_FACE ( 'NONE', ( #10182 ), #1302, .T. ) ;
#5441 = CARTESIAN_POINT ( 'NONE',  ( 0.000000000000000000, 15.00000000000000000, 0.000000000000000000 ) ) ;
#5442 = DIRECTION ( 'NONE',  ( 0.000000000000000000, 0.000000000000000000, 1.000000000000000000 ) ) ;
#5443 = CARTESIAN_POINT ( 'NONE',  ( 0.000000000000000000, 127.5000000000000000, 63.91067609231115654 ) ) ;
#5444 = CARTESIAN_POINT ( 'NONE',  ( 15.69263254813890107, 0.000000000000000000, -15.69263254813890107 ) ) ;
#5445 = CARTESIAN_POINT ( 'NONE',  ( 43.72964354981449731, 121.4985874826540737, 38.14350033561125741 ) ) ;
#5446 = CARTESIAN_POINT ( 'NONE',  ( 66.18446766623711142, 72.00000000000000000, -16.87265631979616032 ) ) ;
#5447 = AXIS2_PLACEMENT_3D ( 'NONE', #8552, #248, #7661 ) ;
#5448 = DIRECTION ( 'NONE',  ( 0.000000000000000000, 0.000000000000000000, 1.000000000000000000 ) ) ;
#5449 = CARTESIAN_POINT ( 'NONE',  ( 0.000000000000000000, 92.49999999999998579, -59.96067609231116791 ) ) ;
#5450 = CARTESIAN_POINT ( 'NONE',  ( -56.65470181956681017, 118.5254474719273503, 12.47688948174443269 ) ) ;
#5451 = DIRECTION ( 'NONE',  ( -0.7071067811865476838, 0.000000000000000000, -0.7071067811865474617 ) ) ;
#5452 = VECTOR ( 'NONE', #4852, 1000.000000000000000 ) ;
#5453 = LINE ( 'NONE', #298, #5177 ) ;
#5454 = FACE_OUTER_BOUND ( 'NONE', #4580, .T. ) ;
#5455 = CARTESIAN_POINT ( 'NONE',  ( -70.82372483850311085, 107.4999999999999858, 4.999999999999760192 ) ) ;
#5456 = CARTESIAN_POINT ( 'NONE',  ( -24.04163056034262880, 33.00000000000000000, -24.04163056034263946 ) ) ;
#5457 = EDGE_CURVE ( 'NONE', #8918, #7347, #10467, .T. ) ;
#5458 = DIRECTION ( 'NONE',  ( 0.000000000000000000, 0.000000000000000000, -1.000000000000000000 ) ) ;
#5459 = UNCERTAINTY_MEASURE_WITH_UNIT (LENGTH_MEASURE( 1.000000000000000082E-05 ), #4320, 'distance_accuracy_value', 'NONE');
#5460 = VERTEX_POINT ( 'NONE', #2153 ) ;
#5461 = DIRECTION ( 'NONE',  ( 0.000000000000000000, 0.000000000000000000, 1.000000000000000000 ) ) ;
#5462 = EDGE_CURVE ( 'NONE', #5775, #10526, #4510, .T. ) ;
#5463 = DIRECTION ( 'NONE',  ( -0.000000000000000000, -1.000000000000000000, -0.000000000000000000 ) ) ;
#5464 = CARTESIAN_POINT ( 'NONE',  ( -7.590368143691787139, 30.06264826568282800, -57.79494960793644509 ) ) ;
#5465 = LINE ( 'NONE', #10206, #7430 ) ;
#5466 = VECTOR ( 'NONE', #4043, 1000.000000000000000 ) ;
#5467 = ORIENTED_EDGE ( 'NONE', *, *, #7445, .T. ) ;
#5468 = CARTESIAN_POINT ( 'NONE',  ( 18.29663690865043435, 123.4836219565490296, -55.06048929517979218 ) ) ;
#5469 = DIRECTION ( 'NONE',  ( 1.000000000000000000, 0.000000000000000000, 0.000000000000000000 ) ) ;
#5470 = CARTESIAN_POINT ( 'NONE',  ( 16.00533540917082220, 118.8879053478042493, -71.22402981497700125 ) ) ;
#5471 = AXIS2_PLACEMENT_3D ( 'NONE', #8062, #6248, #7944 ) ;
#5472 = ORIENTED_EDGE ( 'NONE', *, *, #5108, .T. ) ;
#5473 = VERTEX_POINT ( 'NONE', #2306 ) ;
#5474 = VERTEX_POINT ( 'NONE', #8206 ) ;
#5475 = CARTESIAN_POINT ( 'NONE',  ( 63.91067609231115654, 110.4999999999999858, 6.694287987874572456E-13 ) ) ;
#5476 =( NAMED_UNIT ( * ) SI_UNIT ( $, .STERADIAN. ) SOLID_ANGLE_UNIT ( ) );
#5477 = EDGE_CURVE ( 'NONE', #7340, #6810, #9271, .T. ) ;
#5478 = VERTEX_POINT ( 'NONE', #4850 ) ;
#5479 = PLANE ( 'NONE',  #6331 ) ;
#5480 = CARTESIAN_POINT ( 'NONE',  ( 48.08326112068522207, 64.50000000000000000, 0.000000000000000000 ) ) ;
#5481 = EDGE_CURVE ( 'NONE', #1471, #8678, #9796, .T. ) ;
#5482 = ORIENTED_EDGE ( 'NONE', *, *, #805, .F. ) ;
#5483 = ORIENTED_EDGE ( 'NONE', *, *, #9562, .F. ) ;
#5484 = ORIENTED_EDGE ( 'NONE', *, *, #5244, .F. ) ;
#5485 = EDGE_CURVE ( 'NONE', #6844, #740, #5439, .T. ) ;
#5486 = AXIS2_PLACEMENT_3D ( 'NONE', #4596, #1092, #8802 ) ;
#5487 = FACE_OUTER_BOUND ( 'NONE', #1357, .T. ) ;
#5488 = CARTESIAN_POINT ( 'NONE',  ( 42.42640687119286014, -6.000000000000000000, 1.524678165548779904E-13 ) ) ;
#5489 =( LENGTH_UNIT ( ) NAMED_UNIT ( * ) SI_UNIT ( .MILLI., .METRE. ) );
#5490 = LINE ( 'NONE', #2460, #4415 ) ;
#5491 = ORIENTED_EDGE ( 'NONE', *, *, #442, .T. ) ;
#5492 = CARTESIAN_POINT ( 'NONE',  ( -55.36302391118354649, 118.3575743852998841, 17.32520401992313097 ) ) ;
#5493 = CARTESIAN_POINT ( 'NONE',  ( -64.00694410957888181, 51.00000000000000711, -11.99999999999928768 ) ) ;
#5494 = ORIENTED_EDGE ( 'NONE', *, *, #9697, .F. ) ;
#5495 = ORIENTED_EDGE ( 'NONE', *, *, #6473, .T. ) ;
#5496 = ADVANCED_FACE ( 'NONE', ( #5961 ), #1849, .T. ) ;
#5497 = ORIENTED_EDGE ( 'NONE', *, *, #225, .F. ) ;
#5498 = AXIS2_PLACEMENT_3D ( 'NONE', #8556, #10098, #4259 ) ;
#5499 = ORIENTED_EDGE ( 'NONE', *, *, #7641, .F. ) ;
#5500 = CIRCLE ( 'NONE', #681, 73.00000000000001421 ) ;
#5501 = SURFACE_STYLE_FILL_AREA ( #6943 ) ;
#5502 = EDGE_LOOP ( 'NONE', ( #1385, #10672, #7383, #2976 ) ) ;
#5503 = CARTESIAN_POINT ( 'NONE',  ( -63.91067609231115654, 93.35786437626902057, -5.000000000000230926 ) ) ;
#5504 = AXIS2_PLACEMENT_3D ( 'NONE', #7370, #4806, #5586 ) ;
#5505 = SURFACE_SIDE_STYLE ('',( #2006 ) ) ;
#5506 = ORIENTED_EDGE ( 'NONE', *, *, #6104, .T. ) ;
#5507 = FILL_AREA_STYLE ('',( #10585 ) ) ;
#5508 = CARTESIAN_POINT ( 'NONE',  ( -4.189777606611744880E-14, 0.000000000000000000, -11.99999999999995737 ) ) ;
#5509 = ORIENTED_EDGE ( 'NONE', *, *, #1715, .F. ) ;
#5510 = ORIENTED_EDGE ( 'NONE', *, *, #3288, .F. ) ;
#5511 = ORIENTED_EDGE ( 'NONE', *, *, #8976, .F. ) ;
#5512 = CARTESIAN_POINT ( 'NONE',  ( 21.75273962143080908, 118.8896745639160457, -69.68394591948712957 ) ) ;
#5513 = VERTEX_POINT ( 'NONE', #10673 ) ;
#5514 = LINE ( 'NONE', #7355, #8282 ) ;
#5515 = VECTOR ( 'NONE', #2902, 1000.000000000000000 ) ;
#5516 = VERTEX_POINT ( 'NONE', #641 ) ;
#5517 = CARTESIAN_POINT ( 'NONE',  ( -2.081668171172168513E-14, 33.00000000000000000, 48.08326112068521496 ) ) ;
#5518 =( NAMED_UNIT ( * ) SI_UNIT ( $, .STERADIAN. ) SOLID_ANGLE_UNIT ( ) );
#5519 = EDGE_CURVE ( 'NONE', #5533, #2343, #5029, .T. ) ;
#5520 = SURFACE_STYLE_USAGE ( .BOTH. , #3778 ) ;
#5521 = DIRECTION ( 'NONE',  ( -0.7071067811865474617, 0.000000000000000000, -0.7071067811865476838 ) ) ;
#5522 = ORIENTED_EDGE ( 'NONE', *, *, #6408, .F. ) ;
#5523 = DIRECTION ( 'NONE',  ( -0.000000000000000000, -1.000000000000000000, -0.000000000000000000 ) ) ;
#5524 = VERTEX_POINT ( 'NONE', #1465 ) ;
#5525 = CARTESIAN_POINT ( 'NONE',  ( 0.000000000000000000, 51.00000000000000711, -73.00000000000001421 ) ) ;
#5526 = EDGE_LOOP ( 'NONE', ( #1423, #10804, #9687, #7887 ) ) ;
#5527 = SURFACE_STYLE_FILL_AREA ( #2854 ) ;
#5528 = ORIENTED_EDGE ( 'NONE', *, *, #6527, .F. ) ;
#5529 = CARTESIAN_POINT ( 'NONE',  ( 56.77082372811428712, 119.0885512943997071, -11.96303180294337665 ) ) ;
#5530 = LINE ( 'NONE', #4649, #10011 ) ;
#5531 = PLANE ( 'NONE',  #10079 ) ;
#5532 = EDGE_LOOP ( 'NONE', ( #3013, #4835 ) ) ;
#5533 = VERTEX_POINT ( 'NONE', #2198 ) ;
#5534 = CARTESIAN_POINT ( 'NONE',  ( 19.39573485219600002, 125.4230954411308687, -70.37662295983353999 ) ) ;
#5535 = CARTESIAN_POINT ( 'NONE',  ( 48.75010186514683852, 121.2423449557189770, 54.33624543652059913 ) ) ;
#5536 = EDGE_CURVE ( 'NONE', #10542, #3386, #1587, .T. ) ;
#5537 = CIRCLE ( 'NONE', #5912, 6.000000000000000000 ) ;
#5538 = CARTESIAN_POINT ( 'NONE',  ( 63.91067609231115654, 110.4999999999999858, 6.694287987874572456E-13 ) ) ;
#5539 = EDGE_CURVE ( 'NONE', #2020, #4543, #7940, .T. ) ;
#5540 = FACE_OUTER_BOUND ( 'NONE', #4181, .T. ) ;
#5541 = EDGE_LOOP ( 'NONE', ( #1685, #10636, #9316, #4472 ) ) ;
#5542 = CARTESIAN_POINT ( 'NONE',  ( 69.63466869056074415, 119.0916423889935629, -21.90966249218332607 ) ) ;
#5543 = EDGE_CURVE ( 'NONE', #8639, #10153, #288, .T. ) ;
#5544 = VECTOR ( 'NONE', #6476, 1000.000000000000000 ) ;
#5545 = CARTESIAN_POINT ( 'NONE',  ( -12.00000000000026112, 72.00000000000000000, 4.189777606611850903E-14 ) ) ;
#5546 = AXIS2_PLACEMENT_3D ( 'NONE', #8170, #1461, #10731 ) ;
#5547 = ORIENTED_EDGE ( 'NONE', *, *, #7191, .T. ) ;
#5548 = EDGE_CURVE ( 'NONE', #8565, #444, #10324, .T. ) ;
#5549 = ADVANCED_FACE ( 'NONE', ( #3457 ), #8242, .F. ) ;
#5550 = CARTESIAN_POINT ( 'NONE',  ( 62.20458146424517309, 72.00000000000000000, -12.00000000000027001 ) ) ;
#5551 = CARTESIAN_POINT ( 'NONE',  ( 17.90653784704502627, 125.4489532522287902, -70.87088955847643490 ) ) ;
#5552 = CARTESIAN_POINT ( 'NONE',  ( 63.91067609231115654, 107.4989999999999810, -3.949999999999319389 ) ) ;
#5553 = PRESENTATION_LAYER_ASSIGNMENT (  '', '', ( #9151 ) ) ;
#5554 =( NAMED_UNIT ( * ) SI_UNIT ( $, .STERADIAN. ) SOLID_ANGLE_UNIT ( ) );
#5555 = LINE ( 'NONE', #2143, #10718 ) ;
#5556 = DIRECTION ( 'NONE',  ( 0.000000000000000000, -1.000000000000000000, 0.000000000000000000 ) ) ;
#5557 = CIRCLE ( 'NONE', #455, 71.00000000000001421 ) ;
#5558 = CARTESIAN_POINT ( 'NONE',  ( 0.000000000000000000, 0.000000000000000000, 0.000000000000000000 ) ) ;
#5559 = CARTESIAN_POINT ( 'NONE',  ( 21.21191961905079637, 124.6386556455850609, -69.85056095900745277 ) ) ;
#5560 = CARTESIAN_POINT ( 'NONE',  ( 49.04960386583420018, 119.7498486088357481, 54.06612829111232799 ) ) ;
#5561 =( GEOMETRIC_REPRESENTATION_CONTEXT ( 3 ) GLOBAL_UNCERTAINTY_ASSIGNED_CONTEXT ( ( #920 ) ) GLOBAL_UNIT_ASSIGNED_CONTEXT ( ( #1449, #1561, #6674 ) ) REPRESENTATION_CONTEXT ( 'NONE', 'WORKASPACE' ) );
#5562 = LINE ( 'NONE', #8931, #7166 ) ;
#5563 = VECTOR ( 'NONE', #3822, 1000.000000000000000 ) ;
#5564 = CARTESIAN_POINT ( 'NONE',  ( 71.43161982686659428, 121.2423449557190480, -15.05070393403568652 ) ) ;
#5565 = DIRECTION ( 'NONE',  ( 0.7071067811865479058, 0.000000000000000000, -0.7071067811865470176 ) ) ;
#5566 = CARTESIAN_POINT ( 'NONE',  ( -38.14350014734867500, 121.5000000000000000, -43.72964371872242140 ) ) ;
#5567 = ADVANCED_FACE ( 'NONE', ( #2528, #7416 ), #1400, .T. ) ;
#5568 = DIRECTION ( 'NONE',  ( 3.469446951953613696E-16, -0.000000000000000000, 1.000000000000000000 ) ) ;
#5569 = LINE ( 'NONE', #6736, #7019 ) ;
#5570 = DIRECTION ( 'NONE',  ( -0.000000000000000000, -1.000000000000000000, -0.000000000000000000 ) ) ;
#5571 = LINE ( 'NONE', #10709, #5173 ) ;
#5572 = COLOUR_RGB ( '',1.000000000000000000, 1.000000000000000000, 1.000000000000000000 ) ;
#5573 = AXIS2_PLACEMENT_3D ( 'NONE', #7279, #8110, #8930 ) ;
#5574 = DIRECTION ( 'NONE',  ( 0.000000000000000000, -0.000000000000000000, 1.000000000000000000 ) ) ;
#5575 = FACE_OUTER_BOUND ( 'NONE', #6832, .T. ) ;
#5576 = DIRECTION ( 'NONE',  ( 0.2588190451025298988, 0.000000000000000000, -0.9659258262890658697 ) ) ;
#5577 = VECTOR ( 'NONE', #1806, 1000.000000000000000 ) ;
#5578 = CARTESIAN_POINT ( 'NONE',  ( -7.590368143691726743, 30.06264826568260773, 57.79494960793657299 ) ) ;
#5579 = CARTESIAN_POINT ( 'NONE',  ( 0.000000000000000000, 0.000000000000000000, 0.000000000000000000 ) ) ;
#5580 = DIRECTION ( 'NONE',  ( 0.000000000000000000, 0.000000000000000000, -1.000000000000000000 ) ) ;
#5581 = FACE_BOUND ( 'NONE', #7226, .T. ) ;
#5582 = STYLED_ITEM ( 'NONE', ( #8487 ), #1337 ) ;
#5583 = CARTESIAN_POINT ( 'NONE',  ( 48.08326112068522207, 48.00000000000000000, -3.469446951953614189E-15 ) ) ;
#5584 = LINE ( 'NONE', #7933, #3342 ) ;
#5585 = CIRCLE ( 'NONE', #4962, 5.000000000000004441 ) ;
#5586 = DIRECTION ( 'NONE',  ( 0.000000000000000000, 0.000000000000000000, 1.000000000000000000 ) ) ;
#5587 = CARTESIAN_POINT ( 'NONE',  ( 8.939921633775675282E-15, -53.00000000000000000, 73.00000000000000000 ) ) ;
#5588 = CARTESIAN_POINT ( 'NONE',  ( -48.75010186514685984, 121.5000000000000000, -54.33624543652059913 ) ) ;
#5589 = DIRECTION ( 'NONE',  ( 0.000000000000000000, 0.000000000000000000, 1.000000000000000000 ) ) ;
#5590 = VERTEX_POINT ( 'NONE', #4775 ) ;
#5591 = ADVANCED_FACE ( 'NONE', ( #6759 ), #796, .T. ) ;
#5592 = CARTESIAN_POINT ( 'NONE',  ( 55.88705400454674788, 125.4229510343008656, -15.51595899435722714 ) ) ;
#5593 = FACE_OUTER_BOUND ( 'NONE', #6437, .T. ) ;
#5594 = VERTEX_POINT ( 'NONE', #4884 ) ;
#5595 = EDGE_CURVE ( 'NONE', #2969, #1280, #10052, .T. ) ;
#5596 = ORIENTED_EDGE ( 'NONE', *, *, #9711, .T. ) ;
#5597 = CARTESIAN_POINT ( 'NONE',  ( 71.38921299372896101, 120.2286596928326645, -15.25090606889548361 ) ) ;
#5598 = ORIENTED_EDGE ( 'NONE', *, *, #8661, .T. ) ;
#5599 = EDGE_CURVE ( 'NONE', #4816, #2589, #1324, .T. ) ;
#5600 = SURFACE_SIDE_STYLE ('',( #3196 ) ) ;
#5601 = CARTESIAN_POINT ( 'NONE',  ( -9.999999999999957367, 51.00000000000000711, 62.00694410957876102 ) ) ;
#5602 = ORIENTED_EDGE ( 'NONE', *, *, #8317, .F. ) ;
#5603 = CARTESIAN_POINT ( 'NONE',  ( -56.93724532572701236, 122.0197087290224260, 11.19452644747089742 ) ) ;
#5604 = CYLINDRICAL_SURFACE ( 'NONE', #10974, 8.000000000000000000 ) ;
#5605 = ORIENTED_EDGE ( 'NONE', *, *, #9683, .T. ) ;
#5606 = CARTESIAN_POINT ( 'NONE',  ( 23.68807716974926336, 0.000000000000000000, -23.68807716974938771 ) ) ;
#5607 = ADVANCED_FACE ( 'NONE', ( #2794 ), #8324, .T. ) ;
#5608 = VERTEX_POINT ( 'NONE', #5839 ) ;
#5609 = DIRECTION ( 'NONE',  ( 0.000000000000000000, 1.000000000000000000, 0.000000000000000000 ) ) ;
#5610 =( NAMED_UNIT ( * ) SI_UNIT ( $, .STERADIAN. ) SOLID_ANGLE_UNIT ( ) );
#5611 = DIRECTION ( 'NONE',  ( 1.000000000000000000, 0.000000000000000000, 0.000000000000000000 ) ) ;
#5612 = EDGE_CURVE ( 'NONE', #4167, #1640, #8733, .T. ) ;
#5613 = ORIENTED_EDGE ( 'NONE', *, *, #1293, .F. ) ;
#5614 = AXIS2_PLACEMENT_3D ( 'NONE', #1763, #3375, #4221 ) ;
#5615 = LINE ( 'NONE', #577, #473 ) ;
#5616 = VECTOR ( 'NONE', #1343, 1000.000000000000000 ) ;
#5617 = ORIENTED_EDGE ( 'NONE', *, *, #383, .T. ) ;
#5618 = CARTESIAN_POINT ( 'NONE',  ( -49.04960386583420018, 119.7498486088357481, -54.06612829111232799 ) ) ;
#5619 = ORIENTED_EDGE ( 'NONE', *, *, #7304, .T. ) ;
#5620 = CARTESIAN_POINT ( 'NONE',  ( 56.28237599009467118, 117.6802805995552461, -14.02002945550357182 ) ) ;
#5621 = EDGE_LOOP ( 'NONE', ( #2157, #3295, #4300, #1356, #9873, #8010, #9223 ) ) ;
#5622 = EDGE_CURVE ( 'NONE', #10968, #4286, #5569, .T. ) ;
#5623 = VERTEX_POINT ( 'NONE', #7540 ) ;
#5624 = CARTESIAN_POINT ( 'NONE',  ( -12.00000000000026112, 13.00000000000000178, 4.189777606611850903E-14 ) ) ;
#5625 = EDGE_LOOP ( 'NONE', ( #6280, #9373, #4995, #8411 ) ) ;
#5626 = ORIENTED_EDGE ( 'NONE', *, *, #4173, .T. ) ;
#5627 = FILL_AREA_STYLE ('',( #10632 ) ) ;
#5628 = CARTESIAN_POINT ( 'NONE',  ( 0.000000000000000000, 107.4989999999999810, -59.96067609231116791 ) ) ;
#5629 = CARTESIAN_POINT ( 'NONE',  ( 21.75367490887612831, 124.1088354730031398, -69.68364697729741408 ) ) ;
#5630 = DIRECTION ( 'NONE',  ( 0.000000000000000000, 0.000000000000000000, 1.000000000000000000 ) ) ;
#5631 = CARTESIAN_POINT ( 'NONE',  ( 53.98433281937383299, 119.5214782096003034, 49.13972124679402498 ) ) ;
#5632 = LINE ( 'NONE', #3188, #1777 ) ;
#5633 = VERTEX_POINT ( 'NONE', #2403 ) ;
#5634 = ORIENTED_EDGE ( 'NONE', *, *, #5086, .F. ) ;
#5635 = CARTESIAN_POINT ( 'NONE',  ( 55.95555808554263422, 125.4497349840401057, -15.26575121791116629 ) ) ;
#5636 = VECTOR ( 'NONE', #7804, 1000.000000000000114 ) ;
#5637 = CLOSED_SHELL ( 'NONE', ( #1337, #8998, #954, #3543, #1288, #3484, #4671, #8085, #5699, #175, #7040, #5496, #1085, #3803, #4368, #347, #5972, #1207, #5370, #5193, #236, #6203, #3836, #8249, #2963, #467, #6754, #1866, #2775, #3775, #4319, #3276, #6391, #4653, #1991, #5307, #449, #58, #10309, #6037, #6989, #4741, #969, #5567, #8618, #1021, #8416, #547, #4814, #3025, #8144, #2048, #8312, #9029, #6869, #5079, #7796, #8819, #3553, #6086, #5930, #9764 ) ) ;
#5638 = ORIENTED_EDGE ( 'NONE', *, *, #9429, .T. ) ;
#5639 = VERTEX_POINT ( 'NONE', #735 ) ;
#5640 = VECTOR ( 'NONE', #4288, 999.9999999999998863 ) ;
#5641 = DIRECTION ( 'NONE',  ( 0.000000000000000000, 1.000000000000000000, 0.000000000000000000 ) ) ;
#5642 = CARTESIAN_POINT ( 'NONE',  ( -58.20458146424551416, 34.49723871439026368, 8.000000000000612843 ) ) ;
#5643 = VERTEX_POINT ( 'NONE', #8392 ) ;
#5644 = CARTESIAN_POINT ( 'NONE',  ( -55.46363594578755851, 125.0194328563234762, 17.00251120799322990 ) ) ;
#5645 = DIRECTION ( 'NONE',  ( 3.469446951953614189E-15, 0.000000000000000000, 1.000000000000000000 ) ) ;
#5646 = DIRECTION ( 'NONE',  ( -0.000000000000000000, -1.000000000000000000, -0.000000000000000000 ) ) ;
#5647 = VECTOR ( 'NONE', #10255, 1000.000000000000000 ) ;
#5648 = CARTESIAN_POINT ( 'NONE',  ( -48.08326112068525049, 31.50000000000000000, -2.775557561562891351E-14 ) ) ;
#5649 = VERTEX_POINT ( 'NONE', #4180 ) ;
#5650 = VERTEX_POINT ( 'NONE', #3333 ) ;
#5651 = CIRCLE ( 'NONE', #2652, 8.000000000000000000 ) ;
#5652 = ADVANCED_FACE ( 'NONE', ( #5144 ), #4115, .F. ) ;
#5653 = PLANE ( 'NONE',  #9512 ) ;
#5654 = ORIENTED_EDGE ( 'NONE', *, *, #8771, .F. ) ;
#5655 = DIRECTION ( 'NONE',  ( 0.7071067811865475727, -0.000000000000000000, 0.7071067811865475727 ) ) ;
#5656 = CARTESIAN_POINT ( 'NONE',  ( 0.000000000000000000, 53.00000000000000711, 0.000000000000000000 ) ) ;
#5657 = CARTESIAN_POINT ( 'NONE',  ( -18.60259560153293279, 122.7769584339245057, 54.96210273478718733 ) ) ;
#5658 = ORIENTED_EDGE ( 'NONE', *, *, #8000, .F. ) ;
#5659 = ORIENTED_EDGE ( 'NONE', *, *, #10501, .F. ) ;
#5660 = LINE ( 'NONE', #3844, #2763 ) ;
#5661 =( LENGTH_UNIT ( ) NAMED_UNIT ( * ) SI_UNIT ( .MILLI., .METRE. ) );
#5662 = PLANE ( 'NONE',  #6697 ) ;
#5663 = CARTESIAN_POINT ( 'NONE',  ( 43.72964354981449020, 121.4985874826541874, 38.14350033561124320 ) ) ;
#5664 = CARTESIAN_POINT ( 'NONE',  ( 22.68151796171983392, 121.7575824981554575, -69.38694937055653611 ) ) ;
#5665 = CARTESIAN_POINT ( 'NONE',  ( -20.57675085431514361, 0.000000000000000000, 67.95290519381379113 ) ) ;
#5666 = EDGE_LOOP ( 'NONE', ( #9088, #3616, #8801, #1514 ) ) ;
#5667 = EDGE_CURVE ( 'NONE', #3786, #10257, #9788, .T. ) ;
#5668 = CIRCLE ( 'NONE', #5275, 71.00000000000001421 ) ;
#5669 = EDGE_CURVE ( 'NONE', #6947, #10752, #7537, .T. ) ;
#5670 = CARTESIAN_POINT ( 'NONE',  ( 54.96170176136497076, 122.7685841802364166, -18.60383166582321124 ) ) ;
#5671 = EDGE_CURVE ( 'NONE', #10254, #9586, #10549, .T. ) ;
#5672 = AXIS2_PLACEMENT_3D ( 'NONE', #2699, #8610, #10344 ) ;
#5673 = VECTOR ( 'NONE', #1052, 1000.000000000000000 ) ;
#5674 = CARTESIAN_POINT ( 'NONE',  ( -48.08326112068525759, 6.983260063331909231E-15, -2.081668171172168513E-14 ) ) ;
#5675 = CARTESIAN_POINT ( 'NONE',  ( -12.00000000000050449, 53.00000000000000711, -69.97856814768353217 ) ) ;
#5676 = VERTEX_POINT ( 'NONE', #5018 ) ;
#5677 = CARTESIAN_POINT ( 'NONE',  ( -41.08284750872500979, 72.00000000000000000, 19.16253729194202293 ) ) ;
#5678 = DIRECTION ( 'NONE',  ( 0.000000000000000000, 1.000000000000000000, 0.000000000000000000 ) ) ;
#5679 = CARTESIAN_POINT ( 'NONE',  ( 39.66863394635191042, 72.00000000000000000, -17.74832372956891646 ) ) ;
#5680 = EDGE_CURVE ( 'NONE', #5478, #1935, #5400, .T. ) ;
#5681 = CARTESIAN_POINT ( 'NONE',  ( 8.541381898081693427E-15, 115.4999999999999858, 69.74567609231115739 ) ) ;
#5682 = AXIS2_PLACEMENT_3D ( 'NONE', #576, #1452, #6494 ) ;
#5683 = VECTOR ( 'NONE', #1403, 1000.000000000000000 ) ;
#5684 = EDGE_CURVE ( 'NONE', #5099, #4624, #621, .T. ) ;
#5685 = CARTESIAN_POINT ( 'NONE',  ( 18.79923228518199707, 120.4559712708449837, -54.89806197622058903 ) ) ;
#5686 =( NAMED_UNIT ( * ) PLANE_ANGLE_UNIT ( ) SI_UNIT ( $, .RADIAN. ) );
#5687 = CARTESIAN_POINT ( 'NONE',  ( -5.000000000000007105, 107.4999999999999858, -70.82372483850309663 ) ) ;
#5688 = EDGE_CURVE ( 'NONE', #8817, #9193, #3660, .T. ) ;
#5689 = PRESENTATION_LAYER_ASSIGNMENT (  '', '', ( #4406 ) ) ;
#5690 = PLANE ( 'NONE',  #4056 ) ;
#5691 = CARTESIAN_POINT ( 'NONE',  ( -48.75010186514683852, 121.2423449557189770, -54.33624543652059913 ) ) ;
#5692 = FACE_OUTER_BOUND ( 'NONE', #1546, .T. ) ;
#5693 = VECTOR ( 'NONE', #8069, 1000.000000000000000 ) ;
#5694 = UNCERTAINTY_MEASURE_WITH_UNIT (LENGTH_MEASURE( 1.000000000000000082E-05 ), #9243, 'distance_accuracy_value', 'NONE');
#5695 = AXIS2_PLACEMENT_3D ( 'NONE', #3978, #2216, #5708 ) ;
#5696 = CARTESIAN_POINT ( 'NONE',  ( -15.02265631979615712, 72.00000000000000000, 66.18446766623708299 ) ) ;
#5697 = CARTESIAN_POINT ( 'NONE',  ( 43.64324716410352067, 122.5197679868202556, 38.23965223791635282 ) ) ;
#5698 = DIRECTION ( 'NONE',  ( 0.7071067811865492381, -0.000000000000000000, 0.7071067811865457964 ) ) ;
#5699 = ADVANCED_FACE ( 'NONE', ( #1454 ), #10563, .F. ) ;
#5700 = AXIS2_PLACEMENT_3D ( 'NONE', #9250, #7716, #2697 ) ;
#5701 = SURFACE_SIDE_STYLE ('',( #10175 ) ) ;
#5702 = MECHANICAL_DESIGN_GEOMETRIC_PRESENTATION_REPRESENTATION (  '', ( #8893 ), #6068 ) ;
#5703 = FACE_OUTER_BOUND ( 'NONE', #1774, .T. ) ;
#5704 = CARTESIAN_POINT ( 'NONE',  ( 0.000000000000000000, 72.00000000000000000, 0.000000000000000000 ) ) ;
#5705 = LINE ( 'NONE', #2168, #1206 ) ;
#5706 = DIRECTION ( 'NONE',  ( -0.000000000000000000, -1.000000000000000000, -0.000000000000000000 ) ) ;
#5707 = LINE ( 'NONE', #6662, #3592 ) ;
#5708 = DIRECTION ( 'NONE',  ( 0.000000000000000000, 0.000000000000000000, 1.000000000000000000 ) ) ;
#5709 = CARTESIAN_POINT ( 'NONE',  ( -71.40506250139422662, 122.5214652262238531, 15.17628655415520456 ) ) ;
#5710 = ORIENTED_EDGE ( 'NONE', *, *, #5477, .T. ) ;
#5711 =( GEOMETRIC_REPRESENTATION_CONTEXT ( 3 ) GLOBAL_UNCERTAINTY_ASSIGNED_CONTEXT ( ( #10562 ) ) GLOBAL_UNIT_ASSIGNED_CONTEXT ( ( #7199, #1305, #3863 ) ) REPRESENTATION_CONTEXT ( 'NONE', 'WORKASPACE' ) );
#5712 = ORIENTED_EDGE ( 'NONE', *, *, #4549, .F. ) ;
#5713 = CARTESIAN_POINT ( 'NONE',  ( -56.94273243253070405, 121.5000000000000142, 11.16841825749757078 ) ) ;
#5714 = SURFACE_SIDE_STYLE ('',( #3029 ) ) ;
#5715 = DIRECTION ( 'NONE',  ( 0.000000000000000000, 0.000000000000000000, 1.000000000000000000 ) ) ;
#5716 = LINE ( 'NONE', #739, #5466 ) ;
#5717 = EDGE_LOOP ( 'NONE', ( #2962, #1073, #3756, #8561, #9040, #9497, #6937 ) ) ;
#5718 = DIRECTION ( 'NONE',  ( 0.000000000000000000, -0.000000000000000000, 1.000000000000000000 ) ) ;
#5719 = CARTESIAN_POINT ( 'NONE',  ( 11.99999999999995737, 51.00000000000000711, -64.00694410957875391 ) ) ;
#5720 = ORIENTED_EDGE ( 'NONE', *, *, #5897, .F. ) ;
#5721 = AXIS2_PLACEMENT_3D ( 'NONE', #7218, #8905, #9819 ) ;
#5722 = VERTEX_POINT ( 'NONE', #8496 ) ;
#5723 = ORIENTED_EDGE ( 'NONE', *, *, #8921, .T. ) ;
#5724 = EDGE_CURVE ( 'NONE', #8664, #8380, #7760, .T. ) ;
#5725 = FACE_OUTER_BOUND ( 'NONE', #5906, .T. ) ;
#5726 = CARTESIAN_POINT ( 'NONE',  ( -71.34744251728916709, 119.7498486088358050, 15.44513884781883206 ) ) ;
#5727 = CARTESIAN_POINT ( 'NONE',  ( 5.000000000000015099, 107.4999999999999858, 5.356552773070933084E-16 ) ) ;
#5728 = EDGE_LOOP ( 'NONE', ( #9462, #5364, #4054, #10500 ) ) ;
#5729 =( NAMED_UNIT ( * ) SI_UNIT ( $, .STERADIAN. ) SOLID_ANGLE_UNIT ( ) );
#5730 = CARTESIAN_POINT ( 'NONE',  ( 36.72341514764447368, 10.00000000000000000, 15.51021171204804006 ) ) ;
#5731 = DIRECTION ( 'NONE',  ( -0.000000000000000000, -1.000000000000000000, -0.000000000000000000 ) ) ;
#5732 = CARTESIAN_POINT ( 'NONE',  ( -66.18446766623713984, 72.00000000000000000, -16.87265631979592939 ) ) ;
#5733 = ORIENTED_EDGE ( 'NONE', *, *, #5519, .T. ) ;
#5734 = CARTESIAN_POINT ( 'NONE',  ( -24.04163056034264301, 82.50000000000000000, -24.04163056034262880 ) ) ;
#5735 = EDGE_LOOP ( 'NONE', ( #6817, #8522, #10782, #5762 ) ) ;
#5736 = ORIENTED_EDGE ( 'NONE', *, *, #5671, .F. ) ;
#5737 = ORIENTED_EDGE ( 'NONE', *, *, #10139, .T. ) ;
#5738 = EDGE_CURVE ( 'NONE', #5927, #10264, #5909, .T. ) ;
#5739 = ORIENTED_EDGE ( 'NONE', *, *, #7848, .F. ) ;
#5740 = AXIS2_PLACEMENT_3D ( 'NONE', #10312, #5258, #6955 ) ;
#5741 = ORIENTED_EDGE ( 'NONE', *, *, #9371, .F. ) ;
#5742 = DIRECTION ( 'NONE',  ( 0.000000000000000000, 0.000000000000000000, 1.000000000000000000 ) ) ;
#5743 = CARTESIAN_POINT ( 'NONE',  ( 0.000000000000000000, 15.00000000000000000, 0.000000000000000000 ) ) ;
#5744 = EDGE_CURVE ( 'NONE', #4661, #4281, #4979, .T. ) ;
#5745 = CARTESIAN_POINT ( 'NONE',  ( -70.32925966996465661, 125.4489532522288187, 19.92792810986906105 ) ) ;
#5746 = ORIENTED_EDGE ( 'NONE', *, *, #5680, .T. ) ;
#5747 = VERTEX_POINT ( 'NONE', #2592 ) ;
#5748 = EDGE_LOOP ( 'NONE', ( #137, #10270, #73, #8763 ) ) ;
#5749 = EDGE_CURVE ( 'NONE', #7082, #264, #3277, .T. ) ;
#5750 = CARTESIAN_POINT ( 'NONE',  ( -71.38914542284139486, 122.7713155858990461, 15.25121723427419340 ) ) ;
#5751 = AXIS2_PLACEMENT_3D ( 'NONE', #7640, #918, #7845 ) ;
#5752 = LINE ( 'NONE', #9196, #6022 ) ;
#5753 = LINE ( 'NONE', #4573, #87 ) ;
#5754 = ORIENTED_EDGE ( 'NONE', *, *, #2627, .F. ) ;
#5755 = VERTEX_POINT ( 'NONE', #2629 ) ;
#5756 = ADVANCED_FACE ( 'NONE', ( #1540 ), #9408, .T. ) ;
#5757 = CARTESIAN_POINT ( 'NONE',  ( -69.47469681122954910, 120.4673962467907415, 22.70464779459292259 ) ) ;
#5758 = DIRECTION ( 'NONE',  ( 0.000000000000000000, -0.000000000000000000, 1.000000000000000000 ) ) ;
#5759 = VERTEX_POINT ( 'NONE', #9368 ) ;
#5760 = ORIENTED_EDGE ( 'NONE', *, *, #1300, .T. ) ;
#5761 = DIRECTION ( 'NONE',  ( -0.7071067811865492381, 0.000000000000000000, -0.7071067811865457964 ) ) ;
#5762 = ORIENTED_EDGE ( 'NONE', *, *, #7848, .T. ) ;
#5763 = AXIS2_PLACEMENT_3D ( 'NONE', #3148, #5655, #7396 ) ;
#5764 = ORIENTED_EDGE ( 'NONE', *, *, #9239, .T. ) ;
#5765 = EDGE_LOOP ( 'NONE', ( #2988, #10112, #7063, #10571 ) ) ;
#5766 = ORIENTED_EDGE ( 'NONE', *, *, #4888, .T. ) ;
#5767 = DIRECTION ( 'NONE',  ( -1.000000000000000000, 0.000000000000000000, 3.491481338843133355E-15 ) ) ;
#5768 = MECHANICAL_DESIGN_GEOMETRIC_PRESENTATION_REPRESENTATION (  '', ( #1578 ), #6698 ) ;
#5769 = CYLINDRICAL_SURFACE ( 'NONE', #2378, 73.00000000000000000 ) ;
#5770 = CARTESIAN_POINT ( 'NONE',  ( 69.38694944914293217, 121.4985874826541874, -22.68151772130954313 ) ) ;
#5771 =( NAMED_UNIT ( * ) PLANE_ANGLE_UNIT ( ) SI_UNIT ( $, .RADIAN. ) );
#5772 =( LENGTH_UNIT ( ) NAMED_UNIT ( * ) SI_UNIT ( .MILLI., .METRE. ) );
#5773 = ORIENTED_EDGE ( 'NONE', *, *, #10363, .F. ) ;
#5774 = CARTESIAN_POINT ( 'NONE',  ( 41.73750169212390659, 125.3188284797963945, 40.27718609622285584 ) ) ;
#5775 = VERTEX_POINT ( 'NONE', #348 ) ;
#5776 = CARTESIAN_POINT ( 'NONE',  ( -12.00000000000048850, 72.00000000000000000, -62.20458146424513046 ) ) ;
#5777 = FACE_OUTER_BOUND ( 'NONE', #6707, .T. ) ;
#5778 = ORIENTED_EDGE ( 'NONE', *, *, #1634, .T. ) ;
#5779 = LINE ( 'NONE', #6178, #2211 ) ;
#5780 = ORIENTED_EDGE ( 'NONE', *, *, #9927, .F. ) ;
#5781 = DIRECTION ( 'NONE',  ( -1.000000000000000000, -1.443099686290235483E-16, 0.000000000000000000 ) ) ;
#5782 = LINE ( 'NONE', #5059, #240 ) ;
#5783 = ORIENTED_EDGE ( 'NONE', *, *, #8448, .F. ) ;
#5784 = EDGE_LOOP ( 'NONE', ( #6548, #3521, #8270, #4563 ) ) ;
#5785 = CARTESIAN_POINT ( 'NONE',  ( 25.95867897095136101, 127.5000000000000000, 46.20765073105412313 ) ) ;
#5786 = DIRECTION ( 'NONE',  ( 0.000000000000000000, 1.000000000000000000, 0.000000000000000000 ) ) ;
#5787 = PRESENTATION_LAYER_ASSIGNMENT (  '', '', ( #5217 ) ) ;
#5788 = CARTESIAN_POINT ( 'NONE',  ( -55.03309650385968155, 123.5612961437242490, 18.39380054653251406 ) ) ;
#5789 = CARTESIAN_POINT ( 'NONE',  ( -30.12269240033350570, 0.000000000000000000, 30.12269240033351281 ) ) ;
#5790 = CYLINDRICAL_SURFACE ( 'NONE', #6062, 1.849999999999997646 ) ;
#5791 = LINE ( 'NONE', #3092, #3547 ) ;
#5792 = CARTESIAN_POINT ( 'NONE',  ( 8.694992273946208141E-15, 109.4999999999999858, 71.00000000000001421 ) ) ;
#5793 = VERTEX_POINT ( 'NONE', #7064 ) ;
#5794 = UNCERTAINTY_MEASURE_WITH_UNIT (LENGTH_MEASURE( 1.000000000000000082E-05 ), #1075, 'distance_accuracy_value', 'NONE');
#5795 = CARTESIAN_POINT ( 'NONE',  ( -70.33405157408336095, 117.5494486574988287, 19.91073304617703599 ) ) ;
#5796 = PLANE ( 'NONE',  #5993 ) ;
#5797 = STYLED_ITEM ( 'NONE', ( #7068 ), #1021 ) ;
#5798 = CARTESIAN_POINT ( 'NONE',  ( -1.387778780781445676E-14, 82.50000000000001421, -48.08326112068525049 ) ) ;
#5799 = DIRECTION ( 'NONE',  ( 0.000000000000000000, 0.000000000000000000, 1.000000000000000000 ) ) ;
#5800 = LINE ( 'NONE', #10757, #5939 ) ;
#5801 = CARTESIAN_POINT ( 'NONE',  ( -50.89090664466226599, 117.6798023100240727, -52.33717400555097043 ) ) ;
#5802 = CIRCLE ( 'NONE', #1498, 52.99999999999999289 ) ;
#5803 = CARTESIAN_POINT ( 'NONE',  ( 48.08326112068522207, 49.50000000000000000, -3.469446951953614189E-15 ) ) ;
#5804 = ORIENTED_EDGE ( 'NONE', *, *, #6468, .T. ) ;
#5805 = CARTESIAN_POINT ( 'NONE',  ( 8.000000000000000000, 33.00000000000000000, -58.20458146424483914 ) ) ;
#5806 = FILL_AREA_STYLE_COLOUR ( '', #5030 ) ;
#5807 = PLANE ( 'NONE',  #3395 ) ;
#5808 = CARTESIAN_POINT ( 'NONE',  ( 0.000000000000000000, 15.00000000000000000, 0.000000000000000000 ) ) ;
#5809 = DIRECTION ( 'NONE',  ( 0.7071067811865474617, 0.000000000000000000, 0.7071067811865476838 ) ) ;
#5810 = EDGE_CURVE ( 'NONE', #10258, #7444, #9219, .T. ) ;
#5811 = LINE ( 'NONE', #6907, #2921 ) ;
#5812 = DIRECTION ( 'NONE',  ( 0.000000000000000000, -0.000000000000000000, 1.000000000000000000 ) ) ;
#5813 = FACE_OUTER_BOUND ( 'NONE', #9348, .T. ) ;
#5814 = ADVANCED_FACE ( 'NONE', ( #2744 ), #9508, .T. ) ;
#5815 = EDGE_CURVE ( 'NONE', #8183, #4263, #234, .T. ) ;
#5816 = FACE_OUTER_BOUND ( 'NONE', #10920, .T. ) ;
#5817 = CARTESIAN_POINT ( 'NONE',  ( 8.000000000000001776, 34.49723871438979472, -58.20458146424483914 ) ) ;
#5818 = FILL_AREA_STYLE_COLOUR ( '', #669 ) ;
#5819 = DIRECTION ( 'NONE',  ( 0.000000000000000000, 0.000000000000000000, -1.000000000000000000 ) ) ;
#5820 = VECTOR ( 'NONE', #8449, 1000.000000000000114 ) ;
#5821 = EDGE_CURVE ( 'NONE', #2757, #7048, #8296, .T. ) ;
#5822 = DIRECTION ( 'NONE',  ( -1.000000000000000000, 0.000000000000000000, -1.047444401652940007E-14 ) ) ;
#5823 = AXIS2_PLACEMENT_3D ( 'NONE', #6515, #1365, #9740 ) ;
#5824 = FACE_OUTER_BOUND ( 'NONE', #53, .T. ) ;
#5825 = FILL_AREA_STYLE ('',( #10868 ) ) ;
#5826 = LINE ( 'NONE', #5324, #9672 ) ;
#5827 = DIRECTION ( 'NONE',  ( 1.000000000000000000, -0.000000000000000000, 0.000000000000000000 ) ) ;
#5828 = CARTESIAN_POINT ( 'NONE',  ( -25.10229073212242668, 72.00000000000000000, -25.10229073212244799 ) ) ;
#5829 = EDGE_CURVE ( 'NONE', #4846, #10527, #9874, .T. ) ;
#5830 = CARTESIAN_POINT ( 'NONE',  ( -28.70847883796041700, 72.00000000000000000, 28.70847883796040989 ) ) ;
#5831 = VECTOR ( 'NONE', #8101, 1000.000000000000000 ) ;
#5832 = CARTESIAN_POINT ( 'NONE',  ( 0.000000000000000000, 107.4999999999999858, 0.000000000000000000 ) ) ;
#5833 = VECTOR ( 'NONE', #7917, 1000.000000000000000 ) ;
#5834 = DIRECTION ( 'NONE',  ( -1.000000000000000000, 0.000000000000000000, 1.047444401652940007E-14 ) ) ;
#5835 = VECTOR ( 'NONE', #6479, 1000.000000000000000 ) ;
#5836 = VECTOR ( 'NONE', #5880, 1000.000000000000000 ) ;
#5837 =( GEOMETRIC_REPRESENTATION_CONTEXT ( 3 ) GLOBAL_UNCERTAINTY_ASSIGNED_CONTEXT ( ( #10202 ) ) GLOBAL_UNIT_ASSIGNED_CONTEXT ( ( #5114, #4197, #1735 ) ) REPRESENTATION_CONTEXT ( 'NONE', 'WORKASPACE' ) );
#5838 = CARTESIAN_POINT ( 'NONE',  ( 7.590368143691726743, 30.06264826568260773, -57.79494960793657299 ) ) ;
#5839 = CARTESIAN_POINT ( 'NONE',  ( 54.33624526761269635, 121.4985874826541874, 48.75010205340944935 ) ) ;
#5840 = SURFACE_STYLE_USAGE ( .BOTH. , #7541 ) ;
#5841 = DIRECTION ( 'NONE',  ( 0.000000000000000000, 0.000000000000000000, 1.000000000000000000 ) ) ;
#5842 = DIRECTION ( 'NONE',  ( -0.000000000000000000, -1.000000000000000000, 0.000000000000000000 ) ) ;
#5843 = DIRECTION ( 'NONE',  ( -0.7071067811865475727, 0.000000000000000000, -0.7071067811865474617 ) ) ;
#5844 = VERTEX_POINT ( 'NONE', #1087 ) ;
#5845 = CARTESIAN_POINT ( 'NONE',  ( 0.000000000000000000, 53.00000000000000711, 0.000000000000000000 ) ) ;
#5846 = MECHANICAL_DESIGN_GEOMETRIC_PRESENTATION_REPRESENTATION (  '', ( #5288 ), #7964 ) ;
#5847 = FACE_BOUND ( 'NONE', #1912, .T. ) ;
#5848 = LINE ( 'NONE', #7794, #6387 ) ;
#5849 = FACE_OUTER_BOUND ( 'NONE', #2452, .T. ) ;
#5850 = ORIENTED_EDGE ( 'NONE', *, *, #5404, .T. ) ;
#5851 = DIRECTION ( 'NONE',  ( -0.000000000000000000, -1.000000000000000000, -0.000000000000000000 ) ) ;
#5852 = CARTESIAN_POINT ( 'NONE',  ( 63.91067609231115654, 93.35786437626902057, 6.694287987874572456E-13 ) ) ;
#5853 = CARTESIAN_POINT ( 'NONE',  ( -39.58826772962502361, 124.9483717528522817, -42.40003162293082539 ) ) ;
#5854 = ORIENTED_EDGE ( 'NONE', *, *, #2990, .T. ) ;
#5855 = AXIS2_PLACEMENT_3D ( 'NONE', #9675, #8012, #7170 ) ;
#5856 = LINE ( 'NONE', #6347, #9168 ) ;
#5857 = ORIENTED_EDGE ( 'NONE', *, *, #10130, .T. ) ;
#5858 = ORIENTED_EDGE ( 'NONE', *, *, #10717, .F. ) ;
#5859 = ADVANCED_FACE ( 'NONE', ( #7502 ), #1132, .F. ) ;
#5860 = CARTESIAN_POINT ( 'NONE',  ( 13.02105962336659495, 117.9684973922954612, -56.53098335749091774 ) ) ;
#5861 = DIRECTION ( 'NONE',  ( -1.047444401652940007E-14, 0.000000000000000000, -1.000000000000000000 ) ) ;
#5862 = ORIENTED_EDGE ( 'NONE', *, *, #7132, .T. ) ;
#5863 = DIRECTION ( 'NONE',  ( 0.000000000000000000, 0.000000000000000000, 1.000000000000000000 ) ) ;
#5864 = CARTESIAN_POINT ( 'NONE',  ( 13.10003050568204941, 118.0703810264163138, -56.50863417752556472 ) ) ;
#5865 = VERTEX_POINT ( 'NONE', #7021 ) ;
#5866 = CARTESIAN_POINT ( 'NONE',  ( 69.97580815918554720, 124.9272040765919769, -20.79501195837529437 ) ) ;
#5867 = VECTOR ( 'NONE', #4352, 1000.000000000000000 ) ;
#5868 = VECTOR ( 'NONE', #4446, 1000.000000000000000 ) ;
#5869 = EDGE_LOOP ( 'NONE', ( #4158, #3760 ) ) ;
#5870 = CARTESIAN_POINT ( 'NONE',  ( -52.33857524380064774, 117.6790451270220217, -50.88947214707717137 ) ) ;
#5871 = EDGE_CURVE ( 'NONE', #7991, #10631, #8677, .T. ) ;
#5872 = EDGE_CURVE ( 'NONE', #8922, #1604, #6175, .T. ) ;
#5873 = CARTESIAN_POINT ( 'NONE',  ( 43.37839902962461025, 119.5231740020645930, 38.53238605413416451 ) ) ;
#5874 = ORIENTED_EDGE ( 'NONE', *, *, #3705, .T. ) ;
#5875 = EDGE_CURVE ( 'NONE', #7618, #10898, #5779, .T. ) ;
#5876 = VERTEX_POINT ( 'NONE', #8681 ) ;
#5877 = CARTESIAN_POINT ( 'NONE',  ( 0.000000000000000000, 13.00000000000000178, 0.000000000000000000 ) ) ;
#5878 = CARTESIAN_POINT ( 'NONE',  ( 0.000000000000000000, 110.4999999999999858, 0.000000000000000000 ) ) ;
#5879 = CARTESIAN_POINT ( 'NONE',  ( 0.000000000000000000, 127.5000000000000000, 0.000000000000000000 ) ) ;
#5880 = DIRECTION ( 'NONE',  ( 0.7071067811865473507, 0.000000000000000000, -0.7071067811865477948 ) ) ;
#5881 = CYLINDRICAL_SURFACE ( 'NONE', #10216, 1.849999999999997424 ) ;
#5882 = ORIENTED_EDGE ( 'NONE', *, *, #6553, .T. ) ;
#5883 = DIRECTION ( 'NONE',  ( -0.000000000000000000, 1.000000000000000000, -0.000000000000000000 ) ) ;
#5884 = AXIS2_PLACEMENT_3D ( 'NONE', #1494, #10729, #1390 ) ;
#5885 = ORIENTED_EDGE ( 'NONE', *, *, #4533, .T. ) ;
#5886 = DIRECTION ( 'NONE',  ( -0.000000000000000000, -1.000000000000000000, -0.000000000000000000 ) ) ;
#5887 = VERTEX_POINT ( 'NONE', #2777 ) ;
#5888 = VERTEX_POINT ( 'NONE', #3624 ) ;
#5889 = VERTEX_POINT ( 'NONE', #10469 ) ;
#5890 = EDGE_CURVE ( 'NONE', #957, #8420, #10945, .T. ) ;
#5891 = ORIENTED_EDGE ( 'NONE', *, *, #4960, .F. ) ;
#5892 = MECHANICAL_DESIGN_GEOMETRIC_PRESENTATION_REPRESENTATION (  '', ( #7946 ), #1841 ) ;
#5893 = CARTESIAN_POINT ( 'NONE',  ( 49.13881589394351579, 123.4762997294430704, 53.98515962863626072 ) ) ;
#5894 = CARTESIAN_POINT ( 'NONE',  ( 0.000000000000000000, 109.4999999999999858, 0.000000000000000000 ) ) ;
#5895 = CIRCLE ( 'NONE', #4256, 1.849999999999997424 ) ;
#5896 = ORIENTED_EDGE ( 'NONE', *, *, #4191, .F. ) ;
#5897 = EDGE_CURVE ( 'NONE', #8380, #6522, #6971, .T. ) ;
#5898 = CARTESIAN_POINT ( 'NONE',  ( -22.55859684423937495, 120.4747866318107157, 69.42702886930669592 ) ) ;
#5899 = CARTESIAN_POINT ( 'NONE',  ( -66.18446766623713984, 72.00000000000000000, -13.17265631979592300 ) ) ;
#5900 = VERTEX_POINT ( 'NONE', #9475 ) ;
#5901 = FACE_OUTER_BOUND ( 'NONE', #1941, .T. ) ;
#5902 = EDGE_CURVE ( 'NONE', #10502, #4039, #996, .T. ) ;
#5903 = DIRECTION ( 'NONE',  ( 0.000000000000000000, 0.000000000000000000, 1.000000000000000000 ) ) ;
#5904 = ORIENTED_EDGE ( 'NONE', *, *, #6652, .T. ) ;
#5905 = AXIS2_PLACEMENT_3D ( 'NONE', #5734, #6710, #5781 ) ;
#5906 = EDGE_LOOP ( 'NONE', ( #5907, #336, #5522, #3606 ) ) ;
#5907 = ORIENTED_EDGE ( 'NONE', *, *, #6327, .T. ) ;
#5909 = LINE ( 'NONE', #5141, #6050 ) ;
#5908 = FILL_AREA_STYLE_COLOUR ( '', #10261 ) ;
#5910 = ORIENTED_EDGE ( 'NONE', *, *, #8719, .F. ) ;
#5911 = CARTESIAN_POINT ( 'NONE',  ( -62.00694410957864022, 53.00000000000000711, 11.80236264533374069 ) ) ;
#5912 = AXIS2_PLACEMENT_3D ( 'NONE', #7414, #8331, #10786 ) ;
#5913 = LINE ( 'NONE', #4447, #1532 ) ;
#5914 = CARTESIAN_POINT ( 'NONE',  ( -50.71410410073154651, 117.7552649352297465, -52.50844546747527630 ) ) ;
#5915 = ORIENTED_EDGE ( 'NONE', *, *, #11, .F. ) ;
#5916 = ORIENTED_EDGE ( 'NONE', *, *, #6738, .F. ) ;
#5917 = CARTESIAN_POINT ( 'NONE',  ( -24.04163056034261814, 81.00000000000000000, -24.04163056034265367 ) ) ;
#5918 = FACE_OUTER_BOUND ( 'NONE', #8124, .T. ) ;
#5919 = VECTOR ( 'NONE', #4407, 1000.000000000000000 ) ;
#5920 = EDGE_LOOP ( 'NONE', ( #4226, #1500 ) ) ;
#5921 = AXIS2_PLACEMENT_3D ( 'NONE', #6192, #5223, #1097 ) ;
#5922 = CARTESIAN_POINT ( 'NONE',  ( -70.94493066183657959, 117.9530725312064590, 17.20098873721673982 ) ) ;
#5923 = CARTESIAN_POINT ( 'NONE',  ( 12.00000000000004796, 12.99999999999999822, 69.97856814768361744 ) ) ;
#5924 = CARTESIAN_POINT ( 'NONE',  ( 36.72341514764445947, 0.000000000000000000, 13.38889136848839634 ) ) ;
#5925 =( LENGTH_UNIT ( ) NAMED_UNIT ( * ) SI_UNIT ( .MILLI., .METRE. ) );
#5926 = EDGE_LOOP ( 'NONE', ( #8972, #8768, #8030, #8415 ) ) ;
#5927 = VERTEX_POINT ( 'NONE', #1176 ) ;
#5928 = DIRECTION ( 'NONE',  ( 0.000000000000000000, -0.000000000000000000, 1.000000000000000000 ) ) ;
#5929 = DIRECTION ( 'NONE',  ( 0.000000000000000000, 1.000000000000000000, 0.000000000000000000 ) ) ;
#5930 = ADVANCED_FACE ( 'NONE', ( #6446 ), #7923, .T. ) ;
#5931 = DIRECTION ( 'NONE',  ( 1.000000000000000000, 0.000000000000000000, 0.000000000000000000 ) ) ;
#5932 = PRESENTATION_LAYER_ASSIGNMENT (  '', '', ( #6077 ) ) ;
#5933 = VECTOR ( 'NONE', #3861, 1000.000000000000114 ) ;
#5934 = ORIENTED_EDGE ( 'NONE', *, *, #2562, .F. ) ;
#5935 = VECTOR ( 'NONE', #3301, 1000.000000000000000 ) ;
#5936 = CARTESIAN_POINT ( 'NONE',  ( 48.76939062222761123, 122.0133761480717709, 54.31895767352701654 ) ) ;
#5937 = AXIS2_PLACEMENT_3D ( 'NONE', #259, #10360, #1847 ) ;
#5938 = SURFACE_SIDE_STYLE ('',( #6487 ) ) ;
#5939 = VECTOR ( 'NONE', #8946, 1000.000000000000000 ) ;
#5940 = CARTESIAN_POINT ( 'NONE',  ( 0.000000000000000000, 107.4999999999999858, -71.00000000000001421 ) ) ;
#5941 = LINE ( 'NONE', #10440, #8858 ) ;
#5942 = CARTESIAN_POINT ( 'NONE',  ( -10.60660171779821503, 0.000000000000000000, 10.60660171779821503 ) ) ;
#5943 =( GEOMETRIC_REPRESENTATION_CONTEXT ( 3 ) GLOBAL_UNCERTAINTY_ASSIGNED_CONTEXT ( ( #1833 ) ) GLOBAL_UNIT_ASSIGNED_CONTEXT ( ( #6215, #391, #4475 ) ) REPRESENTATION_CONTEXT ( 'NONE', 'WORKASPACE' ) );
#5944 = ORIENTED_EDGE ( 'NONE', *, *, #2774, .T. ) ;
#5945 = DIRECTION ( 'NONE',  ( 1.000000000000000000, 0.000000000000000000, -3.491481338843133355E-15 ) ) ;
#5946 = EDGE_CURVE ( 'NONE', #5633, #4729, #499, .T. ) ;
#5947 = DIRECTION ( 'NONE',  ( 1.000000000000000000, 0.000000000000000000, -1.047444401652940007E-14 ) ) ;
#5948 = UNCERTAINTY_MEASURE_WITH_UNIT (LENGTH_MEASURE( 1.000000000000000082E-05 ), #2249, 'distance_accuracy_value', 'NONE');
#5949 = CARTESIAN_POINT ( 'NONE',  ( 0.000000000000000000, 0.000000000000000000, 0.000000000000000000 ) ) ;
#5950 = FACE_OUTER_BOUND ( 'NONE', #1954, .T. ) ;
#5951 = CARTESIAN_POINT ( 'NONE',  ( 39.76027725878685004, 117.9544640776244364, 42.23499886112401214 ) ) ;
#5952 = FACE_BOUND ( 'NONE', #10797, .T. ) ;
#5953 = DIRECTION ( 'NONE',  ( -0.7071067811865496822, 0.000000000000000000, -0.7071067811865453523 ) ) ;
#5954 = CARTESIAN_POINT ( 'NONE',  ( 23.68807716974930244, 0.000000000000000000, 23.68807716974934507 ) ) ;
#5955 = DIRECTION ( 'NONE',  ( 0.000000000000000000, 0.000000000000000000, -1.000000000000000000 ) ) ;
#5956 = EDGE_CURVE ( 'NONE', #8546, #10531, #3129, .T. ) ;
#5957 = DIRECTION ( 'NONE',  ( 0.000000000000000000, 1.000000000000000000, 0.000000000000000000 ) ) ;
#5958 = STYLED_ITEM ( 'NONE', ( #295 ), #8085 ) ;
#5959 = SURFACE_STYLE_FILL_AREA ( #9185 ) ;
#5960 = EDGE_CURVE ( 'NONE', #7057, #8566, #1278, .T. ) ;
#5961 = FACE_OUTER_BOUND ( 'NONE', #5784, .T. ) ;
#5962 = EDGE_CURVE ( 'NONE', #7221, #521, #8418, .T. ) ;
#5963 = CARTESIAN_POINT ( 'NONE',  ( 53.67892875956596299, 124.1125163652911851, 49.47328434987302614 ) ) ;
#5964 = CARTESIAN_POINT ( 'NONE',  ( 13.38889136848837680, 10.00000000000000000, 36.72341514764445947 ) ) ;
#5965 =( NAMED_UNIT ( * ) SI_UNIT ( $, .STERADIAN. ) SOLID_ANGLE_UNIT ( ) );
#5966 = DIRECTION ( 'NONE',  ( -0.2588190451025230709, 0.000000000000000000, 0.9659258262890675351 ) ) ;
#5967 = VECTOR ( 'NONE', #3727, 1000.000000000000000 ) ;
#5968 = VECTOR ( 'NONE', #308, 1000.000000000000000 ) ;
#5969 = EDGE_CURVE ( 'NONE', #3517, #6472, #7881, .T. ) ;
#5970 =( NAMED_UNIT ( * ) PLANE_ANGLE_UNIT ( ) SI_UNIT ( $, .RADIAN. ) );
#5971 = DIRECTION ( 'NONE',  ( 0.000000000000000000, 1.000000000000000000, 0.000000000000000000 ) ) ;
#5972 = ADVANCED_FACE ( 'NONE', ( #10406 ), #5385, .F. ) ;
#5973 = DIRECTION ( 'NONE',  ( 0.000000000000000000, 0.000000000000000000, -1.000000000000000000 ) ) ;
#5974 = LINE ( 'NONE', #7476, #1865 ) ;
#5975 = CARTESIAN_POINT ( 'NONE',  ( -30.12269240033350570, 0.000000000000000000, 30.12269240033351281 ) ) ;
#5976 = EDGE_CURVE ( 'NONE', #8239, #6472, #3402, .T. ) ;
#5977 = CIRCLE ( 'NONE', #10783, 1.849999999999997424 ) ;
#5978 = AXIS2_PLACEMENT_3D ( 'NONE', #5704, #1481, #5742 ) ;
#5979 = CARTESIAN_POINT ( 'NONE',  ( 71.32192761272888504, 123.4762997294430846, -15.56288306172318414 ) ) ;
#5980 = CARTESIAN_POINT ( 'NONE',  ( 10.96015510839149343, 0.000000000000000000, 10.96015510839149343 ) ) ;
#5981 = CARTESIAN_POINT ( 'NONE',  ( 38.14350014734866079, 121.5000000000000000, 43.72964371872240008 ) ) ;
#5982 = ORIENTED_EDGE ( 'NONE', *, *, #10860, .T. ) ;
#5983 = CIRCLE ( 'NONE', #649, 71.00000000000001421 ) ;
#5984 = DIRECTION ( 'NONE',  ( 0.000000000000000000, 1.000000000000000000, 0.000000000000000000 ) ) ;
#5985 = CYLINDRICAL_SURFACE ( 'NONE', #6369, 3.949999999999989075 ) ;
#5986 = ORIENTED_EDGE ( 'NONE', *, *, #4625, .F. ) ;
#5987 = PLANE ( 'NONE',  #2255 ) ;
#5988 = CARTESIAN_POINT ( 'NONE',  ( 38.24063348770986437, 122.5298245452606949, 43.64236428105275678 ) ) ;
#5989 = CARTESIAN_POINT ( 'NONE',  ( 0.000000000000000000, -53.00099999999999056, 63.91067609231115654 ) ) ;
#5990 = DIRECTION ( 'NONE',  ( 0.000000000000000000, 1.000000000000000000, 0.000000000000000000 ) ) ;
#5991 = ORIENTED_EDGE ( 'NONE', *, *, #8924, .T. ) ;
#5992 = CARTESIAN_POINT ( 'NONE',  ( -22.68151796172032775, 121.5000000000000426, 69.38694937055642242 ) ) ;
#5993 = AXIS2_PLACEMENT_3D ( 'NONE', #10944, #4, #1686 ) ;
#5994 = CARTESIAN_POINT ( 'NONE',  ( 24.04163056034258616, 82.50000000000000000, 24.04163056034262169 ) ) ;
#5995 = EDGE_LOOP ( 'NONE', ( #4316, #6677, #7600, #446 ) ) ;
#5996 = CARTESIAN_POINT ( 'NONE',  ( -63.91067609231115654, 110.4999999999999858, -2.231429329291523816E-13 ) ) ;
#5997 = LINE ( 'NONE', #6948, #9572 ) ;
#5998 = EDGE_LOOP ( 'NONE', ( #100, #1648, #2247, #1642 ) ) ;
#5999 = CARTESIAN_POINT ( 'NONE',  ( 53.78876921827632174, 123.9132567441152588, 49.35371149058344287 ) ) ;
#6000 = CARTESIAN_POINT ( 'NONE',  ( 0.000000000000000000, 0.000000000000000000, 0.000000000000000000 ) ) ;
#6001 = CARTESIAN_POINT ( 'NONE',  ( -15.05079563574993173, 121.2376102152931168, 71.43160050523599125 ) ) ;
#6002 = ORIENTED_EDGE ( 'NONE', *, *, #3573, .F. ) ;
#6003 = CARTESIAN_POINT ( 'NONE',  ( -11.58704970648850008, 123.5612961437242348, 56.85695989452941035 ) ) ;
#6004 =( GEOMETRIC_REPRESENTATION_CONTEXT ( 3 ) GLOBAL_UNCERTAINTY_ASSIGNED_CONTEXT ( ( #4772 ) ) GLOBAL_UNIT_ASSIGNED_CONTEXT ( ( #7893, #2131, #7052 ) ) REPRESENTATION_CONTEXT ( 'NONE', 'WORKASPACE' ) );
#6005 = EDGE_LOOP ( 'NONE', ( #3685, #7758, #8807, #6684 ) ) ;
#6006 = ORIENTED_EDGE ( 'NONE', *, *, #726, .F. ) ;
#6007 = ORIENTED_EDGE ( 'NONE', *, *, #2435, .T. ) ;
#6008 = CARTESIAN_POINT ( 'NONE',  ( -19.91480399776621368, 117.5505524752647233, 70.33289893183082597 ) ) ;
#6009 = LINE ( 'NONE', #1942, #1372 ) ;
#6010 = CIRCLE ( 'NONE', #10564, 1.849999999999997424 ) ;
#6011 = ORIENTED_EDGE ( 'NONE', *, *, #533, .F. ) ;
#6012 = DIRECTION ( 'NONE',  ( 0.000000000000000000, -0.000000000000000000, 1.000000000000000000 ) ) ;
#6013 = ORIENTED_EDGE ( 'NONE', *, *, #5829, .T. ) ;
#6014 = DIRECTION ( 'NONE',  ( 0.000000000000000000, 0.000000000000000000, 1.000000000000000000 ) ) ;
#6015 = DIRECTION ( 'NONE',  ( 0.000000000000000000, 1.000000000000000000, 0.000000000000000000 ) ) ;
#6016 = ORIENTED_EDGE ( 'NONE', *, *, #9700, .F. ) ;
#6017 = CARTESIAN_POINT ( 'NONE',  ( -43.37839902950185689, 119.5231740017224098, -38.53238605426848551 ) ) ;
#6018 = VERTEX_POINT ( 'NONE', #7152 ) ;
#6019 = ORIENTED_EDGE ( 'NONE', *, *, #3007, .F. ) ;
#6020 = CARTESIAN_POINT ( 'NONE',  ( -62.00694410957888891, 53.00000000000000711, -11.99999999999930722 ) ) ;
#6021 = EDGE_CURVE ( 'NONE', #484, #9297, #860, .T. ) ;
#6022 = VECTOR ( 'NONE', #4127, 1000.000000000000000 ) ;
#6023 = CIRCLE ( 'NONE', #7112, 3.949999999999989075 ) ;
#6024 = ORIENTED_EDGE ( 'NONE', *, *, #10139, .F. ) ;
#6025 = EDGE_CURVE ( 'NONE', #2024, #2324, #9607, .T. ) ;
#6026 = ORIENTED_EDGE ( 'NONE', *, *, #9792, .T. ) ;
#6027 = SURFACE_SIDE_STYLE ('',( #8481 ) ) ;
#6028 = CARTESIAN_POINT ( 'NONE',  ( 54.40015017971108335, 120.4673962467907415, 48.81452846144939173 ) ) ;
#6029 = DIRECTION ( 'NONE',  ( -0.000000000000000000, -1.000000000000000000, -0.000000000000000000 ) ) ;
#6030 = EDGE_LOOP ( 'NONE', ( #698, #7867 ) ) ;
#6031 = CARTESIAN_POINT ( 'NONE',  ( 5.000000000000015099, 53.00000000000000711, 5.356552773070933084E-16 ) ) ;
#6032 = ORIENTED_EDGE ( 'NONE', *, *, #1213, .T. ) ;
#6033 = VERTEX_POINT ( 'NONE', #4837 ) ;
#6034 = EDGE_LOOP ( 'NONE', ( #7972, #2358, #615, #3806 ) ) ;
#6035 = STYLED_ITEM ( 'NONE', ( #10263 ), #2330 ) ;
#6036 = CARTESIAN_POINT ( 'NONE',  ( 0.000000000000000000, -53.00000000000000000, 0.000000000000000000 ) ) ;
#6037 = ADVANCED_FACE ( 'NONE', ( #7488, #4057 ), #9905, .T. ) ;
#6038 = SURFACE_STYLE_FILL_AREA ( #2290 ) ;
#6039 = EDGE_LOOP ( 'NONE', ( #335, #10241, #4804, #737 ) ) ;
#6040 = CARTESIAN_POINT ( 'NONE',  ( -15.05052132459284309, 122.0203950542955198, 71.43165830283444961 ) ) ;
#6041 = UNCERTAINTY_MEASURE_WITH_UNIT (LENGTH_MEASURE( 1.000000000000000082E-05 ), #1034, 'distance_accuracy_value', 'NONE');
#6042 = EDGE_CURVE ( 'NONE', #1253, #8362, #3260, .T. ) ;
#6043 = VERTEX_POINT ( 'NONE', #9864 ) ;
#6044 = EDGE_LOOP ( 'NONE', ( #7339, #3111, #1563, #8283 ) ) ;
#6045 = CARTESIAN_POINT ( 'NONE',  ( -42.42640687119286014, -6.000000000000000000, -4.487298322847499863E-13 ) ) ;
#6046 = DIRECTION ( 'NONE',  ( -0.7071067811865486830, 0.000000000000000000, 0.7071067811865464625 ) ) ;
#6047 = LINE ( 'NONE', #4824, #10837 ) ;
#6048 = EDGE_CURVE ( 'NONE', #3538, #2024, #9078, .T. ) ;
#6049 = DIRECTION ( 'NONE',  ( -0.000000000000000000, -1.000000000000000000, -0.000000000000000000 ) ) ;
#6050 = VECTOR ( 'NONE', #8431, 1000.000000000000000 ) ;
#6051 = ORIENTED_EDGE ( 'NONE', *, *, #4372, .F. ) ;
#6052 = EDGE_CURVE ( 'NONE', #2316, #2409, #5514, .T. ) ;
#6053 = CARTESIAN_POINT ( 'NONE',  ( 10.00000000000004619, 15.00000000000000178, 72.31182475916369867 ) ) ;
#6054 = AXIS2_PLACEMENT_3D ( 'NONE', #199, #2147, #6341 ) ;
#6055 = DIRECTION ( 'NONE',  ( -1.000000000000000000, 0.000000000000000000, 0.000000000000000000 ) ) ;
#6056 = EDGE_LOOP ( 'NONE', ( #1483, #4987 ) ) ;
#6057 = ORIENTED_EDGE ( 'NONE', *, *, #10937, .T. ) ;
#6058 = CARTESIAN_POINT ( 'NONE',  ( 24.04163056034259682, 49.50000000000000000, 24.04163056034260748 ) ) ;
#6059 = PLANE ( 'NONE',  #8442 ) ;
#6060 = LINE ( 'NONE', #3432, #1811 ) ;
#6061 = PLANE ( 'NONE',  #4822 ) ;
#6062 = AXIS2_PLACEMENT_3D ( 'NONE', #6045, #8445, #8473 ) ;
#6063 = CIRCLE ( 'NONE', #999, 8.000000000000000000 ) ;
#6064 = CARTESIAN_POINT ( 'NONE',  ( -57.00694410957868286, 33.00000000000000000, 8.000000000000596856 ) ) ;
#6065 = COLOUR_RGB ( '',1.000000000000000000, 0.5019607843137254832, 0.7529411764705882248 ) ;
#6066 = DIRECTION ( 'NONE',  ( 0.7071067811865469066, -0.000000000000000000, 0.7071067811865482389 ) ) ;
#6067 = ORIENTED_EDGE ( 'NONE', *, *, #9379, .T. ) ;
#6068 =( GEOMETRIC_REPRESENTATION_CONTEXT ( 3 ) GLOBAL_UNCERTAINTY_ASSIGNED_CONTEXT ( ( #2676 ) ) GLOBAL_UNIT_ASSIGNED_CONTEXT ( ( #5661, #9774, #4743 ) ) REPRESENTATION_CONTEXT ( 'NONE', 'WORKASPACE' ) );
#6069 = FILL_AREA_STYLE_COLOUR ( '', #6795 ) ;
#6070 = DIRECTION ( 'NONE',  ( -0.000000000000000000, -1.000000000000000000, -0.000000000000000000 ) ) ;
#6071 = SURFACE_SIDE_STYLE ('',( #2244 ) ) ;
#6072 = CIRCLE ( 'NONE', #4269, 1.849999999999983658 ) ;
#6073 = DIRECTION ( 'NONE',  ( -0.7071067811865476838, 0.000000000000000000, 0.7071067811865474617 ) ) ;
#6074 = LINE ( 'NONE', #7070, #5673 ) ;
#6075 = DIRECTION ( 'NONE',  ( 0.000000000000000000, 0.000000000000000000, 1.000000000000000000 ) ) ;
#6076 = ORIENTED_EDGE ( 'NONE', *, *, #9837, .F. ) ;
#6077 = STYLED_ITEM ( 'NONE', ( #10481 ), #58 ) ;
#6078 = CIRCLE ( 'NONE', #6191, 3.949999999999995293 ) ;
#6079 = DIRECTION ( 'NONE',  ( 0.000000000000000000, 0.000000000000000000, 1.000000000000000000 ) ) ;
#6080 = DIRECTION ( 'NONE',  ( -0.000000000000000000, 1.000000000000000000, -0.000000000000000000 ) ) ;
#6081 = CARTESIAN_POINT ( 'NONE',  ( -30.12269240033361584, 0.000000000000000000, -30.12269240033340267 ) ) ;
#6082 =( NAMED_UNIT ( * ) SI_UNIT ( $, .STERADIAN. ) SOLID_ANGLE_UNIT ( ) );
#6083 = CIRCLE ( 'NONE', #5123, 1.849999999999983658 ) ;
#6084 =( NAMED_UNIT ( * ) SI_UNIT ( $, .STERADIAN. ) SOLID_ANGLE_UNIT ( ) );
#6085 = DIRECTION ( 'NONE',  ( 0.000000000000000000, 0.000000000000000000, -1.000000000000000000 ) ) ;
#6086 = ADVANCED_FACE ( 'NONE', ( #9352 ), #2340, .T. ) ;
#6087 = FACE_BOUND ( 'NONE', #10557, .T. ) ;
#6088 = EDGE_CURVE ( 'NONE', #740, #6844, #9206, .T. ) ;
#6089 = CARTESIAN_POINT ( 'NONE',  ( -57.00694410957870417, 33.00000000000000000, 6.000000000000596856 ) ) ;
#6090 = CYLINDRICAL_SURFACE ( 'NONE', #6682, 6.000000000000000000 ) ;
#6091 = EDGE_CURVE ( 'NONE', #7986, #489, #9742, .T. ) ;
#6092 = CARTESIAN_POINT ( 'NONE',  ( -39.76027725915818678, 117.9544640774111883, -42.23499886076774601 ) ) ;
#6093 = CARTESIAN_POINT ( 'NONE',  ( -24.04163056034263235, 49.50000000000000000, -24.04163056034264301 ) ) ;
#6094 = CYLINDRICAL_SURFACE ( 'NONE', #6401, 1.850000000000004530 ) ;
#6095 = VECTOR ( 'NONE', #10506, 1000.000000000000000 ) ;
#6096 = ADVANCED_FACE ( 'NONE', ( #2068 ), #4071, .T. ) ;
#6097 = CARTESIAN_POINT ( 'NONE',  ( 50.20537555253024919, 117.9780511645802221, 53.12439571018265383 ) ) ;
#6098 = DIRECTION ( 'NONE',  ( 0.000000000000000000, 0.000000000000000000, 1.000000000000000000 ) ) ;
#6099 = DIRECTION ( 'NONE',  ( 0.000000000000000000, 0.000000000000000000, -1.000000000000000000 ) ) ;
#6100 = EDGE_CURVE ( 'NONE', #4729, #6844, #4321, .T. ) ;
#6101 = DIRECTION ( 'NONE',  ( -0.000000000000000000, 1.000000000000000000, 0.000000000000000000 ) ) ;
#6102 = AXIS2_PLACEMENT_3D ( 'NONE', #10806, #3185, #7320 ) ;
#6103 = DIRECTION ( 'NONE',  ( -1.000000000000000000, 0.000000000000000000, 1.047444401652939849E-14 ) ) ;
#6104 = EDGE_CURVE ( 'NONE', #1604, #8922, #4712, .T. ) ;
#6105 = CARTESIAN_POINT ( 'NONE',  ( 9.630973282794125012, 120.5000000000000000, -9.630973282794126789 ) ) ;
#6106 = LINE ( 'NONE', #3993, #5835 ) ;
#6107 = CIRCLE ( 'NONE', #6604, 8.000000000000000000 ) ;
#6108 = PLANE ( 'NONE',  #8822 ) ;
#6109 = AXIS2_PLACEMENT_3D ( 'NONE', #3206, #3178, #5006 ) ;
#6110 = SURFACE_STYLE_USAGE ( .BOTH. , #7775 ) ;
#6111 = CARTESIAN_POINT ( 'NONE',  ( 0.000000000000000000, 93.35786437626902057, 63.91067609231115654 ) ) ;
#6112 = CARTESIAN_POINT ( 'NONE',  ( -16.36060329598003449, 118.5240787878594091, 71.14326281831866083 ) ) ;
#6113 = FILL_AREA_STYLE_COLOUR ( '', #9455 ) ;
#6114 = ORIENTED_EDGE ( 'NONE', *, *, #3702, .T. ) ;
#6115 = CIRCLE ( 'NONE', #1680, 3.949999999999989075 ) ;
#6116 = FACE_OUTER_BOUND ( 'NONE', #9967, .T. ) ;
#6117 = VERTEX_POINT ( 'NONE', #4901 ) ;
#6118 = SURFACE_STYLE_USAGE ( .BOTH. , #9495 ) ;
#6119 = AXIS2_PLACEMENT_3D ( 'NONE', #2614, #2510, #3356 ) ;
#6120 = DIRECTION ( 'NONE',  ( 0.000000000000000000, -1.000000000000000000, 0.000000000000000000 ) ) ;
#6121 = CARTESIAN_POINT ( 'NONE',  ( -50.70950734321305475, 125.2440741791392185, -52.51288321965757433 ) ) ;
#6122 = ORIENTED_EDGE ( 'NONE', *, *, #9566, .T. ) ;
#6123 = AXIS2_PLACEMENT_3D ( 'NONE', #3891, #2199, #9800 ) ;
#6124 = AXIS2_PLACEMENT_3D ( 'NONE', #2567, #7552, #4196 ) ;
#6125 = LINE ( 'NONE', #3623, #4009 ) ;
#6126 = EDGE_LOOP ( 'NONE', ( #464, #4450, #4155, #10813 ) ) ;
#6127 = SURFACE_STYLE_USAGE ( .BOTH. , #5714 ) ;
#6128 = DIRECTION ( 'NONE',  ( -0.7071067811865452413, 0.000000000000000000, 0.7071067811865499042 ) ) ;
#6129 = ORIENTED_EDGE ( 'NONE', *, *, #1895, .F. ) ;
#6130 = ORIENTED_EDGE ( 'NONE', *, *, #956, .T. ) ;
#6131 = EDGE_LOOP ( 'NONE', ( #9637, #8837, #10660, #8950 ) ) ;
#6132 = CARTESIAN_POINT ( 'NONE',  ( 0.000000000000000000, 15.00000000000000000, -48.08326112068525759 ) ) ;
#6133 = CARTESIAN_POINT ( 'NONE',  ( 28.70847883796041700, 0.000000000000000000, -28.70847883796040989 ) ) ;
#6134 = FILL_AREA_STYLE_COLOUR ( '', #2383 ) ;
#6135 = CARTESIAN_POINT ( 'NONE',  ( 15.02265631979615712, 72.00000000000000000, -64.33446766623708868 ) ) ;
#6136 = VECTOR ( 'NONE', #5966, 1000.000000000000227 ) ;
#6137 = VECTOR ( 'NONE', #1876, 1000.000000000000000 ) ;
#6138 = ORIENTED_EDGE ( 'NONE', *, *, #5976, .T. ) ;
#6139 = DIRECTION ( 'NONE',  ( 0.000000000000000000, 1.000000000000000000, 0.000000000000000000 ) ) ;
#6140 = ADVANCED_FACE ( 'NONE', ( #2600, #2461 ), #1458, .F. ) ;
#6141 = CARTESIAN_POINT ( 'NONE',  ( -1.204972080621668936E-12, 0.000000000000000000, -40.57640687119408796 ) ) ;
#6142 = ORIENTED_EDGE ( 'NONE', *, *, #5108, .F. ) ;
#6143 = DIRECTION ( 'NONE',  ( 0.000000000000000000, 0.000000000000000000, -1.000000000000000000 ) ) ;
#6144 = ORIENTED_EDGE ( 'NONE', *, *, #6477, .F. ) ;
#6145 = VERTEX_POINT ( 'NONE', #859 ) ;
#6146 = CARTESIAN_POINT ( 'NONE',  ( -58.20458146424446966, 33.00000000000000000, -7.999999999999391598 ) ) ;
#6147 = FACE_OUTER_BOUND ( 'NONE', #9059, .T. ) ;
#6148 = CARTESIAN_POINT ( 'NONE',  ( -63.91067609231115654, 107.4999999999999858, 3.949999999999766143 ) ) ;
#6149 = DIRECTION ( 'NONE',  ( -1.000000000000000000, 0.000000000000000000, 3.491481338843133355E-15 ) ) ;
#6150 = LINE ( 'NONE', #1800, #9327 ) ;
#6151 = ORIENTED_EDGE ( 'NONE', *, *, #10662, .F. ) ;
#6152 = DIRECTION ( 'NONE',  ( 0.000000000000000000, 0.000000000000000000, 1.000000000000000000 ) ) ;
#6153 = CARTESIAN_POINT ( 'NONE',  ( -18.39103207616477675, 123.5667773864315109, 55.03400467301941745 ) ) ;
#6154 = ORIENTED_EDGE ( 'NONE', *, *, #8493, .T. ) ;
#6155 = AXIS2_PLACEMENT_3D ( 'NONE', #7976, #7314, #10618 ) ;
#6156 = EDGE_LOOP ( 'NONE', ( #9991, #2829, #4049, #4284 ) ) ;
#6157 = ADVANCED_FACE ( 'NONE', ( #4442, #101 ), #5796, .F. ) ;
#6158 = CARTESIAN_POINT ( 'NONE',  ( 71.43279355549721288, 123.5667773864315109, -15.49564437851619481 ) ) ;
#6159 = VERTEX_POINT ( 'NONE', #784 ) ;
#6160 = ORIENTED_EDGE ( 'NONE', *, *, #5872, .T. ) ;
#6161 = VERTEX_POINT ( 'NONE', #8314 ) ;
#6162 = DIRECTION ( 'NONE',  ( 0.000000000000000000, 0.000000000000000000, 1.000000000000000000 ) ) ;
#6163 = DIRECTION ( 'NONE',  ( 0.7071067811865479058, 0.000000000000000000, -0.7071067811865472397 ) ) ;
#6164 = CIRCLE ( 'NONE', #1422, 6.000000000000000000 ) ;
#6165 = ORIENTED_EDGE ( 'NONE', *, *, #6332, .F. ) ;
#6166 = CARTESIAN_POINT ( 'NONE',  ( -53.98210396822092605, 123.4818458615945360, -49.14217112701598467 ) ) ;
#6167 = SURFACE_STYLE_USAGE ( .BOTH. , #2926 ) ;
#6168 = LINE ( 'NONE', #8037, #10398 ) ;
#6169 = SURFACE_SIDE_STYLE ('',( #4347 ) ) ;
#6170 = VERTEX_POINT ( 'NONE', #10069 ) ;
#6171 = ORIENTED_EDGE ( 'NONE', *, *, #3244, .F. ) ;
#6172 = EDGE_CURVE ( 'NONE', #4702, #5623, #6836, .T. ) ;
#6173 =( NAMED_UNIT ( * ) PLANE_ANGLE_UNIT ( ) SI_UNIT ( $, .RADIAN. ) );
#6174 = ORIENTED_EDGE ( 'NONE', *, *, #4264, .F. ) ;
#6175 = CIRCLE ( 'NONE', #8112, 6.000000000000000000 ) ;
#6176 = ORIENTED_EDGE ( 'NONE', *, *, #2292, .F. ) ;
#6177 = EDGE_CURVE ( 'NONE', #2076, #3904, #10931, .T. ) ;
#6178 = CARTESIAN_POINT ( 'NONE',  ( 57.00694410957874680, 33.00000000000000000, -6.000000000000198952 ) ) ;
#6179 = SURFACE_SIDE_STYLE ('',( #3724 ) ) ;
#6180 = VECTOR ( 'NONE', #680, 1000.000000000000000 ) ;
#6181 = VERTEX_POINT ( 'NONE', #7530 ) ;
#6182 = AXIS2_PLACEMENT_3D ( 'NONE', #8604, #1862, #7789 ) ;
#6183 = EDGE_LOOP ( 'NONE', ( #3128, #8406 ) ) ;
#6184 = DIRECTION ( 'NONE',  ( 0.000000000000000000, 0.000000000000000000, 1.000000000000000000 ) ) ;
#6185 = VECTOR ( 'NONE', #146, 1000.000000000000000 ) ;
#6186 = VECTOR ( 'NONE', #9447, 1000.000000000000114 ) ;
#6187 = ORIENTED_EDGE ( 'NONE', *, *, #1044, .F. ) ;
#6188 = DIRECTION ( 'NONE',  ( -0.000000000000000000, 1.000000000000000000, -0.000000000000000000 ) ) ;
#6189 = EDGE_CURVE ( 'NONE', #9439, #5900, #10811, .T. ) ;
#6190 = CARTESIAN_POINT ( 'NONE',  ( 0.000000000000000000, -8.000000000000000000, 0.000000000000000000 ) ) ;
#6191 = AXIS2_PLACEMENT_3D ( 'NONE', #55, #3481, #3421 ) ;
#6192 = CARTESIAN_POINT ( 'NONE',  ( 0.000000000000000000, 109.4999999999999858, 0.000000000000000000 ) ) ;
#6193 = DIRECTION ( 'NONE',  ( 1.256065073714878991E-16, 1.000000000000000000, -1.648588188385822228E-16 ) ) ;
#6194 = ORIENTED_EDGE ( 'NONE', *, *, #10333, .T. ) ;
#6195 = VERTEX_POINT ( 'NONE', #4209 ) ;
#6196 = CARTESIAN_POINT ( 'NONE',  ( -56.85820551392439626, 119.7466563127428003, 11.56446734483939665 ) ) ;
#6197 = CARTESIAN_POINT ( 'NONE',  ( 43.46917597822829293, 10.00000000000000000, 17.92290219283990282 ) ) ;
#6198 = EDGE_CURVE ( 'NONE', #841, #8659, #2202, .T. ) ;
#6199 = STYLED_ITEM ( 'NONE', ( #7782 ), #4497 ) ;
#6200 = FACE_OUTER_BOUND ( 'NONE', #4431, .T. ) ;
#6201 = ORIENTED_EDGE ( 'NONE', *, *, #8168, .T. ) ;
#6202 = VECTOR ( 'NONE', #5014, 1000.000000000000000 ) ;
#6203 = ADVANCED_FACE ( 'NONE', ( #8667, #5238, #3800, #1523 ), #3388, .T. ) ;
#6204 = DIRECTION ( 'NONE',  ( -0.000000000000000000, -1.000000000000000000, -0.000000000000000000 ) ) ;
#6205 = CARTESIAN_POINT ( 'NONE',  ( -16.69644331359047840, 117.9544640778156293, 55.55090959805533402 ) ) ;
#6206 = CARTESIAN_POINT ( 'NONE',  ( 29.97765431706064021, 0.000000000000000000, 57.37392810244902819 ) ) ;
#6207 = CARTESIAN_POINT ( 'NONE',  ( -63.91067609231115654, 107.4999999999999858, -2.231429329291523816E-13 ) ) ;
#6208 = DIRECTION ( 'NONE',  ( 0.000000000000000000, 1.000000000000000000, 0.000000000000000000 ) ) ;
#6209 = DIRECTION ( 'NONE',  ( -1.000000000000000000, 0.000000000000000000, 3.469446951953613696E-16 ) ) ;
#6210 = LINE ( 'NONE', #5954, #1309 ) ;
#6211 = FACE_OUTER_BOUND ( 'NONE', #6044, .T. ) ;
#6212 = ORIENTED_EDGE ( 'NONE', *, *, #1547, .T. ) ;
#6213 = AXIS2_PLACEMENT_3D ( 'NONE', #8599, #1856, #955 ) ;
#6214 = ADVANCED_FACE ( 'NONE', ( #7865 ), #1645, .F. ) ;
#6215 =( LENGTH_UNIT ( ) NAMED_UNIT ( * ) SI_UNIT ( .MILLI., .METRE. ) );
#6216 =( NAMED_UNIT ( * ) PLANE_ANGLE_UNIT ( ) SI_UNIT ( $, .RADIAN. ) );
#6217 = CARTESIAN_POINT ( 'NONE',  ( -5.000000000000007994, 53.00000000000000711, 70.82372483850311085 ) ) ;
#6218 = DIRECTION ( 'NONE',  ( 0.000000000000000000, 0.000000000000000000, 1.000000000000000000 ) ) ;
#6219 = LINE ( 'NONE', #8209, #2782 ) ;
#6220 = AXIS2_PLACEMENT_3D ( 'NONE', #2523, #7572, #8463 ) ;
#6221 = DIRECTION ( 'NONE',  ( 0.000000000000000000, 0.000000000000000000, 1.000000000000000000 ) ) ;
#6222 = DIRECTION ( 'NONE',  ( 0.000000000000000000, 0.000000000000000000, 1.000000000000000000 ) ) ;
#6223 = DIRECTION ( 'NONE',  ( 3.491481338843133355E-15, -0.000000000000000000, 1.000000000000000000 ) ) ;
#6224 = CARTESIAN_POINT ( 'NONE',  ( -54.89806205480706325, 121.4985874826541590, 18.79923204477141496 ) ) ;
#6225 = CARTESIAN_POINT ( 'NONE',  ( -18.79923228518239142, 121.5000000000000426, 54.89806197622046113 ) ) ;
#6226 = FACE_OUTER_BOUND ( 'NONE', #9470, .T. ) ;
#6227 = FILL_AREA_STYLE ('',( #7043 ) ) ;
#6228 = DIRECTION ( 'NONE',  ( -0.000000000000000000, 1.000000000000000000, -0.000000000000000000 ) ) ;
#6229 = EDGE_CURVE ( 'NONE', #722, #10682, #5752, .T. ) ;
#6230 = DIRECTION ( 'NONE',  ( -0.7071067811865476838, 0.000000000000000000, -0.7071067811865474617 ) ) ;
#6231 = EDGE_CURVE ( 'NONE', #346, #7509, #7731, .T. ) ;
#6232 = CARTESIAN_POINT ( 'NONE',  ( -17.86859519736557900, 118.8878885940908674, 55.19563082388263808 ) ) ;
#6233 = SURFACE_STYLE_FILL_AREA ( #8718 ) ;
#6234 = DIRECTION ( 'NONE',  ( 0.000000000000000000, 1.000000000000000000, 0.000000000000000000 ) ) ;
#6235 = EDGE_CURVE ( 'NONE', #2758, #7057, #721, .T. ) ;
#6236 = CARTESIAN_POINT ( 'NONE',  ( 0.000000000000000000, 109.4999999999999858, 0.000000000000000000 ) ) ;
#6237 =( NAMED_UNIT ( * ) SI_UNIT ( $, .STERADIAN. ) SOLID_ANGLE_UNIT ( ) );
#6238 = DIRECTION ( 'NONE',  ( -0.000000000000000000, 1.000000000000000000, 0.000000000000000000 ) ) ;
#6239 = DIRECTION ( 'NONE',  ( 0.000000000000000000, -0.000000000000000000, 1.000000000000000000 ) ) ;
#6240 = AXIS2_PLACEMENT_3D ( 'NONE', #2381, #2348, #4108 ) ;
#6241 = ORIENTED_EDGE ( 'NONE', *, *, #588, .T. ) ;
#6242 = CYLINDRICAL_SURFACE ( 'NONE', #5071, 5.000000000000007994 ) ;
#6243 = VECTOR ( 'NONE', #6774, 1000.000000000000000 ) ;
#6244 = PLANE ( 'NONE',  #815 ) ;
#6245 = DIRECTION ( 'NONE',  ( -3.469446951953613696E-16, 0.000000000000000000, -1.000000000000000000 ) ) ;
#6246 = LINE ( 'NONE', #3967, #2680 ) ;
#6247 = DIRECTION ( 'NONE',  ( 1.000000000000000000, -0.000000000000000000, 0.000000000000000000 ) ) ;
#6248 = DIRECTION ( 'NONE',  ( 0.000000000000000000, 0.000000000000000000, -1.000000000000000000 ) ) ;
#6249 = EDGE_CURVE ( 'NONE', #6744, #7210, #1254, .T. ) ;
#6250 = CARTESIAN_POINT ( 'NONE',  ( 43.72989016812076102, 122.5297787185175054, 38.14322545797590180 ) ) ;
#6251 = MECHANICAL_DESIGN_GEOMETRIC_PRESENTATION_REPRESENTATION (  '', ( #4346 ), #398 ) ;
#6252 = CARTESIAN_POINT ( 'NONE',  ( -25.10229073212241246, 0.000000000000000000, -25.10229073212244089 ) ) ;
#6253 = EDGE_CURVE ( 'NONE', #8420, #6281, #5500, .T. ) ;
#6254 = ORIENTED_EDGE ( 'NONE', *, *, #5599, .F. ) ;
#6255 = CARTESIAN_POINT ( 'NONE',  ( 10.00000000000004441, 51.00000000000000711, 64.00694410957875391 ) ) ;
#6256 = ORIENTED_EDGE ( 'NONE', *, *, #3053, .F. ) ;
#6257 = EDGE_CURVE ( 'NONE', #8492, #9095, #354, .T. ) ;
#6258 = FACE_OUTER_BOUND ( 'NONE', #2308, .T. ) ;
#6259 = ORIENTED_EDGE ( 'NONE', *, *, #2292, .T. ) ;
#6260 = AXIS2_PLACEMENT_3D ( 'NONE', #8329, #5886, #9178 ) ;
#6261 = DIRECTION ( 'NONE',  ( 1.000000000000000000, 0.000000000000000000, 0.000000000000000000 ) ) ;
#6262 = DIRECTION ( 'NONE',  ( 0.000000000000000000, -0.000000000000000000, 1.000000000000000000 ) ) ;
#6263 = DIRECTION ( 'NONE',  ( -0.000000000000000000, 1.000000000000000000, -0.000000000000000000 ) ) ;
#6264 = CARTESIAN_POINT ( 'NONE',  ( -56.89993319470446664, 120.2234528245644753, 11.37045638084844867 ) ) ;
#6265 = EDGE_LOOP ( 'NONE', ( #3500, #10246, #1890, #731 ) ) ;
#6266 = CARTESIAN_POINT ( 'NONE',  ( -5.000000000000007994, 53.00000000000000711, -63.91067609231115654 ) ) ;
#6267 = VERTEX_POINT ( 'NONE', #4357 ) ;
#6268 = EDGE_LOOP ( 'NONE', ( #9451, #2514, #9177, #3731, #8641, #3512 ) ) ;
#6269 = ADVANCED_FACE ( 'NONE', ( #6298 ), #4098, .T. ) ;
#6270 = AXIS2_PLACEMENT_3D ( 'NONE', #10106, #5157, #6012 ) ;
#6271 = VECTOR ( 'NONE', #2914, 1000.000000000000000 ) ;
#6272 = LINE ( 'NONE', #6132, #9042 ) ;
#6273 = ORIENTED_EDGE ( 'NONE', *, *, #7084, .T. ) ;
#6274 = CARTESIAN_POINT ( 'NONE',  ( -24.04163056034262880, -5.777789833161707559E-31, -24.04163056034263946 ) ) ;
#6275 = CARTESIAN_POINT ( 'NONE',  ( -13.10003050569590677, 118.0703810263959070, 56.50863417752228912 ) ) ;
#6276 = ORIENTED_EDGE ( 'NONE', *, *, #1558, .T. ) ;
#6277 = ORIENTED_EDGE ( 'NONE', *, *, #4968, .T. ) ;
#6278 = CARTESIAN_POINT ( 'NONE',  ( -67.95290519381386218, 72.00000000000000000, -20.57675085431490913 ) ) ;
#6279 = CARTESIAN_POINT ( 'NONE',  ( 9.999999999999957367, 53.00000000000000711, -64.00694410957875391 ) ) ;
#6280 = ORIENTED_EDGE ( 'NONE', *, *, #8096, .F. ) ;
#6281 = VERTEX_POINT ( 'NONE', #6932 ) ;
#6282 = CARTESIAN_POINT ( 'NONE',  ( 18.02428069054841586, 123.9123826873152154, -55.14675545431141757 ) ) ;
#6283 = DIRECTION ( 'NONE',  ( -0.7071067811865476838, 0.000000000000000000, 0.7071067811865474617 ) ) ;
#6284 = PRESENTATION_STYLE_ASSIGNMENT (( #2250 ) ) ;
#6285 = VECTOR ( 'NONE', #7648, 1000.000000000000000 ) ;
#6286 = VERTEX_POINT ( 'NONE', #1788 ) ;
#6287 = DIRECTION ( 'NONE',  ( -0.7071067811865471286, 0.000000000000000000, -0.7071067811865480168 ) ) ;
#6288 = ORIENTED_EDGE ( 'NONE', *, *, #3363, .F. ) ;
#6289 = ORIENTED_EDGE ( 'NONE', *, *, #8090, .F. ) ;
#6290 = MANIFOLD_SOLID_BREP ( 'Àôª¬½Æ»s±Æ¦C32', #9162 ) ;
#6291 = DIRECTION ( 'NONE',  ( -0.7071067811865474617, -2.775557561562891351E-17, -0.7071067811865476838 ) ) ;
#6292 = DIRECTION ( 'NONE',  ( 0.000000000000000000, 1.000000000000000000, 0.000000000000000000 ) ) ;
#6293 = CARTESIAN_POINT ( 'NONE',  ( 14.48888739433606965, 127.5000000000000000, -3.882285676537639230 ) ) ;
#6294 = ORIENTED_EDGE ( 'NONE', *, *, #7928, .F. ) ;
#6295 = ORIENTED_EDGE ( 'NONE', *, *, #567, .F. ) ;
#6296 = ADVANCED_BREP_SHAPE_REPRESENTATION ( 'top_v5', ( #6625, #8590, #1530, #4655, #10574, #6290, #9745, #5700 ), #2313 ) ;
#6297 = CARTESIAN_POINT ( 'NONE',  ( 57.00694410957876812, 33.00000000000000000, -1.990386815430677324E-13 ) ) ;
#6298 = FACE_OUTER_BOUND ( 'NONE', #7336, .T. ) ;
#6299 = FACE_BOUND ( 'NONE', #4553, .T. ) ;
#6300 = VERTEX_POINT ( 'NONE', #10260 ) ;
#6301 = DIRECTION ( 'NONE',  ( -1.000000000000000000, 0.000000000000000000, 1.047444401652940007E-14 ) ) ;
#6302 = AXIS2_PLACEMENT_3D ( 'NONE', #8595, #3571, #4379 ) ;
#6303 = EDGE_LOOP ( 'NONE', ( #10768, #732, #2091, #3488 ) ) ;
#6304 = ORIENTED_EDGE ( 'NONE', *, *, #10488, .F. ) ;
#6305 = FACE_OUTER_BOUND ( 'NONE', #9609, .T. ) ;
#6306 = ORIENTED_EDGE ( 'NONE', *, *, #5176, .T. ) ;
#6307 = ORIENTED_EDGE ( 'NONE', *, *, #1697, .F. ) ;
#6308 = ORIENTED_EDGE ( 'NONE', *, *, #2075, .T. ) ;
#6309 = ORIENTED_EDGE ( 'NONE', *, *, #2627, .T. ) ;
#6310 = CARTESIAN_POINT ( 'NONE',  ( -7.590368143691785363, 35.93735173431718266, -57.79494960793645220 ) ) ;
#6311 = CARTESIAN_POINT ( 'NONE',  ( -55.02192998091943821, 119.7531308156017928, 18.41695262427345980 ) ) ;
#6312 = PLANE ( 'NONE',  #8407 ) ;
#6313 = VECTOR ( 'NONE', #8337, 1000.000000000000000 ) ;
#6314 = AXIS2_PLACEMENT_3D ( 'NONE', #3003, #7354, #549 ) ;
#6315 = LINE ( 'NONE', #1792, #4059 ) ;
#6316 = ORIENTED_EDGE ( 'NONE', *, *, #10864, .F. ) ;
#6317 = EDGE_CURVE ( 'NONE', #6033, #7628, #8007, .T. ) ;
#6318 = LINE ( 'NONE', #2818, #5647 ) ;
#6319 = EDGE_LOOP ( 'NONE', ( #2691, #1948, #10141, #2014 ) ) ;
#6320 = ORIENTED_EDGE ( 'NONE', *, *, #2507, .F. ) ;
#6321 = VECTOR ( 'NONE', #9894, 1000.000000000000000 ) ;
#6322 = ORIENTED_EDGE ( 'NONE', *, *, #9779, .T. ) ;
#6323 = DIRECTION ( 'NONE',  ( -0.000000000000000000, 1.000000000000000000, -0.000000000000000000 ) ) ;
#6324 = CARTESIAN_POINT ( 'NONE',  ( 0.000000000000000000, -42.40663761154805655, 0.000000000000000000 ) ) ;
#6325 = CARTESIAN_POINT ( 'NONE',  ( 14.01231550631608158, 125.3188284797318062, -56.28432980396220842 ) ) ;
#6326 = PLANE ( 'NONE',  #9313 ) ;
#6327 = EDGE_CURVE ( 'NONE', #2878, #1760, #6562, .T. ) ;
#6328 = CARTESIAN_POINT ( 'NONE',  ( 15.84301003870635860, 119.0916423889935913, -71.26022331623016726 ) ) ;
#6329 = ORIENTED_EDGE ( 'NONE', *, *, #6052, .T. ) ;
#6330 = ORIENTED_EDGE ( 'NONE', *, *, #977, .F. ) ;
#6331 = AXIS2_PLACEMENT_3D ( 'NONE', #8091, #2033, #8876 ) ;
#6332 = EDGE_CURVE ( 'NONE', #10401, #3753, #8268, .T. ) ;
#6333 = ADVANCED_FACE ( 'NONE', ( #1512 ), #8140, .F. ) ;
#6334 = CARTESIAN_POINT ( 'NONE',  ( 10.60660171779822214, 10.00000000000000000, -10.60660171779821859 ) ) ;
#6336 = CARTESIAN_POINT ( 'NONE',  ( 16.01456616079154571, 125.4510427797605132, -55.75498680865771917 ) ) ;
#6335 = CIRCLE ( 'NONE', #4137, 71.00000000000001421 ) ;
#6337 = DIRECTION ( 'NONE',  ( 0.000000000000000000, -0.000000000000000000, 1.000000000000000000 ) ) ;
#6338 = CIRCLE ( 'NONE', #9878, 1.849999999999997646 ) ;
#6339 = AXIS2_PLACEMENT_3D ( 'NONE', #9199, #10071, #786 ) ;
#6340 = SURFACE_SIDE_STYLE ('',( #5319 ) ) ;
#6341 = DIRECTION ( 'NONE',  ( 0.000000000000000000, 0.000000000000000000, 1.000000000000000000 ) ) ;
#6342 = EDGE_LOOP ( 'NONE', ( #5766, #6968, #1807, #7446 ) ) ;
#6343 = AXIS2_PLACEMENT_3D ( 'NONE', #6585, #8378, #6645 ) ;
#6344 = CARTESIAN_POINT ( 'NONE',  ( -12.00000000000048850, 12.99999999999999822, -62.20458146424513046 ) ) ;
#6345 = DIRECTION ( 'NONE',  ( -0.000000000000000000, -1.000000000000000000, -0.000000000000000000 ) ) ;
#6346 = CARTESIAN_POINT ( 'NONE',  ( -55.55262824248654852, 117.9497805314112071, 16.69059254666046854 ) ) ;
#6347 = CARTESIAN_POINT ( 'NONE',  ( -24.04163056034262880, 15.00000000000000000, -24.04163056034263946 ) ) ;
#6348 = LINE ( 'NONE', #8758, #4752 ) ;
#6349 = ADVANCED_FACE ( 'NONE', ( #3916 ), #7701, .T. ) ;
#6350 = VERTEX_POINT ( 'NONE', #10300 ) ;
#6351 = DIRECTION ( 'NONE',  ( -1.156482317317871449E-14, 0.000000000000000000, -1.000000000000000000 ) ) ;
#6352 = PRESENTATION_LAYER_ASSIGNMENT (  '', '', ( #1578 ) ) ;
#6353 = LINE ( 'NONE', #4437, #1570 ) ;
#6354 = CARTESIAN_POINT ( 'NONE',  ( 29.97765431706064021, 10.00000000000000000, 57.37392810244902819 ) ) ;
#6355 = PRESENTATION_STYLE_ASSIGNMENT (( #6565 ) ) ;
#6356 = CARTESIAN_POINT ( 'NONE',  ( 58.20458146424510915, 34.49723871438995815, -8.000000000000202505 ) ) ;
#6357 = DIRECTION ( 'NONE',  ( 0.000000000000000000, 0.000000000000000000, 1.000000000000000000 ) ) ;
#6358 = CARTESIAN_POINT ( 'NONE',  ( -7.999999999999998224, 31.50276128561032962, -58.20458146424466150 ) ) ;
#6359 = DIRECTION ( 'NONE',  ( -1.000000000000000000, 0.000000000000000000, 0.000000000000000000 ) ) ;
#6360 = CARTESIAN_POINT ( 'NONE',  ( 47.47635696295345298, 10.00000000000000000, 16.09109186667565083 ) ) ;
#6361 = DIRECTION ( 'NONE',  ( -0.000000000000000000, -1.000000000000000000, -0.000000000000000000 ) ) ;
#6362 = DIRECTION ( 'NONE',  ( 1.256065073714878991E-16, 1.000000000000000000, -1.648588188385822228E-16 ) ) ;
#6363 = DIRECTION ( 'NONE',  ( -0.000000000000000000, 1.000000000000000000, -0.000000000000000000 ) ) ;
#6364 = CARTESIAN_POINT ( 'NONE',  ( 54.89806205480693535, 121.4985874826541732, -18.79923204477180931 ) ) ;
#6365 = DIRECTION ( 'NONE',  ( 0.000000000000000000, 0.000000000000000000, 1.000000000000000000 ) ) ;
#6366 = CARTESIAN_POINT ( 'NONE',  ( -5.237222008264708237E-14, 107.4999999999999858, 5.000000000000007994 ) ) ;
#6367 = FACE_OUTER_BOUND ( 'NONE', #10801, .T. ) ;
#6368 = VECTOR ( 'NONE', #6099, 1000.000000000000000 ) ;
#6369 = AXIS2_PLACEMENT_3D ( 'NONE', #4764, #6394, #8086 ) ;
#6370 = CARTESIAN_POINT ( 'NONE',  ( 55.88956960027311993, 117.5760051548885770, -15.50679552387835258 ) ) ;
#6371 = DIRECTION ( 'NONE',  ( -1.000000000000000000, 0.000000000000000000, 1.047444401652939849E-14 ) ) ;
#6372 = CARTESIAN_POINT ( 'NONE',  ( -4.623397510264704913, 53.00000000000000711, -62.00694410957876102 ) ) ;
#6373 = CARTESIAN_POINT ( 'NONE',  ( 18.39628856510162436, 125.4238305153196933, -70.64446321093939218 ) ) ;
#6374 = DIRECTION ( 'NONE',  ( -0.000000000000000000, -1.000000000000000000, 0.000000000000000000 ) ) ;
#6375 = FACE_OUTER_BOUND ( 'NONE', #3354, .T. ) ;
#6376 = ADVANCED_FACE ( 'NONE', ( #9336 ), #6893, .T. ) ;
#6377 = LINE ( 'NONE', #4877, #7301 ) ;
#6378 = VECTOR ( 'NONE', #5731, 1000.000000000000000 ) ;
#6379 = CARTESIAN_POINT ( 'NONE',  ( 34.02121464945722096, 10.00000000000000000, 57.35573842861330007 ) ) ;
#6380 = EDGE_CURVE ( 'NONE', #223, #5876, #602, .T. ) ;
#6381 = CARTESIAN_POINT ( 'NONE',  ( -15.02265631979615712, 0.000000000000000000, 66.18446766623708299 ) ) ;
#6382 = ORIENTED_EDGE ( 'NONE', *, *, #10211, .T. ) ;
#6383 = DIRECTION ( 'NONE',  ( -0.7071067811865474617, 0.000000000000000000, -0.7071067811865476838 ) ) ;
#6384 = EDGE_CURVE ( 'NONE', #4581, #5082, #2054, .T. ) ;
#6385 = CARTESIAN_POINT ( 'NONE',  ( -15.02265631979638805, 72.00000000000000000, -66.18446766623706878 ) ) ;
#6386 = CIRCLE ( 'NONE', #8851, 1.850000000000002753 ) ;
#6387 = VECTOR ( 'NONE', #8686, 1000.000000000000000 ) ;
#6388 = VECTOR ( 'NONE', #7120, 1000.000000000000114 ) ;
#6389 = ORIENTED_EDGE ( 'NONE', *, *, #10053, .T. ) ;
#6390 = CARTESIAN_POINT ( 'NONE',  ( -15.02265631979615712, 72.00000000000000000, 64.33446766623708868 ) ) ;
#6391 = ADVANCED_FACE ( 'NONE', ( #8799 ), #8254, .T. ) ;
#6392 = CARTESIAN_POINT ( 'NONE',  ( -23.68807716974930244, 0.000000000000000000, 23.68807716974943034 ) ) ;
#6393 = EDGE_LOOP ( 'NONE', ( #4595, #8039, #10832, #4695 ) ) ;
#6394 = DIRECTION ( 'NONE',  ( -0.000000000000000000, 1.000000000000000000, -0.000000000000000000 ) ) ;
#6395 = CARTESIAN_POINT ( 'NONE',  ( -11.99999999999996447, 53.00000000000000711, 62.20458146424481782 ) ) ;
#6396 = EDGE_CURVE ( 'NONE', #4861, #3786, #10118, .T. ) ;
#6397 = SURFACE_STYLE_FILL_AREA ( #10405 ) ;
#6398 = LINE ( 'NONE', #8430, #8772 ) ;
#6399 = EDGE_LOOP ( 'NONE', ( #4171, #7096, #8111 ) ) ;
#6400 = SURFACE_STYLE_USAGE ( .BOTH. , #6340 ) ;
#6401 = AXIS2_PLACEMENT_3D ( 'NONE', #8053, #2215, #2991 ) ;
#6402 = CARTESIAN_POINT ( 'NONE',  ( -11.29488668784381566, 122.5197679867046219, 56.91598686671975571 ) ) ;
#6403 = ORIENTED_EDGE ( 'NONE', *, *, #2933, .F. ) ;
#6404 = ORIENTED_EDGE ( 'NONE', *, *, #1333, .F. ) ;
#6405 = CARTESIAN_POINT ( 'NONE',  ( -6.802362645333919211, 37.21044682205650389, 57.00694410957876812 ) ) ;
#6406 = ADVANCED_FACE ( 'NONE', ( #2039 ), #3035, .T. ) ;
#6407 = ORIENTED_EDGE ( 'NONE', *, *, #9784, .F. ) ;
#6408 = EDGE_CURVE ( 'NONE', #2751, #2954, #4819, .T. ) ;
#6409 =( GEOMETRIC_REPRESENTATION_CONTEXT ( 3 ) GLOBAL_UNCERTAINTY_ASSIGNED_CONTEXT ( ( #7662 ) ) GLOBAL_UNIT_ASSIGNED_CONTEXT ( ( #3695, #2102, #10424 ) ) REPRESENTATION_CONTEXT ( 'NONE', 'WORKASPACE' ) );
#6410 = LINE ( 'NONE', #112, #5211 ) ;
#6411 = CARTESIAN_POINT ( 'NONE',  ( 43.46917597822829293, 0.000000000000000000, 16.07290219283991917 ) ) ;
#6412 = CARTESIAN_POINT ( 'NONE',  ( -24.04163056034262880, 15.00000000000000000, -24.04163056034263946 ) ) ;
#6413 = LINE ( 'NONE', #7156, #3628 ) ;
#6414 = EDGE_LOOP ( 'NONE', ( #9515, #10963, #987, #10030 ) ) ;
#6415 = CARTESIAN_POINT ( 'NONE',  ( 17.90769071599221007, 125.3222965543166794, -70.76989634408562324 ) ) ;
#6416 = CARTESIAN_POINT ( 'NONE',  ( 48.84627228797602072, 120.4747866318107015, 54.24983237549563597 ) ) ;
#6417 = ORIENTED_EDGE ( 'NONE', *, *, #10638, .F. ) ;
#6418 = CARTESIAN_POINT ( 'NONE',  ( 5.000000000000007994, 107.4999999999999858, 0.000000000000000000 ) ) ;
#6419 = ORIENTED_EDGE ( 'NONE', *, *, #1475, .T. ) ;
#6420 = STYLED_ITEM ( 'NONE', ( #8034 ), #10309 ) ;
#6421 = ORIENTED_EDGE ( 'NONE', *, *, #3062, .T. ) ;
#6422 = VECTOR ( 'NONE', #1891, 1000.000000000000000 ) ;
#6423 = FACE_OUTER_BOUND ( 'NONE', #9442, .T. ) ;
#6424 = ORIENTED_EDGE ( 'NONE', *, *, #9562, .T. ) ;
#6425 = VERTEX_POINT ( 'NONE', #7844 ) ;
#6426 = CARTESIAN_POINT ( 'NONE',  ( 70.77077557342494174, 117.6798023100241011, -17.90423097312403300 ) ) ;
#6427 = AXIS2_PLACEMENT_3D ( 'NONE', #9613, #5320, #6990 ) ;
#6428 = CARTESIAN_POINT ( 'NONE',  ( -6.802362645334096847, 28.78955317794378388, -57.00694410957876812 ) ) ;
#6429 = ORIENTED_EDGE ( 'NONE', *, *, #5477, .F. ) ;
#6430 = PLANE ( 'NONE',  #345 ) ;
#6431 = CARTESIAN_POINT ( 'NONE',  ( -54.96170176127334628, 122.7685841796726436, 18.60383166610753491 ) ) ;
#6432 = ORIENTED_EDGE ( 'NONE', *, *, #7798, .T. ) ;
#6433 = EDGE_LOOP ( 'NONE', ( #189, #2984, #6680, #6288, #9054, #1657, #2067, #3409, #7208, #10539, #4125, #5528 ) ) ;
#6434 = AXIS2_PLACEMENT_3D ( 'NONE', #7953, #2978, #2911 ) ;
#6435 = ORIENTED_EDGE ( 'NONE', *, *, #701, .F. ) ;
#6436 = VECTOR ( 'NONE', #4385, 1000.000000000000114 ) ;
#6437 = EDGE_LOOP ( 'NONE', ( #6024, #946, #801, #2709 ) ) ;
#6438 = ADVANCED_FACE ( 'NONE', ( #4559 ), #6430, .T. ) ;
#6439 = AXIS2_PLACEMENT_3D ( 'NONE', #1980, #5431, #6357 ) ;
#6440 = CARTESIAN_POINT ( 'NONE',  ( 0.000000000000000000, 107.4999999999999858, 58.91067609231115654 ) ) ;
#6441 = VERTEX_POINT ( 'NONE', #3609 ) ;
#6442 = CARTESIAN_POINT ( 'NONE',  ( 48.81418852415776399, 121.5000000000000000, 54.40033209553151750 ) ) ;
#6443 = ORIENTED_EDGE ( 'NONE', *, *, #2481, .F. ) ;
#6444 = CARTESIAN_POINT ( 'NONE',  ( 18.79923228518199352, 121.4999999999999858, -54.89806197622056061 ) ) ;
#6445 = ORIENTED_EDGE ( 'NONE', *, *, #8702, .T. ) ;
#6446 = FACE_OUTER_BOUND ( 'NONE', #2037, .T. ) ;
#6447 = ORIENTED_EDGE ( 'NONE', *, *, #9510, .T. ) ;
#6448 = CARTESIAN_POINT ( 'NONE',  ( 56.93717891671266074, 120.9786505005585440, -11.19483935109446726 ) ) ;
#6449 = FACE_OUTER_BOUND ( 'NONE', #5621, .T. ) ;
#6450 = CARTESIAN_POINT ( 'NONE',  ( -41.08284750872506663, 72.00000000000000000, -19.16253729194188438 ) ) ;
#6451 = EDGE_LOOP ( 'NONE', ( #9761, #4707 ) ) ;
#6452 = DIRECTION ( 'NONE',  ( 0.7071067811865457964, 0.000000000000000000, -0.7071067811865492381 ) ) ;
#6453 = EDGE_LOOP ( 'NONE', ( #5658, #1307 ) ) ;
#6454 = EDGE_CURVE ( 'NONE', #10968, #8280, #4161, .T. ) ;
#6455 = CARTESIAN_POINT ( 'NONE',  ( 63.91067609231115654, 107.4999999999999858, -3.949999999999319389 ) ) ;
#6456 = EDGE_CURVE ( 'NONE', #7749, #10371, #4291, .T. ) ;
#6457 = CIRCLE ( 'NONE', #8734, 3.949999999999988187 ) ;
#6458 = ADVANCED_FACE ( 'NONE', ( #6546 ), #5345, .T. ) ;
#6459 = LINE ( 'NONE', #8916, #4857 ) ;
#6460 = CARTESIAN_POINT ( 'NONE',  ( 54.93813385196126120, 122.5197679867294909, -18.67633462882477957 ) ) ;
#6461 = EDGE_CURVE ( 'NONE', #575, #10407, #832, .T. ) ;
#6462 = FACE_OUTER_BOUND ( 'NONE', #5869, .T. ) ;
#6463 = VERTEX_POINT ( 'NONE', #9812 ) ;
#6464 = ORIENTED_EDGE ( 'NONE', *, *, #3906, .T. ) ;
#6465 = CARTESIAN_POINT ( 'NONE',  ( 70.44539543293326744, 117.5501692463046055, -19.14451346800455767 ) ) ;
#6466 =( NAMED_UNIT ( * ) PLANE_ANGLE_UNIT ( ) SI_UNIT ( $, .RADIAN. ) );
#6467 = CARTESIAN_POINT ( 'NONE',  ( 25.10229073212242668, 13.00000000000000178, 25.10229073212244799 ) ) ;
#6468 = EDGE_CURVE ( 'NONE', #2954, #1760, #6009, .T. ) ;
#6469 = VECTOR ( 'NONE', #10070, 1000.000000000000000 ) ;
#6470 = CARTESIAN_POINT ( 'NONE',  ( -69.38694944914311691, 121.4985874826541590, 22.68151772130905997 ) ) ;
#6471 = PRESENTATION_LAYER_ASSIGNMENT (  '', '', ( #4123 ) ) ;
#6472 = VERTEX_POINT ( 'NONE', #10456 ) ;
#6473 = EDGE_CURVE ( 'NONE', #9179, #4702, #2576, .T. ) ;
#6474 = CARTESIAN_POINT ( 'NONE',  ( -42.42640687119286014, 107.4999999999999858, -1.850000000000446398 ) ) ;
#6475 = DIRECTION ( 'NONE',  ( 0.000000000000000000, 1.000000000000000000, 0.000000000000000000 ) ) ;
#6476 = DIRECTION ( 'NONE',  ( 0.000000000000000000, -1.000000000000000000, 0.000000000000000000 ) ) ;
#6477 = EDGE_CURVE ( 'NONE', #4440, #3107, #2714, .T. ) ;
#6478 = AXIS2_PLACEMENT_3D ( 'NONE', #145, #1783, #5903 ) ;
#6479 = DIRECTION ( 'NONE',  ( 0.000000000000000000, 1.000000000000000000, 0.000000000000000000 ) ) ;
#6480 = CARTESIAN_POINT ( 'NONE',  ( -12.47390384944950270, 124.4718737084512270, 56.65538804168331666 ) ) ;
#6481 = CYLINDRICAL_SURFACE ( 'NONE', #4203, 1.849999999999997424 ) ;
#6482 = CARTESIAN_POINT ( 'NONE',  ( -8.000000000000000000, 33.00000000000000000, 58.20458146424483914 ) ) ;
#6483 = ORIENTED_EDGE ( 'NONE', *, *, #10777, .F. ) ;
#6484 = CARTESIAN_POINT ( 'NONE',  ( 48.08326112068522917, 2.327753354443970006E-15, -3.469446951953614189E-15 ) ) ;
#6485 = DIRECTION ( 'NONE',  ( -0.000000000000000000, 1.000000000000000000, -0.000000000000000000 ) ) ;
#6486 = VECTOR ( 'NONE', #4777, 1000.000000000000000 ) ;
#6487 = SURFACE_STYLE_FILL_AREA ( #812 ) ;
#6488 = ADVANCED_FACE ( 'NONE', ( #1765 ), #1977, .T. ) ;
#6489 = STYLED_ITEM ( 'NONE', ( #9229 ), #10574 ) ;
#6490 =( GEOMETRIC_REPRESENTATION_CONTEXT ( 3 ) GLOBAL_UNCERTAINTY_ASSIGNED_CONTEXT ( ( #8913 ) ) GLOBAL_UNIT_ASSIGNED_CONTEXT ( ( #3987, #8273, #3956 ) ) REPRESENTATION_CONTEXT ( 'NONE', 'WORKASPACE' ) );
#6491 = FACE_OUTER_BOUND ( 'NONE', #4458, .T. ) ;
#6492 = CARTESIAN_POINT ( 'NONE',  ( -39.66863394635191042, 0.000000000000000000, 17.74832372956891646 ) ) ;
#6493 = DIRECTION ( 'NONE',  ( -0.7071067811865476838, 0.000000000000000000, 0.7071067811865474617 ) ) ;
#6494 = DIRECTION ( 'NONE',  ( 0.000000000000000000, 0.000000000000000000, 1.000000000000000000 ) ) ;
#6495 = CARTESIAN_POINT ( 'NONE',  ( 57.00694410957876812, 33.00000000000000000, -1.990386815430677324E-13 ) ) ;
#6496 = AXIS2_PLACEMENT_3D ( 'NONE', #990, #7776, #8621 ) ;
#6497 = DIRECTION ( 'NONE',  ( 0.7071067811865482389, 0.000000000000000000, -0.7071067811865469066 ) ) ;
#6498 = MECHANICAL_DESIGN_GEOMETRIC_PRESENTATION_REPRESENTATION (  '', ( #1966 ), #2907 ) ;
#6499 = COLOUR_RGB ( '',1.000000000000000000, 0.5019607843137254832, 0.7529411764705882248 ) ;
#6500 = CARTESIAN_POINT ( 'NONE',  ( -1.204745520963826659E-12, 127.5010000000000048, -40.57640687119408796 ) ) ;
#6501 = DIRECTION ( 'NONE',  ( 0.000000000000000000, 0.000000000000000000, 1.000000000000000000 ) ) ;
#6502 = CARTESIAN_POINT ( 'NONE',  ( -69.97856814768357481, 72.00000000000000000, 12.00000000000026112 ) ) ;
#6503 = B_SPLINE_CURVE_WITH_KNOTS ( 'NONE', 3,
 ( #8095, #2192, #6448, #2149, #2260, #3931, #9772, #5529, #1323, #458, #1358, #2231, #8131, #3071, #5620, #9688, #4636, #10566, #6370, #3888, #7265, #1299, #8067, #3016, #3046, #8958, #9795, #9020, #10875, #593, #9911, #3110, #9130, #1548 ),
 .UNSPECIFIED., .F., .F.,
 ( 4, 2, 2, 2, 2, 2, 2, 2, 2, 2, 2, 2, 2, 2, 2, 2, 4 ),
 ( 0.000000000000000000, 0.03125000000000009714, 0.06250000000000019429, 0.09375000000000029143, 0.1250000000000003886, 0.1562500000000004996, 0.1875000000000005829, 0.2187500000000006661, 0.2500000000000007772, 0.2812500000000008882, 0.3125000000000007216, 0.3437500000000006106, 0.3750000000000004996, 0.4062500000000003886, 0.4375000000000002220, 0.4687500000000001110, 0.5000000000000000000 ),
 .UNSPECIFIED. ) ;
#6504 = CARTESIAN_POINT ( 'NONE',  ( 15.17941345301654366, -8.000999999999999446, 47.43361699539106269 ) ) ;
#6505 = CARTESIAN_POINT ( 'NONE',  ( -18.41303639521743207, 123.2549693065395786, 55.02318731014398878 ) ) ;
#6506 = ORIENTED_EDGE ( 'NONE', *, *, #3971, .T. ) ;
#6507 = AXIS2_PLACEMENT_3D ( 'NONE', #9011, #9789, #9765 ) ;
#6508 = CARTESIAN_POINT ( 'NONE',  ( 15.51021171204803650, 10.00000000000000000, 36.72341514764446657 ) ) ;
#6509 = LINE ( 'NONE', #2380, #10748 ) ;
#6510 = CIRCLE ( 'NONE', #3700, 6.000000000000000000 ) ;
#6511 = LINE ( 'NONE', #6536, #5037 ) ;
#6512 = EDGE_CURVE ( 'NONE', #1394, #3753, #4031, .T. ) ;
#6513 = DIRECTION ( 'NONE',  ( 0.000000000000000000, 1.000000000000000000, 0.000000000000000000 ) ) ;
#6514 = DIRECTION ( 'NONE',  ( -0.000000000000000000, 1.000000000000000000, 0.000000000000000000 ) ) ;
#6515 = CARTESIAN_POINT ( 'NONE',  ( 63.91067609231115654, 110.4999999999999858, 6.694287987874572456E-13 ) ) ;
#6516 = ORIENTED_EDGE ( 'NONE', *, *, #8156, .F. ) ;
#6517 = VERTEX_POINT ( 'NONE', #266 ) ;
#6518 = CARTESIAN_POINT ( 'NONE',  ( 54.89806205480692824, 121.4985874826541874, -18.79923204477180221 ) ) ;
#6519 = LINE ( 'NONE', #10962, #4918 ) ;
#6520 = ORIENTED_EDGE ( 'NONE', *, *, #6532, .F. ) ;
#6521 = EDGE_CURVE ( 'NONE', #9165, #7618, #1638, .T. ) ;
#6522 = VERTEX_POINT ( 'NONE', #1071 ) ;
#6523 = MECHANICAL_DESIGN_GEOMETRIC_PRESENTATION_REPRESENTATION (  '', ( #5958 ), #445 ) ;
#6524 = CARTESIAN_POINT ( 'NONE',  ( -58.20458146424446255, 34.49723871438948919, -7.999999999999389821 ) ) ;
#6525 = CARTESIAN_POINT ( 'NONE',  ( 36.72341514764445947, 10.00000000000000000, 57.93661858324089309 ) ) ;
#6526 = ORIENTED_EDGE ( 'NONE', *, *, #8943, .F. ) ;
#6527 = EDGE_CURVE ( 'NONE', #3741, #3517, #5615, .T. ) ;
#6528 = FILL_AREA_STYLE_COLOUR ( '', #6499 ) ;
#6529 = DIRECTION ( 'NONE',  ( 0.000000000000000000, 0.000000000000000000, 1.000000000000000000 ) ) ;
#6530 = ORIENTED_EDGE ( 'NONE', *, *, #9839, .T. ) ;
#6531 = PLANE ( 'NONE',  #7044 ) ;
#6532 = EDGE_CURVE ( 'NONE', #1091, #3368, #10663, .T. ) ;
#6533 = LINE ( 'NONE', #4410, #9444 ) ;
#6534 = VECTOR ( 'NONE', #10234, 999.9999999999998863 ) ;
#6535 = ORIENTED_EDGE ( 'NONE', *, *, #6042, .T. ) ;
#6536 = CARTESIAN_POINT ( 'NONE',  ( 15.05070418153031397, 121.4985874826542016, -71.43161977471926605 ) ) ;
#6537 = ORIENTED_EDGE ( 'NONE', *, *, #2075, .F. ) ;
#6538 = ADVANCED_FACE ( 'NONE', ( #7337 ), #7594, .F. ) ;
#6539 = ORIENTED_EDGE ( 'NONE', *, *, #4384, .F. ) ;
#6540 = DIRECTION ( 'NONE',  ( 0.000000000000000000, 0.000000000000000000, 1.000000000000000000 ) ) ;
#6541 = DIRECTION ( 'NONE',  ( 0.000000000000000000, 0.000000000000000000, -1.000000000000000000 ) ) ;
#6542 = EDGE_CURVE ( 'NONE', #9714, #1394, #8784, .T. ) ;
#6543 = EDGE_LOOP ( 'NONE', ( #6483, #3793 ) ) ;
#6544 = ORIENTED_EDGE ( 'NONE', *, *, #7237, .T. ) ;
#6545 = PRESENTATION_LAYER_ASSIGNMENT (  '', '', ( #2788 ) ) ;
#6546 = FACE_OUTER_BOUND ( 'NONE', #1125, .T. ) ;
#6547 = LINE ( 'NONE', #7897, #4292 ) ;
#6548 = ORIENTED_EDGE ( 'NONE', *, *, #7580, .F. ) ;
#6549 = CARTESIAN_POINT ( 'NONE',  ( -14.50631234899389099, 125.4229510342914296, 56.15758800781163984 ) ) ;
#6550 = ORIENTED_EDGE ( 'NONE', *, *, #1994, .F. ) ;
#6551 = CARTESIAN_POINT ( 'NONE',  ( -1.387778780781445676E-14, 82.50000000000001421, -48.08326112068525049 ) ) ;
#6552 = ORIENTED_EDGE ( 'NONE', *, *, #2868, .F. ) ;
#6553 = EDGE_CURVE ( 'NONE', #10752, #9595, #3105, .T. ) ;
#6554 = STYLED_ITEM ( 'NONE', ( #3673 ), #5079 ) ;
#6555 = ORIENTED_EDGE ( 'NONE', *, *, #7870, .F. ) ;
#6556 = ORIENTED_EDGE ( 'NONE', *, *, #10496, .F. ) ;
#6557 = DIRECTION ( 'NONE',  ( -1.000000000000000000, 0.000000000000000000, 0.000000000000000000 ) ) ;
#6558 = PLANE ( 'NONE',  #269 ) ;
#6559 = CARTESIAN_POINT ( 'NONE',  ( -3.005988244198139631E-13, -6.000000000000000000, 42.42640687119286724 ) ) ;
#6560 = DIRECTION ( 'NONE',  ( 0.000000000000000000, -1.000000000000000000, 0.000000000000000000 ) ) ;
#6561 = CARTESIAN_POINT ( 'NONE',  ( 1.745740669421569518E-14, 53.00000000000000711, -5.000000000000007994 ) ) ;
#6562 = LINE ( 'NONE', #6058, #963 ) ;
#6563 = LINE ( 'NONE', #5503, #355 ) ;
#6564 = ORIENTED_EDGE ( 'NONE', *, *, #10507, .T. ) ;
#6565 = SURFACE_STYLE_USAGE ( .BOTH. , #5701 ) ;
#6566 = ORIENTED_EDGE ( 'NONE', *, *, #838, .T. ) ;
#6567 = ORIENTED_EDGE ( 'NONE', *, *, #10730, .T. ) ;
#6568 = ORIENTED_EDGE ( 'NONE', *, *, #10595, .T. ) ;
#6569 = ORIENTED_EDGE ( 'NONE', *, *, #3973, .F. ) ;
#6570 = EDGE_LOOP ( 'NONE', ( #3385, #9604 ) ) ;
#6571 = COLOUR_RGB ( '',1.000000000000000000, 0.5019607843137254832, 0.7529411764705882248 ) ;
#6572 = CARTESIAN_POINT ( 'NONE',  ( 15.17941345301654366, 0.000000000000000000, 42.43361699539106269 ) ) ;
#6573 = LINE ( 'NONE', #7184, #5515 ) ;
#6574 = ORIENTED_EDGE ( 'NONE', *, *, #1829, .T. ) ;
#6575 = CARTESIAN_POINT ( 'NONE',  ( -56.94273243253070405, 121.5000000000000142, 11.16841825749756900 ) ) ;
#6576 = CARTESIAN_POINT ( 'NONE',  ( 0.000000000000000000, 115.4999999999999858, -69.74567609231115739 ) ) ;
#6577 = LINE ( 'NONE', #237, #4460 ) ;
#6578 = CARTESIAN_POINT ( 'NONE',  ( -70.64581074187320553, 125.4230954411308971, 18.39111237284721767 ) ) ;
#6579 = ORIENTED_EDGE ( 'NONE', *, *, #5872, .F. ) ;
#6580 = ORIENTED_EDGE ( 'NONE', *, *, #6512, .F. ) ;
#6582 = CARTESIAN_POINT ( 'NONE',  ( -25.10229073212236273, 53.00000000000000711, 25.10229073212251549 ) ) ;
#6581 = VECTOR ( 'NONE', #284, 1000.000000000000000 ) ;
#6583 = AXIS2_PLACEMENT_3D ( 'NONE', #4534, #9706, #4647 ) ;
#6584 = ORIENTED_EDGE ( 'NONE', *, *, #588, .F. ) ;
#6585 = CARTESIAN_POINT ( 'NONE',  ( 63.91067609231115654, 127.5000000000000000, 6.694287987874572456E-13 ) ) ;
#6586 = DIRECTION ( 'NONE',  ( -0.7071067811865476838, 0.000000000000000000, 0.7071067811865474617 ) ) ;
#6587 = DIRECTION ( 'NONE',  ( 0.000000000000000000, -1.000000000000000000, 0.000000000000000000 ) ) ;
#6588 = LINE ( 'NONE', #2493, #5124 ) ;
#6589 = CARTESIAN_POINT ( 'NONE',  ( -15.51015875795604870, 125.4236269801546655, 55.88864629804965034 ) ) ;
#6590 = ORIENTED_EDGE ( 'NONE', *, *, #304, .T. ) ;
#6591 = ORIENTED_EDGE ( 'NONE', *, *, #5149, .F. ) ;
#6592 = DIRECTION ( 'NONE',  ( 0.000000000000000000, 0.000000000000000000, 1.000000000000000000 ) ) ;
#6593 = CIRCLE ( 'NONE', #1938, 1.849999999999997424 ) ;
#6594 = VECTOR ( 'NONE', #9758, 1000.000000000000000 ) ;
#6595 = DIRECTION ( 'NONE',  ( 0.000000000000000000, 1.000000000000000000, 0.000000000000000000 ) ) ;
#6596 = CARTESIAN_POINT ( 'NONE',  ( 43.71181371946573790, 122.0148544264666697, 38.16339288544266140 ) ) ;
#6597 = CARTESIAN_POINT ( 'NONE',  ( 63.91067609231115654, 107.4999999999999858, 6.694287987874572456E-13 ) ) ;
#6598 = EDGE_CURVE ( 'NONE', #2295, #6463, #6808, .T. ) ;
#6599 = CARTESIAN_POINT ( 'NONE',  ( 5.000000000000007994, 53.00000000000000711, -63.91067609231115654 ) ) ;
#6600 = FACE_BOUND ( 'NONE', #5532, .T. ) ;
#6601 = ADVANCED_FACE ( 'NONE', ( #2186 ), #7075, .F. ) ;
#6602 = EDGE_CURVE ( 'NONE', #8587, #3399, #8520, .T. ) ;
#6603 = VECTOR ( 'NONE', #9014, 999.9999999999998863 ) ;
#6604 = AXIS2_PLACEMENT_3D ( 'NONE', #7617, #6879, #6772 ) ;
#6605 = FACE_OUTER_BOUND ( 'NONE', #5242, .T. ) ;
#6606 = SURFACE_SIDE_STYLE ('',( #8823 ) ) ;
#6607 = VERTEX_POINT ( 'NONE', #4094 ) ;
#6608 = CARTESIAN_POINT ( 'NONE',  ( -70.86894944294839149, 125.4510427797605132, 17.91421530027552222 ) ) ;
#6609 = EDGE_CURVE ( 'NONE', #5215, #5844, #9844, .T. ) ;
#6610 = CARTESIAN_POINT ( 'NONE',  ( -57.00694410957876812, 33.00000000000000000, 5.971160446292032477E-13 ) ) ;
#6611 = AXIS2_PLACEMENT_3D ( 'NONE', #285, #4605, #10524 ) ;
#6612 = LINE ( 'NONE', #194, #10306 ) ;
#6613 = EDGE_CURVE ( 'NONE', #976, #3107, #4698, .T. ) ;
#6614 = UNCERTAINTY_MEASURE_WITH_UNIT (LENGTH_MEASURE( 1.000000000000000082E-05 ), #3090, 'distance_accuracy_value', 'NONE');
#6615 = SURFACE_STYLE_FILL_AREA ( #6227 ) ;
#6616 = CARTESIAN_POINT ( 'NONE',  ( 15.17941345301654366, -8.000999999999999446, 47.43361699539106269 ) ) ;
#6617 = SURFACE_SIDE_STYLE ('',( #220 ) ) ;
#6618 = CARTESIAN_POINT ( 'NONE',  ( 0.000000000000000000, 51.00000000000000711, 0.000000000000000000 ) ) ;
#6619 = CARTESIAN_POINT ( 'NONE',  ( 16.91659291990129077, 118.0763467038683814, -55.48577128442632755 ) ) ;
#6620 = EDGE_CURVE ( 'NONE', #8587, #4934, #6940, .T. ) ;
#6621 = AXIS2_PLACEMENT_3D ( 'NONE', #4660, #2189, #6301 ) ;
#6622 = CARTESIAN_POINT ( 'NONE',  ( -16.92537064175636985, 124.9483717529183480, 55.48446135718473471 ) ) ;
#6623 = LINE ( 'NONE', #9265, #2932 ) ;
#6624 = CARTESIAN_POINT ( 'NONE',  ( 62.00694410957872549, 13.00000000000000533, -11.80236264533382418 ) ) ;
#6625 = MANIFOLD_SOLID_BREP ( '¶ñ®Æ-¦ùªø1[1]', #1522 ) ;
#6626 = AXIS2_PLACEMENT_3D ( 'NONE', #8364, #4058, #1629 ) ;
#6627 = DIRECTION ( 'NONE',  ( 0.000000000000000000, 0.000000000000000000, -1.000000000000000000 ) ) ;
#6628 = DIRECTION ( 'NONE',  ( 0.000000000000000000, 1.000000000000000000, -0.000000000000000000 ) ) ;
#6629 = CARTESIAN_POINT ( 'NONE',  ( -28.70847883796041700, 0.000000000000000000, 28.70847883796040989 ) ) ;
#6630 = CARTESIAN_POINT ( 'NONE',  ( 6.434615230584167733, 0.000000000000000000, -53.81076957008284012 ) ) ;
#6631 = DIRECTION ( 'NONE',  ( -0.7071067811865476838, 0.000000000000000000, -0.7071067811865474617 ) ) ;
#6632 = STYLED_ITEM ( 'NONE', ( #23 ), #5567 ) ;
#6633 = PLANE ( 'NONE',  #7817 ) ;
#6634 = CARTESIAN_POINT ( 'NONE',  ( 41.08284750872500979, 72.00000000000000000, -19.16253729194202293 ) ) ;
#6635 = CARTESIAN_POINT ( 'NONE',  ( 4.837354856632032238E-16, 92.49999999999998579, 59.96067609231116791 ) ) ;
#6636 = FACE_OUTER_BOUND ( 'NONE', #2595, .T. ) ;
#6637 = FACE_BOUND ( 'NONE', #8903, .T. ) ;
#6638 = AXIS2_PLACEMENT_3D ( 'NONE', #7692, #9387, #4307 ) ;
#6639 =( NAMED_UNIT ( * ) SI_UNIT ( $, .STERADIAN. ) SOLID_ANGLE_UNIT ( ) );
#6640 = EDGE_LOOP ( 'NONE', ( #837, #7882 ) ) ;
#6641 = ORIENTED_EDGE ( 'NONE', *, *, #2435, .F. ) ;
#6642 = ADVANCED_FACE ( 'NONE', ( #6147, #10780 ), #10906, .T. ) ;
#6643 =( LENGTH_UNIT ( ) NAMED_UNIT ( * ) SI_UNIT ( .MILLI., .METRE. ) );
#6644 = FILL_AREA_STYLE ('',( #5908 ) ) ;
#6645 = DIRECTION ( 'NONE',  ( 0.000000000000000000, 0.000000000000000000, 1.000000000000000000 ) ) ;
#6646 = FACE_OUTER_BOUND ( 'NONE', #10643, .T. ) ;
#6647 = CARTESIAN_POINT ( 'NONE',  ( 11.29433216176641253, 120.4775616640058473, -56.91610466446780237 ) ) ;
#6648 = VECTOR ( 'NONE', #9329, 1000.000000000000000 ) ;
#6649 = CIRCLE ( 'NONE', #4036, 71.00000000000001421 ) ;
#6650 = ORIENTED_EDGE ( 'NONE', *, *, #5871, .F. ) ;
#6651 = ORIENTED_EDGE ( 'NONE', *, *, #10864, .T. ) ;
#6652 = EDGE_CURVE ( 'NONE', #3234, #186, #1089, .T. ) ;
#6653 = DIRECTION ( 'NONE',  ( 0.000000000000000000, 0.000000000000000000, -1.000000000000000000 ) ) ;
#6654 = ORIENTED_EDGE ( 'NONE', *, *, #5622, .F. ) ;
#6655 = EDGE_CURVE ( 'NONE', #9843, #3620, #7973, .T. ) ;
#6656 = LINE ( 'NONE', #2827, #6271 ) ;
#6657 = DIRECTION ( 'NONE',  ( -1.000000000000000000, 0.000000000000000000, 0.000000000000000000 ) ) ;
#6658 = FACE_OUTER_BOUND ( 'NONE', #6709, .T. ) ;
#6659 = ORIENTED_EDGE ( 'NONE', *, *, #3050, .T. ) ;
#6660 = DIRECTION ( 'NONE',  ( -0.7071067811865474617, 0.000000000000000000, -0.7071067811865475727 ) ) ;
#6661 = CARTESIAN_POINT ( 'NONE',  ( 43.72972764420048009, 121.7545221335566623, 38.14340660507548364 ) ) ;
#6662 = CARTESIAN_POINT ( 'NONE',  ( -48.08326112068524338, 66.00000000000000000, -3.469446951953614189E-14 ) ) ;
#6663 = SURFACE_STYLE_USAGE ( .BOTH. , #8328 ) ;
#6664 = DIRECTION ( 'NONE',  ( 0.7071067811865474617, 0.000000000000000000, -0.7071067811865475727 ) ) ;
#6665 = VERTEX_POINT ( 'NONE', #2506 ) ;
#6666 = DIRECTION ( 'NONE',  ( -0.7071067811865476838, 0.000000000000000000, -0.7071067811865474617 ) ) ;
#6667 = EDGE_LOOP ( 'NONE', ( #6443, #5509, #2061, #10135 ) ) ;
#6668 = ORIENTED_EDGE ( 'NONE', *, *, #7375, .T. ) ;
#6669 = EDGE_CURVE ( 'NONE', #8859, #7103, #6670, .T. ) ;
#6670 = CIRCLE ( 'NONE', #2117, 1.850000000000004530 ) ;
#6671 = FACE_OUTER_BOUND ( 'NONE', #2492, .T. ) ;
#6672 = ORIENTED_EDGE ( 'NONE', *, *, #708, .F. ) ;
#6673 = AXIS2_PLACEMENT_3D ( 'NONE', #5579, #4798, #9935 ) ;
#6674 =( NAMED_UNIT ( * ) SI_UNIT ( $, .STERADIAN. ) SOLID_ANGLE_UNIT ( ) );
#6675 = EDGE_CURVE ( 'NONE', #8859, #9977, #2701, .T. ) ;
#6676 = SURFACE_STYLE_USAGE ( .BOTH. , #750 ) ;
#6677 = ORIENTED_EDGE ( 'NONE', *, *, #8365, .T. ) ;
#6678 = CARTESIAN_POINT ( 'NONE',  ( -43.19760034465885923, 123.9273460844076880, -38.73140891220387516 ) ) ;
#6679 = EDGE_LOOP ( 'NONE', ( #500, #8694, #4168, #6516, #2066, #6424 ) ) ;
#6680 = ORIENTED_EDGE ( 'NONE', *, *, #400, .T. ) ;
#6681 = CARTESIAN_POINT ( 'NONE',  ( -5.000000000000007994, 107.4999999999999858, -63.91067609231115654 ) ) ;
#6682 = AXIS2_PLACEMENT_3D ( 'NONE', #6610, #719, #7456 ) ;
#6683 = ORIENTED_EDGE ( 'NONE', *, *, #402, .F. ) ;
#6684 = ORIENTED_EDGE ( 'NONE', *, *, #301, .T. ) ;
#6685 = CARTESIAN_POINT ( 'NONE',  ( -69.47458206936751424, 121.4985874826541590, 22.70499881112880658 ) ) ;
#6686 = DIRECTION ( 'NONE',  ( 0.000000000000000000, 0.000000000000000000, 1.000000000000000000 ) ) ;
#6687 = CARTESIAN_POINT ( 'NONE',  ( 18.67572048136759832, 120.4724575136981315, -54.93833353484333060 ) ) ;
#6688 = ORIENTED_EDGE ( 'NONE', *, *, #153, .F. ) ;
#6689 = ORIENTED_EDGE ( 'NONE', *, *, #5669, .T. ) ;
#6690 = CARTESIAN_POINT ( 'NONE',  ( 69.42100313678702150, 122.5375564728903015, -22.57794055232318087 ) ) ;
#6691 = ORIENTED_EDGE ( 'NONE', *, *, #8363, .F. ) ;
#6692 = AXIS2_PLACEMENT_3D ( 'NONE', #4417, #6085, #2764 ) ;
#6693 = EDGE_LOOP ( 'NONE', ( #7225, #2188, #7097, #5072 ) ) ;
#6694 = FILL_AREA_STYLE_COLOUR ( '', #7646 ) ;
#6695 = ORIENTED_EDGE ( 'NONE', *, *, #1839, .F. ) ;
#6696 = CARTESIAN_POINT ( 'NONE',  ( 38.53424173939863095, 119.5188384140077744, 43.37671069998454954 ) ) ;
#6697 = AXIS2_PLACEMENT_3D ( 'NONE', #535, #599, #9914 ) ;
#6698 =( GEOMETRIC_REPRESENTATION_CONTEXT ( 3 ) GLOBAL_UNCERTAINTY_ASSIGNED_CONTEXT ( ( #2351 ) ) GLOBAL_UNIT_ASSIGNED_CONTEXT ( ( #10357, #9490, #2789 ) ) REPRESENTATION_CONTEXT ( 'NONE', 'WORKASPACE' ) );
#6699 = FACE_OUTER_BOUND ( 'NONE', #8652, .T. ) ;
#6700 = CARTESIAN_POINT ( 'NONE',  ( 5.290787535995424865E-14, 53.00000000000000711, -5.000000000000015099 ) ) ;
#6701 = DIRECTION ( 'NONE',  ( 0.000000000000000000, 1.000000000000000000, 0.000000000000000000 ) ) ;
#6702 = DIRECTION ( 'NONE',  ( 0.000000000000000000, 1.000000000000000000, 0.000000000000000000 ) ) ;
#6703 = ORIENTED_EDGE ( 'NONE', *, *, #3923, .F. ) ;
#6704 = DIRECTION ( 'NONE',  ( 0.000000000000000000, 1.000000000000000000, 0.000000000000000000 ) ) ;
#6705 = ORIENTED_EDGE ( 'NONE', *, *, #4114, .T. ) ;
#6706 = CARTESIAN_POINT ( 'NONE',  ( 64.00694410957871128, 51.00000000000000711, -10.00000000000026823 ) ) ;
#6707 = EDGE_LOOP ( 'NONE', ( #3278, #6539, #7698, #6853 ) ) ;
#6708 = ADVANCED_FACE ( 'NONE', ( #3504 ), #950, .F. ) ;
#6709 = EDGE_LOOP ( 'NONE', ( #730, #9217, #4004, #6329 ) ) ;
#6710 = DIRECTION ( 'NONE',  ( -1.443099686290235483E-16, 1.000000000000000000, 1.443099686290234744E-16 ) ) ;
#6711 = VECTOR ( 'NONE', #1055, 1000.000000000000000 ) ;
#6712 = ORIENTED_EDGE ( 'NONE', *, *, #8591, .T. ) ;
#6713 = EDGE_LOOP ( 'NONE', ( #3633, #351, #6854, #1808, #1143, #8575 ) ) ;
#6714 = CARTESIAN_POINT ( 'NONE',  ( -1.204972080621668936E-12, -6.000000000000000000, -40.57640687119408796 ) ) ;
#6715 = LINE ( 'NONE', #8451, #6845 ) ;
#6716 = DIRECTION ( 'NONE',  ( -1.000000000000000000, 0.000000000000000000, 1.047444401652940007E-14 ) ) ;
#6717 = CARTESIAN_POINT ( 'NONE',  ( -38.29727941296947336, 122.7769584338378195, -43.59137173464976200 ) ) ;
#6718 = LINE ( 'NONE', #4349, #3026 ) ;
#6719 = CARTESIAN_POINT ( 'NONE',  ( 29.99584399089636477, 10.00000000000000000, 61.38110908717417402 ) ) ;
#6720 = FACE_BOUND ( 'NONE', #9056, .T. ) ;
#6721 = DIRECTION ( 'NONE',  ( 0.000000000000000000, 0.000000000000000000, 1.000000000000000000 ) ) ;
#6722 = ORIENTED_EDGE ( 'NONE', *, *, #98, .F. ) ;
#6723 = ORIENTED_EDGE ( 'NONE', *, *, #4038, .F. ) ;
#6724 = DIRECTION ( 'NONE',  ( -1.000000000000000000, 0.000000000000000000, 1.047444401652940007E-14 ) ) ;
#6725 = CARTESIAN_POINT ( 'NONE',  ( -10.96015510839143303, 72.00000000000000000, -10.96015510839138152 ) ) ;
#6726 =( LENGTH_UNIT ( ) NAMED_UNIT ( * ) SI_UNIT ( .MILLI., .METRE. ) );
#6727 = CARTESIAN_POINT ( 'NONE',  ( -9.999999999999953815, 51.00000000000000711, 72.31182475916369867 ) ) ;
#6728 = CARTESIAN_POINT ( 'NONE',  ( 70.44620139305970952, 125.4502621270700615, -19.14158935360848801 ) ) ;
#6729 = LINE ( 'NONE', #2994, #6994 ) ;
#6730 =( NAMED_UNIT ( * ) SI_UNIT ( $, .STERADIAN. ) SOLID_ANGLE_UNIT ( ) );
#6731 = VERTEX_POINT ( 'NONE', #71 ) ;
#6732 = VECTOR ( 'NONE', #6875, 1000.000000000000000 ) ;
#6733 = CARTESIAN_POINT ( 'NONE',  ( 40.28288966470603327, 117.6802805996819927, 41.73195266561822336 ) ) ;
#6734 = VERTEX_POINT ( 'NONE', #6635 ) ;
#6735 = CARTESIAN_POINT ( 'NONE',  ( 6.802362645333919211, 28.78955317794349611, -57.00694410957876812 ) ) ;
#6736 = CARTESIAN_POINT ( 'NONE',  ( 0.000000000000000000, 107.4999999999999858, -73.00000000000000000 ) ) ;
#6737 = CARTESIAN_POINT ( 'NONE',  ( -30.12269240033350570, 72.00000000000000000, 30.12269240033351281 ) ) ;
#6738 = EDGE_CURVE ( 'NONE', #2743, #4326, #6928, .T. ) ;
#6739 = DIRECTION ( 'NONE',  ( 0.000000000000000000, 1.000000000000000000, 0.000000000000000000 ) ) ;
#6740 = FACE_BOUND ( 'NONE', #7898, .T. ) ;
#6741 =( LENGTH_UNIT ( ) NAMED_UNIT ( * ) SI_UNIT ( .MILLI., .METRE. ) );
#6742 = DIRECTION ( 'NONE',  ( 1.000000000000000000, 0.000000000000000000, -3.491481338843133355E-15 ) ) ;
#6743 = LINE ( 'NONE', #7262, #4493 ) ;
#6744 = VERTEX_POINT ( 'NONE', #1678 ) ;
#6745 = EDGE_CURVE ( 'NONE', #9075, #10232, #8117, .T. ) ;
#6746 = AXIS2_PLACEMENT_3D ( 'NONE', #9425, #2618, #10221 ) ;
#6747 = CARTESIAN_POINT ( 'NONE',  ( 49.88640044956873965, 124.6386556455850609, 53.29534173263517971 ) ) ;
#6748 = CARTESIAN_POINT ( 'NONE',  ( 9.999999999999953815, 51.00000000000000711, -72.31182475916369867 ) ) ;
#6749 = CARTESIAN_POINT ( 'NONE',  ( -22.29783865145540034, 119.7498486088357907, 69.51126713893179954 ) ) ;
#6750 = CARTESIAN_POINT ( 'NONE',  ( -38.44495981016635966, 123.2549693066261938, -43.45775093413704582 ) ) ;
#6751 = EDGE_CURVE ( 'NONE', #4584, #4972, #710, .T. ) ;
#6752 = CARTESIAN_POINT ( 'NONE',  ( -49.13530597791442744, 119.4352849012581999, -54.11554984759246167 ) ) ;
#6753 = AXIS2_PLACEMENT_3D ( 'NONE', #9509, #1088, #1017 ) ;
#6754 = ADVANCED_FACE ( 'NONE', ( #5487 ), #1242, .F. ) ;
#6755 = FACE_OUTER_BOUND ( 'NONE', #1492, .T. ) ;
#6756 =( LENGTH_UNIT ( ) NAMED_UNIT ( * ) SI_UNIT ( .MILLI., .METRE. ) );
#6757 = PLANE ( 'NONE',  #10517 ) ;
#6758 = CARTESIAN_POINT ( 'NONE',  ( 13.32183697273241130, 117.9497805309294733, -56.45528357804285235 ) ) ;
#6759 = FACE_OUTER_BOUND ( 'NONE', #9647, .T. ) ;
#6760 = EDGE_CURVE ( 'NONE', #4957, #4940, #3093, .T. ) ;
#6761 = PRESENTATION_LAYER_ASSIGNMENT (  '', '', ( #9240 ) ) ;
#6762 = FACE_OUTER_BOUND ( 'NONE', #3515, .T. ) ;
#6763 =( BOUNDED_CURVE ( )  B_SPLINE_CURVE ( 3, ( #3076, #3936, #9062, #10818 ),
 .UNSPECIFIED., .F., .F. ) 
 B_SPLINE_CURVE_WITH_KNOTS ( ( 4, 4 ),
 ( 0.000000000000000000, 0.5542501482156212411 ),
 .UNSPECIFIED. ) 
 CURVE ( )  GEOMETRIC_REPRESENTATION_ITEM ( )  RATIONAL_B_SPLINE_CURVE ( ( 1.000000000000000000, 0.9745639783809298962, 0.9745639783809298962, 1.000000000000000000 ) ) 
 REPRESENTATION_ITEM ( '' )  );
#6764 = PLANE ( 'NONE',  #916 ) ;
#6765 = CARTESIAN_POINT ( 'NONE',  ( 40.82921786907264305, 117.5501411762658108, 41.19515818825308884 ) ) ;
#6766 = CYLINDRICAL_SURFACE ( 'NONE', #8939, 6.000000000000000000 ) ;
#6767 = LINE ( 'NONE', #1292, #6095 ) ;
#6768 = DIRECTION ( 'NONE',  ( 0.7071067811865474617, -0.000000000000000000, 0.7071067811865476838 ) ) ;
#6769 = CARTESIAN_POINT ( 'NONE',  ( -69.97856814768357481, 72.00000000000000000, 12.00000000000026112 ) ) ;
#6770 = CARTESIAN_POINT ( 'NONE',  ( 0.000000000000000000, 72.00000000000000000, 12.00000000000026112 ) ) ;
#6771 = DIRECTION ( 'NONE',  ( -0.000000000000000000, -1.000000000000000000, -0.000000000000000000 ) ) ;
#6772 = DIRECTION ( 'NONE',  ( -1.040834085586084257E-14, 0.000000000000000000, -1.000000000000000000 ) ) ;
#6773 =( NAMED_UNIT ( * ) PLANE_ANGLE_UNIT ( ) SI_UNIT ( $, .RADIAN. ) );
#6774 = DIRECTION ( 'NONE',  ( -0.000000000000000000, 1.000000000000000000, -0.000000000000000000 ) ) ;
#6775 = COLOUR_RGB ( '',1.000000000000000000, 0.5019607843137254832, 0.7529411764705882248 ) ;
#6776 = CARTESIAN_POINT ( 'NONE',  ( -21.40644710856535937, 124.4726904690371612, 69.79109578080762333 ) ) ;
#6777 = VECTOR ( 'NONE', #2660, 1000.000000000000114 ) ;
#6778 = LINE ( 'NONE', #2704, #10629 ) ;
#6779 = CYLINDRICAL_SURFACE ( 'NONE', #2341, 1.849999999999997424 ) ;
#6780 = CARTESIAN_POINT ( 'NONE',  ( 48.75010186514683852, 121.7575824981555144, 54.33624543652059913 ) ) ;
#6781 = CARTESIAN_POINT ( 'NONE',  ( -22.18056646468367177, 119.5190720303063898, 69.54885184584686897 ) ) ;
#6782 = DIRECTION ( 'NONE',  ( -3.469446951953613696E-16, 0.000000000000000000, -1.000000000000000000 ) ) ;
#6783 = ORIENTED_EDGE ( 'NONE', *, *, #10798, .T. ) ;
#6784 = VERTEX_POINT ( 'NONE', #2645 ) ;
#6785 = VECTOR ( 'NONE', #1111, 1000.000000000000000 ) ;
#6786 = VECTOR ( 'NONE', #3818, 1000.000000000000000 ) ;
#6787 = ORIENTED_EDGE ( 'NONE', *, *, #3788, .F. ) ;
#6788 = CARTESIAN_POINT ( 'NONE',  ( -16.92682638972469178, 117.9684973922954612, 71.10750337205115557 ) ) ;
#6789 = EDGE_LOOP ( 'NONE', ( #6026, #9323, #8542, #9498 ) ) ;
#6790 = CARTESIAN_POINT ( 'NONE',  ( -12.00000000000048850, 72.00000000000000000, -62.20458146424513046 ) ) ;
#6791 = ORIENTED_EDGE ( 'NONE', *, *, #251, .F. ) ;
#6792 = CARTESIAN_POINT ( 'NONE',  ( 41.66310588047436880, 0.000000000000000000, 41.66310588047443275 ) ) ;
#6793 = ORIENTED_EDGE ( 'NONE', *, *, #10157, .F. ) ;
#6794 = CARTESIAN_POINT ( 'NONE',  ( -41.19217724540956027, 117.5498599564977980, -40.83221984586182174 ) ) ;
#6795 = COLOUR_RGB ( '',1.000000000000000000, 0.5019607843137254832, 0.7529411764705882248 ) ;
#6796 = EDGE_LOOP ( 'NONE', ( #7962, #4027, #1285, #2718 ) ) ;
#6797 = CARTESIAN_POINT ( 'NONE',  ( -12.00000000000050449, 72.00000000000000000, -69.97856814768353217 ) ) ;
#6798 = EDGE_CURVE ( 'NONE', #8914, #5280, #1624, .T. ) ;
#6799 = EDGE_CURVE ( 'NONE', #5650, #1909, #9712, .T. ) ;
#6800 = CARTESIAN_POINT ( 'NONE',  ( 15.02265631979615712, 0.000000000000000000, -68.03446766623709152 ) ) ;
#6801 = ORIENTED_EDGE ( 'NONE', *, *, #7653, .T. ) ;
#6802 = EDGE_CURVE ( 'NONE', #7991, #4011, #9830, .T. ) ;
#6803 = ORIENTED_EDGE ( 'NONE', *, *, #3711, .T. ) ;
#6804 = ORIENTED_EDGE ( 'NONE', *, *, #6858, .F. ) ;
#6805 = CARTESIAN_POINT ( 'NONE',  ( 63.91067609231109969, 53.00000000000000711, 5.000000000000677680 ) ) ;
#6806 = SURFACE_STYLE_USAGE ( .BOTH. , #8578 ) ;
#6807 = CARTESIAN_POINT ( 'NONE',  ( 38.29727941294733284, 122.7769584338386721, 43.59137173466979931 ) ) ;
#6808 = CIRCLE ( 'NONE', #8840, 8.000000000000000000 ) ;
#6809 = LINE ( 'NONE', #9715, #474 ) ;
#6810 = VERTEX_POINT ( 'NONE', #9390 ) ;
#6811 = AXIS2_PLACEMENT_3D ( 'NONE', #10555, #3006, #6337 ) ;
#6812 = DIRECTION ( 'NONE',  ( 0.7071067811865474617, 0.000000000000000000, 0.7071067811865476838 ) ) ;
#6813 = EDGE_LOOP ( 'NONE', ( #3766, #1747 ) ) ;
#6814 = ADVANCED_FACE ( 'NONE', ( #581 ), #4805, .F. ) ;
#6815 = CARTESIAN_POINT ( 'NONE',  ( -16.36131181446514660, 124.4765533686569086, 71.14310038821611215 ) ) ;
#6816 = EDGE_LOOP ( 'NONE', ( #7996, #9754, #5491, #9751 ) ) ;
#6817 = ORIENTED_EDGE ( 'NONE', *, *, #4246, .F. ) ;
#6818 = EDGE_CURVE ( 'NONE', #8776, #362, #6410, .T. ) ;
#6819 = EDGE_LOOP ( 'NONE', ( #585, #1802, #2431, #4674, #6659 ) ) ;
#6820 = MECHANICAL_DESIGN_GEOMETRIC_PRESENTATION_REPRESENTATION (  '', ( #8877 ), #720 ) ;
#6821 = CARTESIAN_POINT ( 'NONE',  ( 29.97765431706064021, 10.00000000000000000, 55.52392810244902677 ) ) ;
#6822 = VECTOR ( 'NONE', #1577, 1000.000000000000000 ) ;
#6823 = ORIENTED_EDGE ( 'NONE', *, *, #2266, .F. ) ;
#6824 =( NAMED_UNIT ( * ) SI_UNIT ( $, .STERADIAN. ) SOLID_ANGLE_UNIT ( ) );
#6825 = EDGE_CURVE ( 'NONE', #9224, #7393, #460, .T. ) ;
#6826 = CARTESIAN_POINT ( 'NONE',  ( 3.606188105837987656, 72.00000000000000000, -53.81076957008284012 ) ) ;
#6827 = DIRECTION ( 'NONE',  ( 0.7071067811865479058, 0.000000000000000000, -0.7071067811865472397 ) ) ;
#6828 = VERTEX_POINT ( 'NONE', #2720 ) ;
#6829 = EDGE_CURVE ( 'NONE', #4440, #4327, #9314, .T. ) ;
#6830 = CARTESIAN_POINT ( 'NONE',  ( -39.53462230432742786, 117.9780511645802221, -42.45364246197983249 ) ) ;
#6831 = EDGE_LOOP ( 'NONE', ( #5602, #5339 ) ) ;
#6832 = EDGE_LOOP ( 'NONE', ( #7601, #2826, #9992, #2727 ) ) ;
#6833 = ORIENTED_EDGE ( 'NONE', *, *, #4768, .F. ) ;
#6834 = CARTESIAN_POINT ( 'NONE',  ( -25.10229073212240891, 53.00000000000000711, -25.10229073212244089 ) ) ;
#6835 = VERTEX_POINT ( 'NONE', #2677 ) ;
#6836 = LINE ( 'NONE', #6790, #3000 ) ;
#6837 = LINE ( 'NONE', #5828, #4966 ) ;
#6838 = EDGE_LOOP ( 'NONE', ( #3748, #8749, #7138, #1742 ) ) ;
#6839 = CARTESIAN_POINT ( 'NONE',  ( -42.68557876233102633, 118.3575743849683732, -39.28318312772737642 ) ) ;
#6840 = AXIS2_PLACEMENT_3D ( 'NONE', #9643, #10541, #4650 ) ;
#6841 = LINE ( 'NONE', #6998, #2217 ) ;
#6842 = CARTESIAN_POINT ( 'NONE',  ( -24.04163056034262880, -5.777789833161707559E-31, -24.04163056034263946 ) ) ;
#6843 = ORIENTED_EDGE ( 'NONE', *, *, #7252, .F. ) ;
#6844 = VERTEX_POINT ( 'NONE', #7737 ) ;
#6845 = VECTOR ( 'NONE', #32, 1000.000000000000000 ) ;
#6846 = FACE_BOUND ( 'NONE', #2242, .T. ) ;
#6847 = ORIENTED_EDGE ( 'NONE', *, *, #5956, .F. ) ;
#6848 = AXIS2_PLACEMENT_3D ( 'NONE', #3852, #4627, #8945 ) ;
#6849 = DIRECTION ( 'NONE',  ( -0.000000000000000000, -1.000000000000000000, -0.000000000000000000 ) ) ;
#6850 = CARTESIAN_POINT ( 'NONE',  ( -6.938893903907228378E-15, 72.00000000000000000, 3.469446951953614189E-15 ) ) ;
#6851 = CARTESIAN_POINT ( 'NONE',  ( -69.97856814768357481, 72.00000000000000000, 12.00000000000026112 ) ) ;
#6852 = CARTESIAN_POINT ( 'NONE',  ( -30.12269240033361584, 72.00000000000000000, -30.12269240033340267 ) ) ;
#6853 = ORIENTED_EDGE ( 'NONE', *, *, #9443, .T. ) ;
#6854 = ORIENTED_EDGE ( 'NONE', *, *, #7641, .T. ) ;
#6855 = DIRECTION ( 'NONE',  ( -0.7071067811865469066, 0.000000000000000000, -0.7071067811865482389 ) ) ;
#6856 = CARTESIAN_POINT ( 'NONE',  ( 8.694992273946206563E-15, 107.4999999999999858, 71.00000000000001421 ) ) ;
#6857 = LINE ( 'NONE', #6634, #3807 ) ;
#6858 = EDGE_CURVE ( 'NONE', #8904, #1668, #4685, .T. ) ;
#6859 = UNCERTAINTY_MEASURE_WITH_UNIT (LENGTH_MEASURE( 1.000000000000000082E-05 ), #1682, 'distance_accuracy_value', 'NONE');
#6860 = LINE ( 'NONE', #10465, #8700 ) ;
#6861 = VECTOR ( 'NONE', #2738, 1000.000000000000000 ) ;
#6862 = DIRECTION ( 'NONE',  ( 0.000000000000000000, -1.000000000000000000, 0.000000000000000000 ) ) ;
#6863 = DIRECTION ( 'NONE',  ( 0.000000000000000000, 1.000000000000000000, 0.000000000000000000 ) ) ;
#6864 = PRESENTATION_LAYER_ASSIGNMENT (  '', '', ( #3827 ) ) ;
#6865 = CARTESIAN_POINT ( 'NONE',  ( -5.000000000000007105, 107.4999999999999858, -70.82372483850311085 ) ) ;
#6866 = CARTESIAN_POINT ( 'NONE',  ( 62.00694410957879654, 51.00000000000000711, 9.999999999999740652 ) ) ;
#6867 = SURFACE_STYLE_FILL_AREA ( #4128 ) ;
#6868 = CARTESIAN_POINT ( 'NONE',  ( 69.97856814768366007, 53.00000000000000711, 11.99999999999970868 ) ) ;
#6869 = ADVANCED_FACE ( 'NONE', ( #8383 ), #8414, .T. ) ;
#6870 = DIRECTION ( 'NONE',  ( 0.000000000000000000, 1.000000000000000000, 0.000000000000000000 ) ) ;
#6871 = EDGE_CURVE ( 'NONE', #7228, #4473, #1232, .T. ) ;
#6872 = ORIENTED_EDGE ( 'NONE', *, *, #2933, .T. ) ;
#6873 = EDGE_CURVE ( 'NONE', #2969, #5649, #6533, .T. ) ;
#6874 = CARTESIAN_POINT ( 'NONE',  ( 71.26004704192172312, 123.9094777951134319, -15.84381214137910199 ) ) ;
#6875 = DIRECTION ( 'NONE',  ( -3.491481338843133355E-15, 0.000000000000000000, -1.000000000000000000 ) ) ;
#6876 = COLOUR_RGB ( '',1.000000000000000000, 1.000000000000000000, 1.000000000000000000 ) ;
#6877 = CARTESIAN_POINT ( 'NONE',  ( -63.91067609231115654, 127.5000000000000000, 4.999999999999785061 ) ) ;
#6878 = CARTESIAN_POINT ( 'NONE',  ( -70.24086328645000776, 117.6790451270220075, 19.88179968547526499 ) ) ;
#6879 = DIRECTION ( 'NONE',  ( 1.000000000000000000, 0.000000000000000000, -1.047444401652940007E-14 ) ) ;
#6880 = EDGE_CURVE ( 'NONE', #4693, #1797, #10895, .T. ) ;
#6881 = AXIS2_PLACEMENT_3D ( 'NONE', #5060, #6742, #4340 ) ;
#6882 = CARTESIAN_POINT ( 'NONE',  ( -3.005988244198139631E-13, 109.4999999999999858, 40.57640687119287293 ) ) ;
#6883 = EDGE_CURVE ( 'NONE', #7194, #5099, #6656, .T. ) ;
#6884 = SURFACE_STYLE_FILL_AREA ( #5305 ) ;
#6885 = PLANE ( 'NONE',  #10396 ) ;
#6886 = EDGE_CURVE ( 'NONE', #7982, #8922, #942, .T. ) ;
#6887 = DIRECTION ( 'NONE',  ( -1.156482317317871449E-14, 0.000000000000000000, -1.000000000000000000 ) ) ;
#6888 = DIRECTION ( 'NONE',  ( 0.000000000000000000, -1.000000000000000000, 0.000000000000000000 ) ) ;
#6889 = PRESENTATION_STYLE_ASSIGNMENT (( #7143 ) ) ;
#6890 = CARTESIAN_POINT ( 'NONE',  ( 70.32925966996450029, 125.4489532522287902, -19.92792810986954422 ) ) ;
#6891 = MECHANICAL_DESIGN_GEOMETRIC_PRESENTATION_REPRESENTATION (  '', ( #9017 ), #8234 ) ;
#6892 = CARTESIAN_POINT ( 'NONE',  ( -20.57675085431514361, 72.00000000000000000, 67.95290519381379113 ) ) ;
#6893 = PLANE ( 'NONE',  #2389 ) ;
#6894 = DIRECTION ( 'NONE',  ( 0.7071067811865476838, 0.000000000000000000, 0.7071067811865474617 ) ) ;
#6895 = FACE_OUTER_BOUND ( 'NONE', #8150, .T. ) ;
#6896 = FACE_OUTER_BOUND ( 'NONE', #6930, .T. ) ;
#6897 = STYLED_ITEM ( 'NONE', ( #3008 ), #5307 ) ;
#6898 = CARTESIAN_POINT ( 'NONE',  ( -63.91067609231115654, 93.35786437626902057, 4.999999999999785061 ) ) ;
#6899 = CARTESIAN_POINT ( 'NONE',  ( 63.91067609231115654, 53.00000000000000711, 6.694287987874572456E-13 ) ) ;
#6900 = PLANE ( 'NONE',  #6182 ) ;
#6901 = EDGE_LOOP ( 'NONE', ( #10810, #506, #3359, #875 ) ) ;
#6902 = VECTOR ( 'NONE', #8830, 1000.000000000000000 ) ;
#6903 = DIRECTION ( 'NONE',  ( 0.7071067811865474617, -0.000000000000000000, 0.7071067811865476838 ) ) ;
#6904 = CARTESIAN_POINT ( 'NONE',  ( -70.99905128564890333, 118.0758614279401684, 16.97588728629095911 ) ) ;
#6905 = CIRCLE ( 'NONE', #2191, 1.850000000000004530 ) ;
#6906 = VERTEX_POINT ( 'NONE', #9587 ) ;
#6907 = CARTESIAN_POINT ( 'NONE',  ( -3.005988244198139631E-13, 127.5010000000000048, 40.57640687119287293 ) ) ;
#6908 = DIRECTION ( 'NONE',  ( 0.000000000000000000, 1.000000000000000000, 0.000000000000000000 ) ) ;
#6909 = DIRECTION ( 'NONE',  ( 0.000000000000000000, 1.000000000000000000, 0.000000000000000000 ) ) ;
#6910 = ORIENTED_EDGE ( 'NONE', *, *, #428, .T. ) ;
#6911 = ADVANCED_FACE ( 'NONE', ( #4929 ), #6312, .T. ) ;
#6912 = VERTEX_POINT ( 'NONE', #7998 ) ;
#6913 = PRESENTATION_LAYER_ASSIGNMENT (  '', '', ( #4092 ) ) ;
#6914 = ORIENTED_EDGE ( 'NONE', *, *, #6961, .T. ) ;
#6915 = CARTESIAN_POINT ( 'NONE',  ( -48.08326112068525759, 6.983260063331909231E-15, -2.081668171172168513E-14 ) ) ;
#6916 = CARTESIAN_POINT ( 'NONE',  ( 39.42561564583169798, 0.000000000000000000, 16.09109186667563662 ) ) ;
#6917 = CIRCLE ( 'NONE', #1736, 1.850000000000006084 ) ;
#6918 = COLOUR_RGB ( '',1.000000000000000000, 0.5019607843137254832, 0.7529411764705882248 ) ;
#6919 = EDGE_LOOP ( 'NONE', ( #5739, #4010 ) ) ;
#6920 = CARTESIAN_POINT ( 'NONE',  ( -63.91067609231115654, 92.49999999999998579, 3.949999999999766143 ) ) ;
#6921 = DIRECTION ( 'NONE',  ( -0.000000000000000000, -1.000000000000000000, -0.000000000000000000 ) ) ;
#6922 = CARTESIAN_POINT ( 'NONE',  ( 0.000000000000000000, 15.00000000000000178, 0.000000000000000000 ) ) ;
#6923 = VERTEX_POINT ( 'NONE', #6266 ) ;
#6924 = ORIENTED_EDGE ( 'NONE', *, *, #8029, .F. ) ;
#6925 = ORIENTED_EDGE ( 'NONE', *, *, #8317, .T. ) ;
#6926 = ADVANCED_FACE ( 'NONE', ( #2162 ), #10353, .T. ) ;
#6927 = CARTESIAN_POINT ( 'NONE',  ( 54.89794731294489338, 122.5297787185175196, -18.79958306130771817 ) ) ;
#6928 = LINE ( 'NONE', #3437, #6136 ) ;
#6929 = LINE ( 'NONE', #10094, #3367 ) ;
#6930 = EDGE_LOOP ( 'NONE', ( #9692, #10452, #6294, #10929, #192 ) ) ;
#6931 = DIRECTION ( 'NONE',  ( 0.000000000000000000, 0.000000000000000000, 1.000000000000000000 ) ) ;
#6932 = CARTESIAN_POINT ( 'NONE',  ( -72.31182475916358499, 15.00000000000000178, 10.00000000000080291 ) ) ;
#6933 = DIRECTION ( 'NONE',  ( 0.000000000000000000, 0.000000000000000000, 1.000000000000000000 ) ) ;
#6934 = ORIENTED_EDGE ( 'NONE', *, *, #4609, .T. ) ;
#6935 = CARTESIAN_POINT ( 'NONE',  ( -40.28288966496796775, 117.6802805996443624, -41.73195266536176007 ) ) ;
#6936 = ORIENTED_EDGE ( 'NONE', *, *, #6189, .T. ) ;
#6937 = ORIENTED_EDGE ( 'NONE', *, *, #9003, .T. ) ;
#6938 = CARTESIAN_POINT ( 'NONE',  ( -23.68807716974930244, 72.00000000000000000, 23.68807716974943034 ) ) ;
#6939 = EDGE_CURVE ( 'NONE', #6181, #4543, #4020, .T. ) ;
#6940 = LINE ( 'NONE', #6576, #2450 ) ;
#6941 = VECTOR ( 'NONE', #6128, 1000.000000000000114 ) ;
#6942 = ORIENTED_EDGE ( 'NONE', *, *, #4789, .T. ) ;
#6943 = FILL_AREA_STYLE ('',( #10909 ) ) ;
#6944 = UNCERTAINTY_MEASURE_WITH_UNIT (LENGTH_MEASURE( 1.000000000000000082E-05 ), #9932, 'distance_accuracy_value', 'NONE');
#6945 = ORIENTED_EDGE ( 'NONE', *, *, #123, .F. ) ;
#6946 = EDGE_CURVE ( 'NONE', #3232, #1134, #10766, .T. ) ;
#6947 = VERTEX_POINT ( 'NONE', #4639 ) ;
#6948 = CARTESIAN_POINT ( 'NONE',  ( 25.10229073212235562, 53.00000000000000711, -25.10229073212250483 ) ) ;
#6949 = CARTESIAN_POINT ( 'NONE',  ( 11.66726188957803245, 10.00000000000000000, -11.66726188957803245 ) ) ;
#6950 = ORIENTED_EDGE ( 'NONE', *, *, #9290, .F. ) ;
#6951 = PLANE ( 'NONE',  #6753 ) ;
#6952 = ORIENTED_EDGE ( 'NONE', *, *, #2135, .T. ) ;
#6953 = ORIENTED_EDGE ( 'NONE', *, *, #9273, .T. ) ;
#6954 = AXIS2_PLACEMENT_3D ( 'NONE', #825, #9364, #5834 ) ;
#6955 = DIRECTION ( 'NONE',  ( 1.000000000000000000, 0.000000000000000000, -3.491481338843132961E-15 ) ) ;
#6956 = VECTOR ( 'NONE', #7599, 1000.000000000000000 ) ;
#6957 = ORIENTED_EDGE ( 'NONE', *, *, #7185, .T. ) ;
#6958 = PLANE ( 'NONE',  #5486 ) ;
#6959 = CARTESIAN_POINT ( 'NONE',  ( 10.60660171779822214, 0.000000000000000000, -10.60660171779821859 ) ) ;
#6960 = DIRECTION ( 'NONE',  ( 0.000000000000000000, 1.000000000000000000, 0.000000000000000000 ) ) ;
#6961 = EDGE_CURVE ( 'NONE', #10964, #1266, #2305, .T. ) ;
#6962 = VECTOR ( 'NONE', #8593, 1000.000000000000000 ) ;
#6963 = CARTESIAN_POINT ( 'NONE',  ( 25.05615325806641280, 10.00000000000000000, 25.05615325806643057 ) ) ;
#6964 = ORIENTED_EDGE ( 'NONE', *, *, #7802, .T. ) ;
#6965 = VERTEX_POINT ( 'NONE', #10450 ) ;
#6966 = AXIS2_PLACEMENT_3D ( 'NONE', #769, #3164, #8290 ) ;
#6967 = PLANE ( 'NONE',  #470 ) ;
#6968 = ORIENTED_EDGE ( 'NONE', *, *, #2053, .T. ) ;
#6969 = CARTESIAN_POINT ( 'NONE',  ( -16.97523531731907553, 118.0746255650937542, 70.99921162304481470 ) ) ;
#6970 = DIRECTION ( 'NONE',  ( 1.047444401652940007E-14, 0.000000000000000000, 1.000000000000000000 ) ) ;
#6971 = LINE ( 'NONE', #1992, #3666 ) ;
#6972 = ORIENTED_EDGE ( 'NONE', *, *, #82, .T. ) ;
#6973 = EDGE_CURVE ( 'NONE', #9060, #4072, #327, .T. ) ;
#6974 = CARTESIAN_POINT ( 'NONE',  ( -38.14350014734867500, 121.5000000000000000, -43.72964371872238587 ) ) ;
#6975 = AXIS2_PLACEMENT_3D ( 'NONE', #2603, #7624, #2561 ) ;
#6976 = CYLINDRICAL_SURFACE ( 'NONE', #9593, 5.000000000000007994 ) ;
#6977 = DIRECTION ( 'NONE',  ( 0.7071067811865499042, -0.000000000000000000, 0.7071067811865452413 ) ) ;
#6978 = EDGE_LOOP ( 'NONE', ( #6445, #9183, #1663 ) ) ;
#6979 = ORIENTED_EDGE ( 'NONE', *, *, #9298, .T. ) ;
#6980 = ADVANCED_FACE ( 'NONE', ( #9041 ), #4138, .F. ) ;
#6981 = CARTESIAN_POINT ( 'NONE',  ( 25.10229073212235562, 72.00000000000000000, -25.10229073212250128 ) ) ;
#6982 = FACE_OUTER_BOUND ( 'NONE', #6056, .T. ) ;
#6983 = CARTESIAN_POINT ( 'NONE',  ( -51.98175549483799784, 125.4238305153196364, -51.25388483819679664 ) ) ;
#6984 = LINE ( 'NONE', #8620, #10418 ) ;
#6985 = DIRECTION ( 'NONE',  ( 1.256065073714878991E-16, 1.000000000000000000, -1.648588188385822228E-16 ) ) ;
#6986 = ORIENTED_EDGE ( 'NONE', *, *, #5028, .F. ) ;
#6987 = VERTEX_POINT ( 'NONE', #2876 ) ;
#6988 = AXIS2_PLACEMENT_3D ( 'NONE', #8351, #3306, #10083 ) ;
#6989 = ADVANCED_FACE ( 'NONE', ( #63 ), #10224, .F. ) ;
#6990 = DIRECTION ( 'NONE',  ( 3.491481338843133355E-15, 0.000000000000000000, 1.000000000000000000 ) ) ;
#6991 = DIRECTION ( 'NONE',  ( -1.000000000000000000, 0.000000000000000000, -0.000000000000000000 ) ) ;
#6992 = DIRECTION ( 'NONE',  ( -0.7071067811865452413, 0.000000000000000000, 0.7071067811865499042 ) ) ;
#6993 = AXIS2_PLACEMENT_3D ( 'NONE', #6850, #3451, #2552 ) ;
#6994 = VECTOR ( 'NONE', #5434, 1000.000000000000000 ) ;
#6995 = DIRECTION ( 'NONE',  ( 3.469446951953614189E-15, 0.000000000000000000, 1.000000000000000000 ) ) ;
#6996 = VERTEX_POINT ( 'NONE', #6455 ) ;
#6997 = AXIS2_PLACEMENT_3D ( 'NONE', #8393, #9370, #9251 ) ;
#6998 = CARTESIAN_POINT ( 'NONE',  ( 62.20458146424517309, 72.00000000000000000, -12.00000000000027001 ) ) ;
#6999 = CARTESIAN_POINT ( 'NONE',  ( 9.999999999999957367, 51.00000000000000711, -64.00694410957875391 ) ) ;
#7000 = PRESENTATION_STYLE_ASSIGNMENT (( #10434 ) ) ;
#7001 = CARTESIAN_POINT ( 'NONE',  ( 5.000000000000007994, 107.4999999999999858, -70.82372483850311085 ) ) ;
#7002 = CARTESIAN_POINT ( 'NONE',  ( 11.66726188957803245, 10.00000000000000000, -11.66726188957803245 ) ) ;
#7003 = LINE ( 'NONE', #4370, #275 ) ;
#7004 = EDGE_LOOP ( 'NONE', ( #6144, #3283, #6942, #4331 ) ) ;
#7005 = CARTESIAN_POINT ( 'NONE',  ( 15.17941345301654366, 0.000000000000000000, 47.43361699539106269 ) ) ;
#7006 = DIRECTION ( 'NONE',  ( -3.491481338843133355E-15, 0.000000000000000000, -1.000000000000000000 ) ) ;
#7007 = EDGE_CURVE ( 'NONE', #5643, #5608, #3732, .T. ) ;
#7008 = FACE_OUTER_BOUND ( 'NONE', #6433, .T. ) ;
#7009 = CARTESIAN_POINT ( 'NONE',  ( 17.74832372956893778, 72.00000000000000000, -39.66863394635189621 ) ) ;
#7010 = EDGE_CURVE ( 'NONE', #10222, #496, #7205, .T. ) ;
#7011 = CARTESIAN_POINT ( 'NONE',  ( -49.13881589394351579, 123.4762997294430704, -53.98515962863626072 ) ) ;
#7012 = PLANE ( 'NONE',  #4792 ) ;
#7013 = EDGE_CURVE ( 'NONE', #8492, #5347, #1879, .T. ) ;
#7014 = DIRECTION ( 'NONE',  ( 0.000000000000000000, -1.000000000000000000, 0.000000000000000000 ) ) ;
#7015 =( LENGTH_UNIT ( ) NAMED_UNIT ( * ) SI_UNIT ( .MILLI., .METRE. ) );
#7016 = CARTESIAN_POINT ( 'NONE',  ( -62.00694410957888891, 53.00000000000000711, -11.99999999999930722 ) ) ;
#7017 = AXIS2_PLACEMENT_3D ( 'NONE', #5656, #7289, #6541 ) ;
#7018 = LINE ( 'NONE', #3976, #9667 ) ;
#7019 = VECTOR ( 'NONE', #767, 1000.000000000000000 ) ;
#7020 = DIRECTION ( 'NONE',  ( 0.000000000000000000, -0.000000000000000000, 1.000000000000000000 ) ) ;
#7021 = CARTESIAN_POINT ( 'NONE',  ( 42.42640687119286014, 0.000000000000000000, -1.849999999999845324 ) ) ;
#7022 = CARTESIAN_POINT ( 'NONE',  ( 10.00000000000004619, 51.00000000000000711, 72.31182475916369867 ) ) ;
#7023 = CARTESIAN_POINT ( 'NONE',  ( 10.60660171779821148, 127.5000000000000000, 10.60660171779821503 ) ) ;
#7024 = EDGE_CURVE ( 'NONE', #3107, #976, #6917, .T. ) ;
#7025 = LINE ( 'NONE', #5628, #9799 ) ;
#7026 = STYLED_ITEM ( 'NONE', ( #3582 ), #8249 ) ;
#7027 = ADVANCED_FACE ( 'NONE', ( #5725 ), #7270, .F. ) ;
#7028 = EDGE_CURVE ( 'NONE', #9734, #9473, #7980, .T. ) ;
#7029 = CIRCLE ( 'NONE', #5546, 4.999999999999997335 ) ;
#7030 = FACE_BOUND ( 'NONE', #5394, .T. ) ;
#7031 = DIRECTION ( 'NONE',  ( 0.000000000000000000, 1.000000000000000000, 0.000000000000000000 ) ) ;
#7032 = EDGE_CURVE ( 'NONE', #9439, #5775, #5856, .T. ) ;
#7033 = AXIS2_PLACEMENT_3D ( 'NONE', #5845, #4996, #4190 ) ;
#7034 = CARTESIAN_POINT ( 'NONE',  ( 0.000000000000000000, 127.5000000000000000, 68.91067609231116364 ) ) ;
#7035 = CARTESIAN_POINT ( 'NONE',  ( 0.000000000000000000, 53.00000000000000711, -63.91067609231115654 ) ) ;
#7036 = CARTESIAN_POINT ( 'NONE',  ( -56.94273243253063299, 121.2405117338626752, 11.16841825749756900 ) ) ;
#7037 = CARTESIAN_POINT ( 'NONE',  ( -16.01456616079193651, 125.4510427797605132, 55.75498680865760548 ) ) ;
#7038 = ORIENTED_EDGE ( 'NONE', *, *, #2507, .T. ) ;
#7039 = VECTOR ( 'NONE', #2890, 1000.000000000000000 ) ;
#7040 = ADVANCED_FACE ( 'NONE', ( #5200 ), #928, .T. ) ;
#7041 = VECTOR ( 'NONE', #2904, 1000.000000000000000 ) ;
#7042 = SURFACE_STYLE_FILL_AREA ( #5825 ) ;
#7043 = FILL_AREA_STYLE_COLOUR ( '', #6876 ) ;
#7044 = AXIS2_PLACEMENT_3D ( 'NONE', #4019, #1455, #4756 ) ;
#7045 = CARTESIAN_POINT ( 'NONE',  ( 42.42640687119286014, 107.4999999999999858, 1.524678165548779904E-13 ) ) ;
#7046 = CARTESIAN_POINT ( 'NONE',  ( -42.42640687119286014, -6.000000000000000000, -4.487298322847499863E-13 ) ) ;
#7047 = CARTESIAN_POINT ( 'NONE',  ( -52.84036896832682118, 125.0479496558189396, -50.36817277147382299 ) ) ;
#7048 = VERTEX_POINT ( 'NONE', #6599 ) ;
#7049 = AXIS2_PLACEMENT_3D ( 'NONE', #10084, #8325, #3307 ) ;
#7050 = DIRECTION ( 'NONE',  ( 0.000000000000000000, 0.000000000000000000, -1.000000000000000000 ) ) ;
#7051 = AXIS2_PLACEMENT_3D ( 'NONE', #9279, #8541, #9435 ) ;
#7052 =( NAMED_UNIT ( * ) SI_UNIT ( $, .STERADIAN. ) SOLID_ANGLE_UNIT ( ) );
#7053 = FILL_AREA_STYLE ('',( #2060 ) ) ;
#7054 = ORIENTED_EDGE ( 'NONE', *, *, #7451, .T. ) ;
#7055 = VECTOR ( 'NONE', #2098, 1000.000000000000000 ) ;
#7056 = VECTOR ( 'NONE', #8121, 1000.000000000000000 ) ;
#7057 = VERTEX_POINT ( 'NONE', #6630 ) ;
#7058 = CARTESIAN_POINT ( 'NONE',  ( 14.50631234908225764, 125.4229510342986202, -56.15758800778897353 ) ) ;
#7059 = CARTESIAN_POINT ( 'NONE',  ( -10.00000000000004441, 53.00000000000000711, -62.00694410957876102 ) ) ;
#7060 = CARTESIAN_POINT ( 'NONE',  ( 20.57597211427790995, 117.9530725312064163, -70.04060659148466073 ) ) ;
#7061 = EDGE_LOOP ( 'NONE', ( #4999, #6307, #8786, #2458 ) ) ;
#7062 = ORIENTED_EDGE ( 'NONE', *, *, #8568, .F. ) ;
#7063 = ORIENTED_EDGE ( 'NONE', *, *, #8141, .F. ) ;
#7064 = CARTESIAN_POINT ( 'NONE',  ( 4.837354856632032238E-16, 107.4999999999999858, 59.96067609231116791 ) ) ;
#7065 = MECHANICAL_DESIGN_GEOMETRIC_PRESENTATION_REPRESENTATION (  '', ( #2111 ), #7625 ) ;
#7066 = CARTESIAN_POINT ( 'NONE',  ( 62.20458146424516599, 0.000000000000000000, -12.00000000000026112 ) ) ;
#7067 = DIRECTION ( 'NONE',  ( -3.469446951953613696E-16, 0.000000000000000000, -1.000000000000000000 ) ) ;
#7068 = PRESENTATION_STYLE_ASSIGNMENT (( #4511 ) ) ;
#7069 = ORIENTED_EDGE ( 'NONE', *, *, #5871, .T. ) ;
#7070 = CARTESIAN_POINT ( 'NONE',  ( 64.00694410957879654, 51.00000000000000711, 11.99999999999973355 ) ) ;
#7071 = MECHANICAL_DESIGN_GEOMETRIC_PRESENTATION_REPRESENTATION (  '', ( #3827 ), #5711 ) ;
#7072 = VERTEX_POINT ( 'NONE', #7408 ) ;
#7073 = ORIENTED_EDGE ( 'NONE', *, *, #27, .F. ) ;
#7074 = SURFACE_STYLE_USAGE ( .BOTH. , #7950 ) ;
#7075 = CYLINDRICAL_SURFACE ( 'NONE', #490, 6.000000000000000000 ) ;
#7076 = CARTESIAN_POINT ( 'NONE',  ( 0.000000000000000000, 33.00000000000000000, -57.00694410957876812 ) ) ;
#7077 = VECTOR ( 'NONE', #2961, 1000.000000000000000 ) ;
#7078 = EDGE_LOOP ( 'NONE', ( #9450, #1405, #8928, #8804 ) ) ;
#7079 = CARTESIAN_POINT ( 'NONE',  ( -56.91585272347362690, 120.4724575144361722, 11.29551839642438971 ) ) ;
#7080 = ORIENTED_EDGE ( 'NONE', *, *, #5669, .F. ) ;
#7081 =( GEOMETRIC_REPRESENTATION_CONTEXT ( 3 ) GLOBAL_UNCERTAINTY_ASSIGNED_CONTEXT ( ( #619 ) ) GLOBAL_UNIT_ASSIGNED_CONTEXT ( ( #4794, #3211, #3181 ) ) REPRESENTATION_CONTEXT ( 'NONE', 'WORKASPACE' ) );
#7082 = VERTEX_POINT ( 'NONE', #10824 ) ;
#7083 = UNCERTAINTY_MEASURE_WITH_UNIT (LENGTH_MEASURE( 1.000000000000000082E-05 ), #1907, 'distance_accuracy_value', 'NONE');
#7084 = EDGE_CURVE ( 'NONE', #6965, #7250, #7317, .T. ) ;
#7085 = VERTEX_POINT ( 'NONE', #3167 ) ;
#7086 = ORIENTED_EDGE ( 'NONE', *, *, #1040, .T. ) ;
#7087 = DIRECTION ( 'NONE',  ( -0.000000000000000000, -1.000000000000000000, -0.000000000000000000 ) ) ;
#7089 = COLOUR_RGB ( '',1.000000000000000000, 0.5019607843137254832, 0.7529411764705882248 ) ;
#7088 = CARTESIAN_POINT ( 'NONE',  ( 66.18446766623711142, 72.00000000000000000, -13.17265631979615037 ) ) ;
#7090 = FACE_OUTER_BOUND ( 'NONE', #3255, .T. ) ;
#7091 = ORIENTED_EDGE ( 'NONE', *, *, #304, .F. ) ;
#7092 = CARTESIAN_POINT ( 'NONE',  ( -49.73763834985016530, 124.4726904690371185, -53.43407489118889941 ) ) ;
#7093 = CARTESIAN_POINT ( 'NONE',  ( 11.99999999999995737, 72.00000000000000000, -69.97856814768363165 ) ) ;
#7094 = CARTESIAN_POINT ( 'NONE',  ( -54.11673517418062573, 123.5612961437242348, -49.13384772480543461 ) ) ;
#7095 = COLOUR_RGB ( '',1.000000000000000000, 0.5019607843137254832, 0.7529411764705882248 ) ;
#7096 = ORIENTED_EDGE ( 'NONE', *, *, #10157, .T. ) ;
#7097 = ORIENTED_EDGE ( 'NONE', *, *, #10582, .F. ) ;
#7098 = EDGE_CURVE ( 'NONE', #5411, #8674, #7442, .T. ) ;
#7099 = ORIENTED_EDGE ( 'NONE', *, *, #7104, .F. ) ;
#7100 = CARTESIAN_POINT ( 'NONE',  ( 22.29783865145489230, 119.7498486088357623, -69.51126713893197007 ) ) ;
#7101 = ORIENTED_EDGE ( 'NONE', *, *, #2700, .T. ) ;
#7102 = COLOUR_RGB ( '',1.000000000000000000, 1.000000000000000000, 1.000000000000000000 ) ;
#7103 = VERTEX_POINT ( 'NONE', #5732 ) ;
#7104 = EDGE_CURVE ( 'NONE', #746, #10964, #5053, .T. ) ;
#7105 = ADVANCED_FACE ( 'NONE', ( #7696, #2293 ), #8247, .T. ) ;
#7106 = CARTESIAN_POINT ( 'NONE',  ( -69.97856814768367428, 0.000000000000000000, -11.99999999999971223 ) ) ;
#7107 = CARTESIAN_POINT ( 'NONE',  ( 0.000000000000000000, 15.00000000000000000, -73.00000000000001421 ) ) ;
#7108 = COLOUR_RGB ( '',1.000000000000000000, 0.5019607843137254832, 0.7529411764705882248 ) ;
#7109 = UNCERTAINTY_MEASURE_WITH_UNIT (LENGTH_MEASURE( 1.000000000000000082E-05 ), #8511, 'distance_accuracy_value', 'NONE');
#7110 = EDGE_CURVE ( 'NONE', #10407, #575, #7192, .T. ) ;
#7111 = ORIENTED_EDGE ( 'NONE', *, *, #2772, .F. ) ;
#7112 = AXIS2_PLACEMENT_3D ( 'NONE', #9164, #10814, #10849 ) ;
#7113 = DIRECTION ( 'NONE',  ( 0.000000000000000000, 0.000000000000000000, 1.000000000000000000 ) ) ;
#7114 = ORIENTED_EDGE ( 'NONE', *, *, #899, .F. ) ;
#7115 = CARTESIAN_POINT ( 'NONE',  ( 64.00694410957878233, 33.00000000000000000, 5.999999999999776179 ) ) ;
#7116 = FACE_BOUND ( 'NONE', #5069, .T. ) ;
#7117 = EDGE_LOOP ( 'NONE', ( #4738, #3963, #7588, #2711 ) ) ;
#7118 = DIRECTION ( 'NONE',  ( 0.000000000000000000, 0.000000000000000000, 1.000000000000000000 ) ) ;
#7119 = EDGE_CURVE ( 'NONE', #1115, #10908, #5716, .T. ) ;
#7120 = DIRECTION ( 'NONE',  ( -0.7071067811865474617, 0.000000000000000000, -0.7071067811865474617 ) ) ;
#7121 = AXIS2_PLACEMENT_3D ( 'NONE', #4981, #817, #1572 ) ;
#7122 = FACE_OUTER_BOUND ( 'NONE', #6034, .T. ) ;
#7123 = DIRECTION ( 'NONE',  ( -0.000000000000000000, -1.000000000000000000, -0.000000000000000000 ) ) ;
#7124 = DIRECTION ( 'NONE',  ( 0.000000000000000000, 1.000000000000000000, 0.000000000000000000 ) ) ;
#7125 = CARTESIAN_POINT ( 'NONE',  ( -28.70847883796041700, 72.00000000000000000, 28.70847883796040989 ) ) ;
#7126 = VERTEX_POINT ( 'NONE', #4003 ) ;
#7127 = ORIENTED_EDGE ( 'NONE', *, *, #9923, .T. ) ;
#7128 = DIRECTION ( 'NONE',  ( 0.000000000000000000, -0.000000000000000000, 1.000000000000000000 ) ) ;
#7129 = CARTESIAN_POINT ( 'NONE',  ( -56.77082372806055588, 119.0885512940387798, 11.96303180318725623 ) ) ;
#7130 = CARTESIAN_POINT ( 'NONE',  ( -22.70497530696199817, 122.5440287291550447, 69.47449337480901477 ) ) ;
#7131 = ADVANCED_FACE ( 'NONE', ( #9433 ), #2819, .T. ) ;
#7132 = EDGE_CURVE ( 'NONE', #2288, #7982, #9690, .T. ) ;
#7133 = FACE_OUTER_BOUND ( 'NONE', #4275, .T. ) ;
#7134 = SURFACE_STYLE_USAGE ( .BOTH. , #410 ) ;
#7135 = PRESENTATION_LAYER_ASSIGNMENT (  '', '', ( #6554 ) ) ;
#7136 = LINE ( 'NONE', #5911, #9899 ) ;
#7137 = DIRECTION ( 'NONE',  ( -0.000000000000000000, -1.000000000000000000, -0.000000000000000000 ) ) ;
#7138 = ORIENTED_EDGE ( 'NONE', *, *, #14, .T. ) ;
#7139 = LINE ( 'NONE', #8954, #8185 ) ;
#7140 = ORIENTED_EDGE ( 'NONE', *, *, #8365, .F. ) ;
#7141 = CARTESIAN_POINT ( 'NONE',  ( -52.50856070152892840, 125.2462049595989271, -50.71398696710608789 ) ) ;
#7142 = CARTESIAN_POINT ( 'NONE',  ( 56.94273243253061167, 121.5000000000000284, -11.16841825749796335 ) ) ;
#7143 = SURFACE_STYLE_USAGE ( .BOTH. , #10330 ) ;
#7144 = CARTESIAN_POINT ( 'NONE',  ( 18.41303639521203550, 123.2549693065561058, -55.02318731014575093 ) ) ;
#7145 = DIRECTION ( 'NONE',  ( 0.000000000000000000, 0.000000000000000000, -1.000000000000000000 ) ) ;
#7146 = CIRCLE ( 'NONE', #5416, 3.949999999999989075 ) ;
#7147 = CARTESIAN_POINT ( 'NONE',  ( 22.18056646468315307, 119.5190720303063188, -69.54885184584706792 ) ) ;
#7148 = B_SPLINE_CURVE_WITH_KNOTS ( 'NONE', 3,
 ( #2666, #6040, #7724, #3456, #4296, #4251, #9331, #6815, #10170, #8586, #8614, #3562, #2707, #9485, #7658, #8468, #937, #8503, #9440, #10195, #9411, #59, #6776, #1770, #3485, #4341, #5146, #104, #162, #7769, #5107, #5992 ),
 .UNSPECIFIED., .F., .F.,
 ( 4, 2, 2, 2, 2, 2, 2, 2, 2, 2, 2, 2, 2, 2, 2, 4 ),
 ( 0.000000000000000000, 0.001556037729137713013, 0.002334056593706549786, 0.003112075458275384392, 0.003890094322844218997, 0.004668113187413052735, 0.005446132051981887774, 0.006224150916550721946, 0.007002169781119556985, 0.007780188645688391157, 0.008558207510257225328, 0.009336226374826058633, 0.01011424523939489367, 0.01089226410396372871, 0.01167028296853256202, 0.01244830183310139705 ),
 .UNSPECIFIED. ) ;
#7149 = VERTEX_POINT ( 'NONE', #3230 ) ;
#7150 = STYLED_ITEM ( 'NONE', ( #2846 ), #6538 ) ;
#7151 = CARTESIAN_POINT ( 'NONE',  ( 0.000000000000000000, 53.00000000000000711, 58.91067609231115654 ) ) ;
#7152 = CARTESIAN_POINT ( 'NONE',  ( -62.20458146424517309, 53.00000000000000711, 12.00000000000027001 ) ) ;
#7153 = DIRECTION ( 'NONE',  ( 0.7071067811865474617, 0.000000000000000000, 0.7071067811865474617 ) ) ;
#7154 = CARTESIAN_POINT ( 'NONE',  ( -6.000000000000000000, 33.00000000000000000, 57.00694410957876812 ) ) ;
#7155 = LINE ( 'NONE', #10408, #3180 ) ;
#7156 = CARTESIAN_POINT ( 'NONE',  ( 1.745740669421569518E-14, 107.4999999999999858, -5.000000000000007994 ) ) ;
#7157 = MECHANICAL_DESIGN_GEOMETRIC_PRESENTATION_REPRESENTATION (  '', ( #9047 ), #9970 ) ;
#7158 = CARTESIAN_POINT ( 'NONE',  ( -2.428612866367529932E-14, 6.983260063331909231E-15, 48.08326112068522917 ) ) ;
#7159 = DIRECTION ( 'NONE',  ( 0.000000000000000000, 1.000000000000000000, 0.000000000000000000 ) ) ;
#7160 = CARTESIAN_POINT ( 'NONE',  ( -55.48792798362621426, 118.0703810267655030, 16.90935788086904878 ) ) ;
#7161 = ADVANCED_FACE ( 'NONE', ( #5593 ), #10773, .T. ) ;
#7162 = DIRECTION ( 'NONE',  ( -0.000000000000000000, -1.000000000000000000, -0.000000000000000000 ) ) ;
#7163 = PRESENTATION_STYLE_ASSIGNMENT (( #3419 ) ) ;
#7164 = EDGE_CURVE ( 'NONE', #8659, #8565, #6519, .T. ) ;
#7165 = CARTESIAN_POINT ( 'NONE',  ( -11.68082567659798698, 119.5231740018324729, 56.83298856219802531 ) ) ;
#7166 = VECTOR ( 'NONE', #8974, 1000.000000000000000 ) ;
#7167 = LINE ( 'NONE', #4548, #1998 ) ;
#7168 = DIRECTION ( 'NONE',  ( -1.058157507199081786E-14, 0.000000000000000000, 1.000000000000000000 ) ) ;
#7169 = EDGE_CURVE ( 'NONE', #7371, #6522, #1076, .T. ) ;
#7170 = DIRECTION ( 'NONE',  ( 1.000000000000000000, 0.000000000000000000, -3.491481338843133355E-15 ) ) ;
#7171 = DIRECTION ( 'NONE',  ( 0.000000000000000000, 0.000000000000000000, 1.000000000000000000 ) ) ;
#7172 = CARTESIAN_POINT ( 'NONE',  ( 15.51015875802948152, 125.4236269801278496, -55.88864629802916539 ) ) ;
#7173 = CARTESIAN_POINT ( 'NONE',  ( -54.89806205480706325, 121.4985874826541590, 18.79923204477141496 ) ) ;
#7174 = CARTESIAN_POINT ( 'NONE',  ( 15.07690945680011652, 120.9812746648143076, -71.42611152469163471 ) ) ;
#7175 = AXIS2_PLACEMENT_3D ( 'NONE', #5058, #19, #2556 ) ;
#7176 = SURFACE_STYLE_FILL_AREA ( #2263 ) ;
#7177 = ADVANCED_FACE ( 'NONE', ( #4265 ), #7545, .T. ) ;
#7178 = FACE_OUTER_BOUND ( 'NONE', #5397, .T. ) ;
#7179 = DIRECTION ( 'NONE',  ( 0.000000000000000000, 1.000000000000000000, 0.000000000000000000 ) ) ;
#7180 = CARTESIAN_POINT ( 'NONE',  ( -1.204972080621668936E-12, 109.4999999999999858, -42.42640687119408227 ) ) ;
#7181 = LINE ( 'NONE', #6629, #3203 ) ;
#7182 = DIRECTION ( 'NONE',  ( -0.000000000000000000, -1.000000000000000000, -0.000000000000000000 ) ) ;
#7183 = CARTESIAN_POINT ( 'NONE',  ( 69.47458206936731528, 121.4985874826541732, -22.70499881112928620 ) ) ;
#7184 = CARTESIAN_POINT ( 'NONE',  ( -15.02265631979615712, 72.00000000000000000, 68.03446766623709152 ) ) ;
#7185 = EDGE_CURVE ( 'NONE', #46, #2343, #7568, .T. ) ;
#7186 = AXIS2_PLACEMENT_3D ( 'NONE', #9801, #2264, #3862 ) ;
#7187 = CARTESIAN_POINT ( 'NONE',  ( 63.91067609231115654, 110.4999999999999858, -4.999999999999338307 ) ) ;
#7188 = EDGE_CURVE ( 'NONE', #718, #4800, #438, .T. ) ;
#7189 = ORIENTED_EDGE ( 'NONE', *, *, #98, .T. ) ;
#7190 = DIRECTION ( 'NONE',  ( 0.000000000000000000, 0.000000000000000000, 1.000000000000000000 ) ) ;
#7191 = EDGE_CURVE ( 'NONE', #9732, #7721, #2956, .T. ) ;
#7192 = CIRCLE ( 'NONE', #3460, 1.849999999999997646 ) ;
#7193 = VECTOR ( 'NONE', #2909, 1000.000000000000227 ) ;
#7194 = VERTEX_POINT ( 'NONE', #6706 ) ;
#7195 = PRESENTATION_LAYER_ASSIGNMENT (  '', '', ( #6199 ) ) ;
#7196 = CARTESIAN_POINT ( 'NONE',  ( 24.04163056034259682, 64.50000000000000000, 24.04163056034260748 ) ) ;
#7197 = SURFACE_SIDE_STYLE ('',( #8459 ) ) ;
#7198 = VERTEX_POINT ( 'NONE', #1117 ) ;
#7199 =( LENGTH_UNIT ( ) NAMED_UNIT ( * ) SI_UNIT ( .MILLI., .METRE. ) );
#7200 = ORIENTED_EDGE ( 'NONE', *, *, #10648, .T. ) ;
#7201 = EDGE_LOOP ( 'NONE', ( #8795, #6464, #4593, #459 ) ) ;
#7202 = UNCERTAINTY_MEASURE_WITH_UNIT (LENGTH_MEASURE( 1.000000000000000082E-05 ), #631, 'distance_accuracy_value', 'NONE');
#7203 = DIRECTION ( 'NONE',  ( 3.598612394304551938E-15, 0.000000000000000000, -1.000000000000000000 ) ) ;
#7204 = AXIS2_PLACEMENT_3D ( 'NONE', #9079, #9926, #6887 ) ;
#7205 = LINE ( 'NONE', #1268, #8369 ) ;
#7206 = ORIENTED_EDGE ( 'NONE', *, *, #9379, .F. ) ;
#7207 = VERTEX_POINT ( 'NONE', #10917 ) ;
#7208 = ORIENTED_EDGE ( 'NONE', *, *, #1488, .F. ) ;
#7209 = AXIS2_PLACEMENT_3D ( 'NONE', #503, #3999, #6557 ) ;
#7210 = VERTEX_POINT ( 'NONE', #9673 ) ;
#7211 = CARTESIAN_POINT ( 'NONE',  ( 0.000000000000000000, 120.5000000000000000, 0.000000000000000000 ) ) ;
#7212 = SURFACE_STYLE_FILL_AREA ( #3462 ) ;
#7213 = CIRCLE ( 'NONE', #357, 3.949999999999989075 ) ;
#7214 = ORIENTED_EDGE ( 'NONE', *, *, #8651, .F. ) ;
#7215 = CARTESIAN_POINT ( 'NONE',  ( -69.63595253103163429, 123.9132567441153157, 21.90558483603322415 ) ) ;
#7216 = ORIENTED_EDGE ( 'NONE', *, *, #3261, .F. ) ;
#7217 = ADVANCED_FACE ( 'NONE', ( #2679 ), #5396, .F. ) ;
#7218 = CARTESIAN_POINT ( 'NONE',  ( -24.04163056034262880, -5.777789833161707559E-31, -24.04163056034263946 ) ) ;
#7219 = CARTESIAN_POINT ( 'NONE',  ( 20.90160163012647132, 125.0238078437617730, -70.04207421024804603 ) ) ;
#7220 = AXIS2_PLACEMENT_3D ( 'NONE', #7035, #2873, #2912 ) ;
#7221 = VERTEX_POINT ( 'NONE', #10372 ) ;
#7222 = ORIENTED_EDGE ( 'NONE', *, *, #4199, .T. ) ;
#7223 = EDGE_LOOP ( 'NONE', ( #9311, #4932 ) ) ;
#7224 = CARTESIAN_POINT ( 'NONE',  ( -11.16841850499286437, 121.4985874826542016, 56.94273238038320528 ) ) ;
#7225 = ORIENTED_EDGE ( 'NONE', *, *, #2858, .T. ) ;
#7226 = EDGE_LOOP ( 'NONE', ( #1160, #1775 ) ) ;
#7227 = EDGE_LOOP ( 'NONE', ( #4714, #8673, #7522, #4205 ) ) ;
#7228 = VERTEX_POINT ( 'NONE', #4613 ) ;
#7229 = CARTESIAN_POINT ( 'NONE',  ( -62.20458146424517309, 72.00000000000000000, 12.00000000000027001 ) ) ;
#7230 = CARTESIAN_POINT ( 'NONE',  ( 47.47635696295345298, 10.00000000000000000, 16.09109186667565083 ) ) ;
#7231 = CARTESIAN_POINT ( 'NONE',  ( 22.48663114790357298, 122.7713155858989467, -69.45042210777957337 ) ) ;
#7232 = CARTESIAN_POINT ( 'NONE',  ( 49.47169759150151691, 118.8896745639160599, 53.68039807381084216 ) ) ;
#7233 = EDGE_CURVE ( 'NONE', #7450, #2878, #9157, .T. ) ;
#7234 = ORIENTED_EDGE ( 'NONE', *, *, #10063, .F. ) ;
#7235 = ADVANCED_FACE ( 'NONE', ( #5186 ), #8777, .F. ) ;
#7236 = CARTESIAN_POINT ( 'NONE',  ( -3.005988244198139631E-13, -6.000000000000000000, 42.42640687119286724 ) ) ;
#7237 = EDGE_CURVE ( 'NONE', #3753, #2703, #1219, .T. ) ;
#7238 = LINE ( 'NONE', #3494, #5093 ) ;
#7239 = ORIENTED_EDGE ( 'NONE', *, *, #10690, .F. ) ;
#7240 = ORIENTED_EDGE ( 'NONE', *, *, #10436, .T. ) ;
#7241 = ORIENTED_EDGE ( 'NONE', *, *, #2081, .F. ) ;
#7242 = B_SPLINE_SURFACE_WITH_KNOTS ( 'NONE', 3, 1, ( 
 ( #1456, #2325 ),
 ( #4023, #4869 ),
 ( #6752, #10975 ),
 ( #1716, #6830 ),
 ( #9346, #8518 ),
 ( #3397, #4202 ),
 ( #4232, #10215 ),
 ( #5122, #7592 ),
 ( #2508, #8479 ),
 ( #74, #10148 ) ),
 .UNSPECIFIED., .F., .F., .F.,
 ( 4, 2, 2, 2, 4 ),
 ( 2, 2 ),
 ( 0.000000000000000000, 0.1249999999999995559, 0.2499999999999991118, 0.3749999999999986677, 0.4999999999999982236 ),
 ( 0.000000000000000000, 1.000000000000000000 ),
 .UNSPECIFIED. ) ;
#7243 = CARTESIAN_POINT ( 'NONE',  ( 71.09761048974590381, 118.3596283656350323, -16.55825519997308604 ) ) ;
#7244 = VERTEX_POINT ( 'NONE', #7963 ) ;
#7245 = DIRECTION ( 'NONE',  ( 0.000000000000000000, 1.000000000000000000, 0.000000000000000000 ) ) ;
#7246 = ADVANCED_FACE ( 'NONE', ( #4665 ), #412, .F. ) ;
#7247 = EDGE_CURVE ( 'NONE', #4749, #7846, #8494, .T. ) ;
#7248 = PLANE ( 'NONE',  #8373 ) ;
#7249 = ORIENTED_EDGE ( 'NONE', *, *, #9139, .T. ) ;
#7250 = VERTEX_POINT ( 'NONE', #3809 ) ;
#7251 = AXIS2_PLACEMENT_3D ( 'NONE', #6297, #8063, #4696 ) ;
#7252 = EDGE_CURVE ( 'NONE', #2183, #5722, #2413, .T. ) ;
#7253 = CARTESIAN_POINT ( 'NONE',  ( -48.08326112068525759, 6.983260063331909231E-15, -2.081668171172168513E-14 ) ) ;
#7255 = DIRECTION ( 'NONE',  ( -0.000000000000000000, -1.000000000000000000, -0.000000000000000000 ) ) ;
#7254 = LINE ( 'NONE', #3796, #5262 ) ;
#7256 = CARTESIAN_POINT ( 'NONE',  ( -57.00694410957885339, 33.00000000000000000, -7.999999999999403144 ) ) ;
#7257 = DIRECTION ( 'NONE',  ( -0.000000000000000000, -1.000000000000000000, -0.000000000000000000 ) ) ;
#7258 = EDGE_CURVE ( 'NONE', #1471, #610, #1351, .T. ) ;
#7259 = MECHANICAL_DESIGN_GEOMETRIC_PRESENTATION_REPRESENTATION (  '', ( #9869 ), #8951 ) ;
#7260 = CARTESIAN_POINT ( 'NONE',  ( 54.40033192662359340, 121.4985874826540737, 48.81418871242035351 ) ) ;
#7261 = VECTOR ( 'NONE', #9428, 1000.000000000000000 ) ;
#7262 = CARTESIAN_POINT ( 'NONE',  ( 11.99999999999995737, 15.00000000000000000, -64.00694410957875391 ) ) ;
#7263 = ORIENTED_EDGE ( 'NONE', *, *, #7307, .F. ) ;
#7264 = ORIENTED_EDGE ( 'NONE', *, *, #1141, .F. ) ;
#7265 = CARTESIAN_POINT ( 'NONE',  ( 55.68596221163775795, 117.7525690100891183, -16.23108584263670195 ) ) ;
#7266 = AXIS2_PLACEMENT_3D ( 'NONE', #5191, #6977, #2683 ) ;
#7267 = SURFACE_STYLE_USAGE ( .BOTH. , #3935 ) ;
#7268 = DIRECTION ( 'NONE',  ( 0.000000000000000000, 0.000000000000000000, 1.000000000000000000 ) ) ;
#7269 = ORIENTED_EDGE ( 'NONE', *, *, #1695, .F. ) ;
#7270 = PLANE ( 'NONE',  #2177 ) ;
#7271 = CIRCLE ( 'NONE', #2649, 71.00000000000001421 ) ;
#7272 = ORIENTED_EDGE ( 'NONE', *, *, #9098, .T. ) ;
#7273 = ADVANCED_FACE ( 'NONE', ( #10081 ), #270, .F. ) ;
#7274 = STYLED_ITEM ( 'NONE', ( #7163 ), #6296 ) ;
#7275 = CARTESIAN_POINT ( 'NONE',  ( -42.42640687119286014, 127.5010000000000048, -4.487298322847499863E-13 ) ) ;
#7276 = AXIS2_PLACEMENT_3D ( 'NONE', #254, #2822, #6079 ) ;
#7277 = FACE_OUTER_BOUND ( 'NONE', #1276, .T. ) ;
#7278 = VECTOR ( 'NONE', #1888, 1000.000000000000000 ) ;
#7279 = CARTESIAN_POINT ( 'NONE',  ( 64.00694410957879654, 53.00000000000000711, 11.99999999999973355 ) ) ;
#7280 =( NAMED_UNIT ( * ) SI_UNIT ( $, .STERADIAN. ) SOLID_ANGLE_UNIT ( ) );
#7281 = CARTESIAN_POINT ( 'NONE',  ( 24.04163056034259682, 48.00000000000000000, 24.04163056034260748 ) ) ;
#7282 = CARTESIAN_POINT ( 'NONE',  ( -55.48417541916630569, 124.9216499070334265, 16.92195414522707964 ) ) ;
#7283 = DIRECTION ( 'NONE',  ( -0.000000000000000000, -1.000000000000000000, -0.000000000000000000 ) ) ;
#7284 = ADVANCED_FACE ( 'NONE', ( #9823 ), #7012, .T. ) ;
#7285 = AXIS2_PLACEMENT_3D ( 'NONE', #9696, #286, #5384 ) ;
#7286 = DIRECTION ( 'NONE',  ( -0.7071067811865482389, 0.000000000000000000, -0.7071067811865469066 ) ) ;
#7287 = CARTESIAN_POINT ( 'NONE',  ( -69.97856814768367428, 72.00000000000000000, -11.99999999999971223 ) ) ;
#7288 = CARTESIAN_POINT ( 'NONE',  ( -5.000000000000007994, 53.00000000000000711, 0.000000000000000000 ) ) ;
#7289 = DIRECTION ( 'NONE',  ( 0.000000000000000000, 1.000000000000000000, 0.000000000000000000 ) ) ;
#7290 = CARTESIAN_POINT ( 'NONE',  ( 3.606188105837987656, 72.00000000000000000, -53.81076957008284012 ) ) ;
#7291 = CARTESIAN_POINT ( 'NONE',  ( 11.99999999999996447, 72.00000000000000000, -62.20458146424481782 ) ) ;
#7292 = LINE ( 'NONE', #3537, #5026 ) ;
#7293 = AXIS2_PLACEMENT_3D ( 'NONE', #8138, #4002, #5589 ) ;
#7294 = CARTESIAN_POINT ( 'NONE',  ( -6.938893903907228378E-15, 48.00000000000000000, -48.08326112068525759 ) ) ;
#7295 = ADVANCED_FACE ( 'NONE', ( #4008 ), #8706, .F. ) ;
#7296 = LINE ( 'NONE', #2447, #8735 ) ;
#7297 = DIRECTION ( 'NONE',  ( 0.000000000000000000, 1.000000000000000000, 0.000000000000000000 ) ) ;
#7298 = CARTESIAN_POINT ( 'NONE',  ( 6.434615230584167733, 72.00000000000000000, -53.81076957008284012 ) ) ;
#7299 = CARTESIAN_POINT ( 'NONE',  ( 19.16253729194202649, 72.00000000000000000, -41.08284750872499558 ) ) ;
#7300 = CARTESIAN_POINT ( 'NONE',  ( 25.10229073212235562, 0.000000000000000000, -25.10229073212250128 ) ) ;
#7301 = VECTOR ( 'NONE', #4074, 1000.000000000000000 ) ;
#7302 = CIRCLE ( 'NONE', #1835, 71.00000000000001421 ) ;
#7303 = CARTESIAN_POINT ( 'NONE',  ( 56.94273243253061167, 121.5000000000000284, -11.16841825749796335 ) ) ;
#7304 = EDGE_CURVE ( 'NONE', #5608, #233, #7830, .T. ) ;
#7305 = CIRCLE ( 'NONE', #61, 1.849999999999983658 ) ;
#7306 = CARTESIAN_POINT ( 'NONE',  ( 69.54841334429656285, 119.5214782096003034, -22.18194300453443901 ) ) ;
#7307 = EDGE_CURVE ( 'NONE', #8817, #7126, #4536, .T. ) ;
#7308 = FACE_OUTER_BOUND ( 'NONE', #10228, .T. ) ;
#7309 = SURFACE_SIDE_STYLE ('',( #9583 ) ) ;
#7310 = VECTOR ( 'NONE', #1728, 1000.000000000000000 ) ;
#7311 = CARTESIAN_POINT ( 'NONE',  ( -69.54942057722874438, 123.4818458615945644, 22.17878782270329197 ) ) ;
#7312 = ORIENTED_EDGE ( 'NONE', *, *, #8156, .T. ) ;
#7313 = ADVANCED_FACE ( 'NONE', ( #2549 ), #4532, .T. ) ;
#7314 = DIRECTION ( 'NONE',  ( -0.000000000000000000, -1.000000000000000000, -0.000000000000000000 ) ) ;
#7315 = CARTESIAN_POINT ( 'NONE',  ( -63.91067609231115654, 92.49999999999998579, -2.231429329291523816E-13 ) ) ;
#7316 = EDGE_CURVE ( 'NONE', #7221, #5478, #8839, .T. ) ;
#7317 = LINE ( 'NONE', #6561, #48 ) ;
#7318 = CIRCLE ( 'NONE', #2916, 5.000000000000007994 ) ;
#7319 = ORIENTED_EDGE ( 'NONE', *, *, #4246, .T. ) ;
#7320 = DIRECTION ( 'NONE',  ( 3.469446951953614189E-15, 0.000000000000000000, 1.000000000000000000 ) ) ;
#7321 = CARTESIAN_POINT ( 'NONE',  ( -15.25811030589462192, 125.4502610479491835, 55.95763457456236978 ) ) ;
#7322 = ORIENTED_EDGE ( 'NONE', *, *, #7388, .T. ) ;
#7323 = ORIENTED_EDGE ( 'NONE', *, *, #3923, .T. ) ;
#7324 = CARTESIAN_POINT ( 'NONE',  ( 0.000000000000000000, 107.4999999999999858, 0.000000000000000000 ) ) ;
#7325 = ORIENTED_EDGE ( 'NONE', *, *, #7663, .T. ) ;
#7326 = EDGE_CURVE ( 'NONE', #6810, #1545, #3084, .T. ) ;
#7327 = PRESENTATION_LAYER_ASSIGNMENT (  '', '', ( #1301 ) ) ;
#7328 = FILL_AREA_STYLE ('',( #10708 ) ) ;
#7329 = CARTESIAN_POINT ( 'NONE',  ( 63.91067609231115654, 93.35786437626902057, -4.999999999999338307 ) ) ;
#7330 = PRESENTATION_STYLE_ASSIGNMENT (( #2746 ) ) ;
#7331 = ORIENTED_EDGE ( 'NONE', *, *, #225, .T. ) ;
#7332 = FILL_AREA_STYLE_COLOUR ( '', #5572 ) ;
#7333 = ADVANCED_FACE ( 'NONE', ( #568, #9299 ), #3130, .F. ) ;
#7334 = EDGE_LOOP ( 'NONE', ( #6320, #9339, #848, #9335 ) ) ;
#7335 = CARTESIAN_POINT ( 'NONE',  ( 55.36083805122143531, 124.6363221528051923, -17.33237362414144656 ) ) ;
#7336 = EDGE_LOOP ( 'NONE', ( #5613, #5511, #2828, #6910 ) ) ;
#7337 = FACE_OUTER_BOUND ( 'NONE', #6342, .T. ) ;
#7338 = FACE_OUTER_BOUND ( 'NONE', #1216, .T. ) ;
#7339 = ORIENTED_EDGE ( 'NONE', *, *, #9132, .F. ) ;
#7340 = VERTEX_POINT ( 'NONE', #9849 ) ;
#7341 = CARTESIAN_POINT ( 'NONE',  ( 69.39528180232358068, 120.9812746648142365, -22.65606916219892852 ) ) ;
#7342 = CARTESIAN_POINT ( 'NONE',  ( -3.005988244198139631E-13, 0.000000000000000000, 42.42640687119286724 ) ) ;
#7343 = AXIS2_PLACEMENT_3D ( 'NONE', #3252, #10154, #814 ) ;
#7344 = CARTESIAN_POINT ( 'NONE',  ( 11.99999999999995737, 72.00000000000000000, 0.000000000000000000 ) ) ;
#7345 = ORIENTED_EDGE ( 'NONE', *, *, #10578, .F. ) ;
#7346 = CARTESIAN_POINT ( 'NONE',  ( -1.204745520963826659E-12, -6.000000000000000000, -44.27640687119407659 ) ) ;
#7347 = VERTEX_POINT ( 'NONE', #4785 ) ;
#7348 = CLOSED_SHELL ( 'NONE', ( #5440, #5607, #605, #705, #7576, #7027 ) ) ;
#7349 = ORIENTED_EDGE ( 'NONE', *, *, #1469, .F. ) ;
#7350 = CARTESIAN_POINT ( 'NONE',  ( -69.68458543542438122, 124.1125163652912562, 21.75067377878195174 ) ) ;
#7351 = VECTOR ( 'NONE', #4978, 1000.000000000000114 ) ;
#7352 = VECTOR ( 'NONE', #8175, 1000.000000000000000 ) ;
#7353 = ORIENTED_EDGE ( 'NONE', *, *, #2919, .F. ) ;
#7354 = DIRECTION ( 'NONE',  ( -0.000000000000000000, -1.000000000000000000, -0.000000000000000000 ) ) ;
#7355 = CARTESIAN_POINT ( 'NONE',  ( 60.05793892680053858, 10.00000000000000000, 36.72341514764446657 ) ) ;
#7356 = STYLED_ITEM ( 'NONE', ( #9937 ), #547 ) ;
#7357 = CARTESIAN_POINT ( 'NONE',  ( -5.000000000000007994, 53.00000000000000711, 63.91067609231115654 ) ) ;
#7358 = B_SPLINE_CURVE_WITH_KNOTS ( 'NONE', 3,
 ( #5981, #5015, #10042, #4237, #763, #8387, #6696, #45, #8427, #8460, #1723, #12, #5951, #5137, #6733, #10955, #6765, #2519, #7610, #3412, #898, #9246, #4176, #9209, #4216, #1696, #872, #5873, #3369, #2590, #10185, #791, #1658, #7647 ),
 .UNSPECIFIED., .F., .F.,
 ( 4, 2, 2, 2, 2, 2, 2, 2, 2, 2, 2, 2, 2, 2, 2, 2, 4 ),
 ( 0.000000000000000000, 0.03125000000000000000, 0.06250000000000000000, 0.09375000000000000000, 0.1250000000000000000, 0.1562500000000000000, 0.1875000000000000000, 0.2187500000000000000, 0.2500000000000000000, 0.2812500000000000000, 0.3125000000000000000, 0.3437500000000000000, 0.3750000000000000000, 0.4062500000000000000, 0.4375000000000000000, 0.4687500000000000000, 0.5000000000000000000 ),
 .UNSPECIFIED. ) ;
#7359 = FACE_OUTER_BOUND ( 'NONE', #6713, .T. ) ;
#7360 = ORIENTED_EDGE ( 'NONE', *, *, #6655, .T. ) ;
#7361 = PLANE ( 'NONE',  #6673 ) ;
#7362 = ORIENTED_EDGE ( 'NONE', *, *, #4748, .T. ) ;
#7363 = ORIENTED_EDGE ( 'NONE', *, *, #3126, .T. ) ;
#7364 = DIRECTION ( 'NONE',  ( -0.000000000000000000, -1.000000000000000000, -0.000000000000000000 ) ) ;
#7365 = ORIENTED_EDGE ( 'NONE', *, *, #7169, .F. ) ;
#7366 = FACE_OUTER_BOUND ( 'NONE', #3246, .T. ) ;
#7367 = ORIENTED_EDGE ( 'NONE', *, *, #1416, .T. ) ;
#7368 = CARTESIAN_POINT ( 'NONE',  ( 63.91067609231115654, 107.4989999999999810, 6.694287987874572456E-13 ) ) ;
#7369 = CARTESIAN_POINT ( 'NONE',  ( 0.000000000000000000, -53.00099999999999056, 67.86067609231115227 ) ) ;
#7370 = CARTESIAN_POINT ( 'NONE',  ( -1.204972080621668936E-12, 107.4999999999999858, -42.42640687119408227 ) ) ;
#7371 = VERTEX_POINT ( 'NONE', #6492 ) ;
#7372 = CARTESIAN_POINT ( 'NONE',  ( 20.12273722258264996, 125.2440741791392185, -70.17216318244474849 ) ) ;
#7373 = CARTESIAN_POINT ( 'NONE',  ( -11.66726188957804311, 10.00000000000000000, 11.66726188957804311 ) ) ;
#7374 = ORIENTED_EDGE ( 'NONE', *, *, #3849, .F. ) ;
#7375 = EDGE_CURVE ( 'NONE', #6463, #7842, #7759, .T. ) ;
#7376 = EDGE_CURVE ( 'NONE', #1394, #3232, #8231, .T. ) ;
#7377 = CIRCLE ( 'NONE', #4211, 1.850000000000006084 ) ;
#7378 = ADVANCED_FACE ( 'NONE', ( #4796 ), #5653, .F. ) ;
#7379 = ORIENTED_EDGE ( 'NONE', *, *, #10690, .T. ) ;
#7380 = CARTESIAN_POINT ( 'NONE',  ( 0.000000000000000000, 127.5000000000000000, 0.000000000000000000 ) ) ;
#7381 = EDGE_CURVE ( 'NONE', #841, #10258, #316, .T. ) ;
#7382 = ORIENTED_EDGE ( 'NONE', *, *, #10201, .T. ) ;
#7383 = ORIENTED_EDGE ( 'NONE', *, *, #4895, .T. ) ;
#7384 = AXIS2_PLACEMENT_3D ( 'NONE', #3149, #9934, #4073 ) ;
#7385 = DIRECTION ( 'NONE',  ( 0.000000000000000000, 1.000000000000000000, 0.000000000000000000 ) ) ;
#7386 = CARTESIAN_POINT ( 'NONE',  ( -3.005988244198139631E-13, 107.4999999999999858, 42.42640687119286724 ) ) ;
#7387 = CARTESIAN_POINT ( 'NONE',  ( 0.000000000000000000, 92.49999999999998579, 63.91067609231115654 ) ) ;
#7388 = EDGE_CURVE ( 'NONE', #6906, #7048, #1740, .T. ) ;
#7389 = CIRCLE ( 'NONE', #5695, 3.949999999999988187 ) ;
#7390 = CARTESIAN_POINT ( 'NONE',  ( -70.37804405993966839, 125.4238305153196649, 19.39057837274190987 ) ) ;
#7391 = AXIS2_PLACEMENT_3D ( 'NONE', #3193, #3308, #1467 ) ;
#7392 = ORIENTED_EDGE ( 'NONE', *, *, #8000, .T. ) ;
#7393 = VERTEX_POINT ( 'NONE', #1971 ) ;
#7394 = EDGE_CURVE ( 'NONE', #8262, #6828, #3352, .T. ) ;
#7395 = CARTESIAN_POINT ( 'NONE',  ( -54.89806205480707035, 121.4985874826541590, 18.79923204477142562 ) ) ;
#7396 = DIRECTION ( 'NONE',  ( 0.7071067811865474617, 0.000000000000000000, -0.7071067811865474617 ) ) ;
#7397 = DIRECTION ( 'NONE',  ( 0.000000000000000000, 0.000000000000000000, -1.000000000000000000 ) ) ;
#7398 = EDGE_CURVE ( 'NONE', #5888, #6195, #5983, .T. ) ;
#7399 =( GEOMETRIC_REPRESENTATION_CONTEXT ( 3 ) GLOBAL_UNCERTAINTY_ASSIGNED_CONTEXT ( ( #6859 ) ) GLOBAL_UNIT_ASSIGNED_CONTEXT ( ( #1682, #5970, #2613 ) ) REPRESENTATION_CONTEXT ( 'NONE', 'WORKASPACE' ) );
#7400 = CARTESIAN_POINT ( 'NONE',  ( 38.14350014734867500, 121.5000000000000000, 43.72964371872242140 ) ) ;
#7401 = CARTESIAN_POINT ( 'NONE',  ( -48.84627228797602072, 120.4747866318107015, -54.24983237549563597 ) ) ;
#7402 = FACE_OUTER_BOUND ( 'NONE', #5110, .T. ) ;
#7403 = ORIENTED_EDGE ( 'NONE', *, *, #9837, .T. ) ;
#7404 = AXIS2_PLACEMENT_3D ( 'NONE', #142, #5338, #7268 ) ;
#7405 = CARTESIAN_POINT ( 'NONE',  ( 9.999999999999957367, 15.00000000000000178, -64.00694410957875391 ) ) ;
#7406 = CARTESIAN_POINT ( 'NONE',  ( 26.11681342984624976, 0.000000000000000000, 26.11681342984624976 ) ) ;
#7407 = CARTESIAN_POINT ( 'NONE',  ( 40.28396119744451198, 125.3213000415973113, 41.73090639958780912 ) ) ;
#7408 = CARTESIAN_POINT ( 'NONE',  ( -11.99999999999996447, 72.00000000000000000, 62.20458146424481782 ) ) ;
#7409 = LINE ( 'NONE', #5730, #10313 ) ;
#7410 = CIRCLE ( 'NONE', #1569, 6.000000000000000000 ) ;
#7411 = CARTESIAN_POINT ( 'NONE',  ( 56.61386078069606498, 124.6580409002201435, -12.65649945707058244 ) ) ;
#7412 = MECHANICAL_DESIGN_GEOMETRIC_PRESENTATION_REPRESENTATION (  '', ( #6632 ), #3032 ) ;
#7413 = B_SPLINE_SURFACE_WITH_KNOTS ( 'NONE', 3, 1, ( 
 ( #3040, #5713 ),
 ( #8336, #4977 ),
 ( #3296, #663 ),
 ( #9153, #2370 ),
 ( #685, #627 ),
 ( #5795, #3986 ),
 ( #4025, #9195 ),
 ( #7529, #3251 ),
 ( #5757, #9931 ),
 ( #6685, #7395 ) ),
 .UNSPECIFIED., .F., .F., .F.,
 ( 4, 2, 2, 2, 4 ),
 ( 2, 2 ),
 ( 0.000000000000000000, 0.1249999999999999722, 0.2499999999999999445, 0.3749999999999998890, 0.4999999999999998890 ),
 ( 0.000000000000000000, 1.000000000000000000 ),
 .UNSPECIFIED. ) ;
#7414 = CARTESIAN_POINT ( 'NONE',  ( 0.000000000000000000, 33.00000000000000000, -64.00694410957875391 ) ) ;
#7415 = FILL_AREA_STYLE_COLOUR ( '', #7993 ) ;
#7416 = FACE_BOUND ( 'NONE', #6640, .T. ) ;
#7417 = EDGE_CURVE ( 'NONE', #312, #9843, #3476, .T. ) ;
#7418 = CARTESIAN_POINT ( 'NONE',  ( -56.34258253560515328, 125.2451595920924490, 13.78010067989454868 ) ) ;
#7419 = MECHANICAL_DESIGN_GEOMETRIC_PRESENTATION_REPRESENTATION (  '', ( #8196 ), #9541 ) ;
#7420 = UNCERTAINTY_MEASURE_WITH_UNIT (LENGTH_MEASURE( 1.000000000000000082E-05 ), #9499, 'distance_accuracy_value', 'NONE');
#7421 = ADVANCED_FACE ( 'NONE', ( #10750 ), #2280, .T. ) ;
#7422 = CYLINDRICAL_SURFACE ( 'NONE', #8722, 52.99999999999999289 ) ;
#7423 = CARTESIAN_POINT ( 'NONE',  ( -66.18446766623711142, 72.00000000000000000, 15.02265631979615712 ) ) ;
#7424 = DIRECTION ( 'NONE',  ( 0.000000000000000000, 0.000000000000000000, -1.000000000000000000 ) ) ;
#7425 = LINE ( 'NONE', #2748, #8605 ) ;
#7426 = CARTESIAN_POINT ( 'NONE',  ( 0.000000000000000000, 107.4999999999999858, 0.000000000000000000 ) ) ;
#7427 = CARTESIAN_POINT ( 'NONE',  ( -8.000000000000000000, 33.00000000000000000, 62.00694410957876102 ) ) ;
#7428 = CIRCLE ( 'NONE', #5139, 52.99999999999999289 ) ;
#7429 = DIRECTION ( 'NONE',  ( 0.000000000000000000, 1.000000000000000000, 0.000000000000000000 ) ) ;
#7430 = VECTOR ( 'NONE', #6046, 1000.000000000000000 ) ;
#7431 = EDGE_CURVE ( 'NONE', #8806, #8790, #8486, .T. ) ;
#7432 = CIRCLE ( 'NONE', #8216, 3.949999999999989075 ) ;
#7433 = FACE_OUTER_BOUND ( 'NONE', #978, .T. ) ;
#7434 = EDGE_CURVE ( 'NONE', #4039, #8553, #2543, .T. ) ;
#7435 = DIRECTION ( 'NONE',  ( -0.000000000000000000, -1.000000000000000000, -0.000000000000000000 ) ) ;
#7436 = CARTESIAN_POINT ( 'NONE',  ( 48.08326112068522207, 33.00000000000000000, -3.469446951953614189E-15 ) ) ;
#7437 = DIRECTION ( 'NONE',  ( 0.000000000000000000, 1.000000000000000000, 0.000000000000000000 ) ) ;
#7438 = PLANE ( 'NONE',  #6240 ) ;
#7439 = CARTESIAN_POINT ( 'NONE',  ( -6.938893903907228378E-15, 33.00000000000000000, -48.08326112068525759 ) ) ;
#7440 = ORIENTED_EDGE ( 'NONE', *, *, #533, .T. ) ;
#7441 = DIRECTION ( 'NONE',  ( 0.000000000000000000, 0.000000000000000000, -1.000000000000000000 ) ) ;
#7442 = LINE ( 'NONE', #5776, #689 ) ;
#7443 = LINE ( 'NONE', #10503, #3085 ) ;
#7444 = VERTEX_POINT ( 'NONE', #8547 ) ;
#7445 = EDGE_CURVE ( 'NONE', #454, #6731, #8097, .T. ) ;
#7446 = ORIENTED_EDGE ( 'NONE', *, *, #447, .F. ) ;
#7447 = AXIS2_PLACEMENT_3D ( 'NONE', #10700, #2258, #9016 ) ;
#7448 = CARTESIAN_POINT ( 'NONE',  ( -57.00694410957883917, 37.21044682205578624, -6.802362645333766444 ) ) ;
#7449 = CARTESIAN_POINT ( 'NONE',  ( 63.91067609231115654, 107.4999999999999858, 3.950000000000658762 ) ) ;
#7450 = VERTEX_POINT ( 'NONE', #2559 ) ;
#7451 = EDGE_CURVE ( 'NONE', #6043, #7999, #7823, .T. ) ;
#7452 = CARTESIAN_POINT ( 'NONE',  ( -56.53258501630448052, 125.0238078437618015, 13.01397609187230842 ) ) ;
#7453 = ORIENTED_EDGE ( 'NONE', *, *, #3838, .T. ) ;
#7454 = VECTOR ( 'NONE', #6485, 1000.000000000000000 ) ;
#7455 = ORIENTED_EDGE ( 'NONE', *, *, #10211, .F. ) ;
#7456 = DIRECTION ( 'NONE',  ( 1.040834085586084257E-14, 0.000000000000000000, 1.000000000000000000 ) ) ;
#7457 = AXIS2_PLACEMENT_3D ( 'NONE', #2368, #780, #9120 ) ;
#7458 = ORIENTED_EDGE ( 'NONE', *, *, #9118, .F. ) ;
#7459 = DIRECTION ( 'NONE',  ( 0.000000000000000000, 1.000000000000000000, 0.000000000000000000 ) ) ;
#7460 = SURFACE_SIDE_STYLE ('',( #3524 ) ) ;
#7461 = ORIENTED_EDGE ( 'NONE', *, *, #851, .T. ) ;
#7462 = DIRECTION ( 'NONE',  ( 0.000000000000000000, 1.000000000000000000, 0.000000000000000000 ) ) ;
#7463 = DIRECTION ( 'NONE',  ( 0.000000000000000000, 0.000000000000000000, 1.000000000000000000 ) ) ;
#7464 = ORIENTED_EDGE ( 'NONE', *, *, #239, .T. ) ;
#7465 = CARTESIAN_POINT ( 'NONE',  ( 0.000000000000000000, 115.4999999999999858, 0.000000000000000000 ) ) ;
#7466 = CIRCLE ( 'NONE', #5295, 71.00000000000001421 ) ;
#7467 = ORIENTED_EDGE ( 'NONE', *, *, #2572, .F. ) ;
#7468 = CARTESIAN_POINT ( 'NONE',  ( -18.67507940474995110, 122.5298245452801780, 54.93854219769347935 ) ) ;
#7469 = VERTEX_POINT ( 'NONE', #10193 ) ;
#7470 = DIRECTION ( 'NONE',  ( 0.000000000000000000, 1.000000000000000000, 0.000000000000000000 ) ) ;
#7471 = ORIENTED_EDGE ( 'NONE', *, *, #6798, .F. ) ;
#7472 = AXIS2_PLACEMENT_3D ( 'NONE', #10350, #358, #6221 ) ;
#7473 = ORIENTED_EDGE ( 'NONE', *, *, #6177, .F. ) ;
#7474 = ORIENTED_EDGE ( 'NONE', *, *, #9400, .F. ) ;
#7475 = CARTESIAN_POINT ( 'NONE',  ( 0.000000000000000000, 2.327753354443970006E-15, -48.08326112068525759 ) ) ;
#7476 = CARTESIAN_POINT ( 'NONE',  ( -12.00000000000026112, 72.00000000000000000, 4.189777606611850903E-14 ) ) ;
#7477 = CARTESIAN_POINT ( 'NONE',  ( 40.64590809813061867, 125.4236269801008774, 41.37651465026733888 ) ) ;
#7478 = CARTESIAN_POINT ( 'NONE',  ( -1.734723475976807094E-14, 49.50000000000000000, 48.08326112068521496 ) ) ;
#7479 = PRESENTATION_STYLE_ASSIGNMENT (( #9397 ) ) ;
#7480 = FACE_OUTER_BOUND ( 'NONE', #2078, .T. ) ;
#7481 = EDGE_LOOP ( 'NONE', ( #3086, #198 ) ) ;
#7482 = ADVANCED_FACE ( 'NONE', ( #8897 ), #2525, .T. ) ;
#7483 = DIRECTION ( 'NONE',  ( 0.000000000000000000, 0.000000000000000000, 1.000000000000000000 ) ) ;
#7484 = EDGE_LOOP ( 'NONE', ( #756, #2593, #2869, #8685 ) ) ;
#7485 = EDGE_LOOP ( 'NONE', ( #2065, #4841 ) ) ;
#7486 = ORIENTED_EDGE ( 'NONE', *, *, #5976, .F. ) ;
#7487 = ORIENTED_EDGE ( 'NONE', *, *, #3471, .T. ) ;
#7488 = FACE_OUTER_BOUND ( 'NONE', #1608, .T. ) ;
#7489 = DIRECTION ( 'NONE',  ( -0.000000000000000000, -1.000000000000000000, -0.000000000000000000 ) ) ;
#7490 = DIRECTION ( 'NONE',  ( 0.000000000000000000, 0.000000000000000000, 1.000000000000000000 ) ) ;
#7491 = VECTOR ( 'NONE', #6586, 1000.000000000000000 ) ;
#7492 = ORIENTED_EDGE ( 'NONE', *, *, #3351, .F. ) ;
#7493 = PRESENTATION_LAYER_ASSIGNMENT (  '', '', ( #10315 ) ) ;
#7494 =( NAMED_UNIT ( * ) PLANE_ANGLE_UNIT ( ) SI_UNIT ( $, .RADIAN. ) );
#7495 = CARTESIAN_POINT ( 'NONE',  ( -43.64324716406365923, 122.5197679871140224, -38.23965223796071911 ) ) ;
#7496 = LINE ( 'NONE', #4348, #9345 ) ;
#7497 = CARTESIAN_POINT ( 'NONE',  ( -71.26004704192177996, 123.9094777951133892, 15.84381214137858507 ) ) ;
#7498 = EDGE_LOOP ( 'NONE', ( #2107, #5126, #5359, #1078, #7992 ) ) ;
#7499 = ORIENTED_EDGE ( 'NONE', *, *, #8456, .T. ) ;
#7500 = LINE ( 'NONE', #9226, #1289 ) ;
#7501 = EDGE_LOOP ( 'NONE', ( #6914, #2874, #2972, #2438 ) ) ;
#7502 = FACE_OUTER_BOUND ( 'NONE', #2851, .T. ) ;
#7503 = AXIS2_PLACEMENT_3D ( 'NONE', #6616, #8272, #2394 ) ;
#7504 = ORIENTED_EDGE ( 'NONE', *, *, #3288, .T. ) ;
#7505 = CARTESIAN_POINT ( 'NONE',  ( -66.18446766623711142, 72.00000000000000000, 13.17265631979615037 ) ) ;
#7506 = DIRECTION ( 'NONE',  ( -0.7071067811865474617, 0.000000000000000000, -0.7071067811865474617 ) ) ;
#7507 = CARTESIAN_POINT ( 'NONE',  ( -53.43157126078725838, 118.5240787878594091, -49.74032948471690219 ) ) ;
#7508 = ORIENTED_EDGE ( 'NONE', *, *, #2685, .F. ) ;
#7509 = VERTEX_POINT ( 'NONE', #4247 ) ;
#7510 = LINE ( 'NONE', #7813, #873 ) ;
#7511 = COLOUR_RGB ( '',0.7921568627450980005, 0.8196078431372548767, 0.9333333333333333481 ) ;
#7512 = CARTESIAN_POINT ( 'NONE',  ( -9.999999999999957367, 15.00000000000000000, 62.00694410957876102 ) ) ;
#7513 =( NAMED_UNIT ( * ) PLANE_ANGLE_UNIT ( ) SI_UNIT ( $, .RADIAN. ) );
#7514 = DIRECTION ( 'NONE',  ( 1.040834085586084257E-14, 0.000000000000000000, 1.000000000000000000 ) ) ;
#7515 = EDGE_CURVE ( 'NONE', #5594, #9828, #176, .T. ) ;
#7516 = CARTESIAN_POINT ( 'NONE',  ( 7.961547261722712326E-13, 33.00000000000000000, 57.00694410957876812 ) ) ;
#7517 = ORIENTED_EDGE ( 'NONE', *, *, #3205, .T. ) ;
#7518 = DIRECTION ( 'NONE',  ( -0.000000000000000000, 1.000000000000000000, -0.000000000000000000 ) ) ;
#7519 = EDGE_CURVE ( 'NONE', #4068, #8130, #1339, .T. ) ;
#7520 = VECTOR ( 'NONE', #1389, 1000.000000000000000 ) ;
#7521 = PRESENTATION_LAYER_ASSIGNMENT (  '', '', ( #9787 ) ) ;
#7522 = ORIENTED_EDGE ( 'NONE', *, *, #8517, .T. ) ;
#7523 = CARTESIAN_POINT ( 'NONE',  ( -57.00694410957870417, 33.00000000000000000, 6.000000000000596856 ) ) ;
#7524 = CARTESIAN_POINT ( 'NONE',  ( -41.38074165539561022, 125.4229510342337903, -40.64162901350194801 ) ) ;
#7525 = EDGE_CURVE ( 'NONE', #8020, #10243, #3998, .T. ) ;
#7526 = CARTESIAN_POINT ( 'NONE',  ( -70.44620139305983741, 125.4502621270701326, 19.14158935360797287 ) ) ;
#7527 = FACE_BOUND ( 'NONE', #2884, .T. ) ;
#7528 = ADVANCED_FACE ( 'NONE', ( #1602 ), #9284, .T. ) ;
#7529 = CARTESIAN_POINT ( 'NONE',  ( -69.60786530413236051, 119.4426215047595861, 22.30536546949684507 ) ) ;
#7530 = CARTESIAN_POINT ( 'NONE',  ( 43.46917597822829293, 10.00000000000000000, 17.92290219283990282 ) ) ;
#7531 = DIRECTION ( 'NONE',  ( -0.000000000000000000, 1.000000000000000000, -0.000000000000000000 ) ) ;
#7532 = CARTESIAN_POINT ( 'NONE',  ( 12.12207394247003478, 118.8888371472315555, -56.73536537411167302 ) ) ;
#7533 = EDGE_CURVE ( 'NONE', #8941, #4749, #9813, .T. ) ;
#7534 = STYLED_ITEM ( 'NONE', ( #10426 ), #4671 ) ;
#7535 = CARTESIAN_POINT ( 'NONE',  ( -52.51157019505468071, 117.7553379789135022, -50.71086197560965303 ) ) ;
#7536 = DIRECTION ( 'NONE',  ( -1.443099686290235483E-16, -1.000000000000000000, 1.443099686290234744E-16 ) ) ;
#7537 = LINE ( 'NONE', #9249, #1972 ) ;
#7538 = AXIS2_PLACEMENT_3D ( 'NONE', #7733, #9293, #2609 ) ;
#7539 = CARTESIAN_POINT ( 'NONE',  ( 0.000000000000000000, 109.4999999999999858, -71.00000000000001421 ) ) ;
#7540 = CARTESIAN_POINT ( 'NONE',  ( -12.00000000000048850, 53.00000000000000711, -62.20458146424513046 ) ) ;
#7541 = SURFACE_SIDE_STYLE ('',( #2797 ) ) ;
#7542 = CARTESIAN_POINT ( 'NONE',  ( 36.72341514764445947, 0.000000000000000000, 57.93661858324089309 ) ) ;
#7543 = CARTESIAN_POINT ( 'NONE',  ( 13.38889136848837680, 0.000000000000000000, 36.72341514764445947 ) ) ;
#7544 = DIRECTION ( 'NONE',  ( 0.000000000000000000, 1.000000000000000000, 0.000000000000000000 ) ) ;
#7545 = PLANE ( 'NONE',  #10251 ) ;
#7546 = SURFACE_SIDE_STYLE ('',( #5254 ) ) ;
#7547 = PRESENTATION_STYLE_ASSIGNMENT (( #6676 ) ) ;
#7548 =( NAMED_UNIT ( * ) SI_UNIT ( $, .STERADIAN. ) SOLID_ANGLE_UNIT ( ) );
#7549 = AXIS2_PLACEMENT_3D ( 'NONE', #4435, #4512, #6245 ) ;
#7550 = CIRCLE ( 'NONE', #5348, 71.00000000000001421 ) ;
#7551 = AXIS2_PLACEMENT_3D ( 'NONE', #3019, #8855, #9626 ) ;
#7552 = DIRECTION ( 'NONE',  ( 0.000000000000000000, 0.000000000000000000, -1.000000000000000000 ) ) ;
#7553 = CARTESIAN_POINT ( 'NONE',  ( 57.00694410957876812, 33.00000000000000000, -1.990386815430677324E-13 ) ) ;
#7554 = FACE_OUTER_BOUND ( 'NONE', #8023, .T. ) ;
#7555 = LINE ( 'NONE', #4953, #3066 ) ;
#7556 = AXIS2_PLACEMENT_3D ( 'NONE', #1101, #367, #7128 ) ;
#7557 = CARTESIAN_POINT ( 'NONE',  ( 64.00694410957879654, 15.00000000000000000, 11.99999999999973355 ) ) ;
#7558 = ORIENTED_EDGE ( 'NONE', *, *, #7883, .T. ) ;
#7559 = CARTESIAN_POINT ( 'NONE',  ( 16.92682638972417664, 117.9684973922954612, -71.10750337205126925 ) ) ;
#7560 = DIRECTION ( 'NONE',  ( 0.000000000000000000, 0.000000000000000000, -1.000000000000000000 ) ) ;
#7561 = CARTESIAN_POINT ( 'NONE',  ( 18.29821252896806882, 119.5188384137640867, -55.05998761192251578 ) ) ;
#7562 = VECTOR ( 'NONE', #2860, 1000.000000000000000 ) ;
#7563 = CARTESIAN_POINT ( 'NONE',  ( 70.64581074187306342, 125.4230954411308687, -18.39111237284772926 ) ) ;
#7564 = EDGE_CURVE ( 'NONE', #7618, #9165, #6510, .T. ) ;
#7565 = EDGE_CURVE ( 'NONE', #10641, #7469, #5047, .T. ) ;
#7566 = EDGE_LOOP ( 'NONE', ( #2712, #4315, #947, #2974 ) ) ;
#7567 = EDGE_CURVE ( 'NONE', #5269, #10420, #38, .T. ) ;
#7568 = LINE ( 'NONE', #9254, #5332 ) ;
#7569 = CARTESIAN_POINT ( 'NONE',  ( 64.00694410957872549, 33.00000000000000000, -6.000000000000223821 ) ) ;
#7570 = VECTOR ( 'NONE', #3919, 1000.000000000000000 ) ;
#7571 = VERTEX_POINT ( 'NONE', #3560 ) ;
#7572 = DIRECTION ( 'NONE',  ( -0.7071067811865477948, 0.000000000000000000, -0.7071067811865473507 ) ) ;
#7573 = CARTESIAN_POINT ( 'NONE',  ( -25.10229073212242668, 13.00000000000000178, -25.10229073212244799 ) ) ;
#7574 = AXIS2_PLACEMENT_3D ( 'NONE', #2594, #10167, #8435 ) ;
#7575 = ORIENTED_EDGE ( 'NONE', *, *, #1044, .T. ) ;
#7576 = ADVANCED_FACE ( 'NONE', ( #4254 ), #159, .T. ) ;
#7577 = CARTESIAN_POINT ( 'NONE',  ( -15.69263254813893482, 0.000000000000000000, 15.69263254813896680 ) ) ;
#7578 = ORIENTED_EDGE ( 'NONE', *, *, #10735, .F. ) ;
#7579 = ORIENTED_EDGE ( 'NONE', *, *, #4121, .F. ) ;
#7580 = EDGE_CURVE ( 'NONE', #3399, #8587, #804, .T. ) ;
#7581 = VECTOR ( 'NONE', #8695, 1000.000000000000000 ) ;
#7582 = EDGE_LOOP ( 'NONE', ( #4882, #3826 ) ) ;
#7583 = PRESENTATION_LAYER_ASSIGNMENT (  '', '', ( #7026 ) ) ;
#7584 = CARTESIAN_POINT ( 'NONE',  ( 53.43107633294957282, 124.4765533686569086, 49.74086186467284421 ) ) ;
#7585 = PLANE ( 'NONE',  #7538 ) ;
#7586 = EDGE_CURVE ( 'NONE', #6734, #10542, #5848, .T. ) ;
#7587 = CARTESIAN_POINT ( 'NONE',  ( 36.72341514764445947, 10.00000000000000000, 13.38889136848839456 ) ) ;
#7588 = ORIENTED_EDGE ( 'NONE', *, *, #402, .T. ) ;
#7589 = CARTESIAN_POINT ( 'NONE',  ( -43.59224171101490697, 122.7685841802365019, -38.29631412765421317 ) ) ;
#7590 = VERTEX_POINT ( 'NONE', #7864 ) ;
#7591 = EDGE_CURVE ( 'NONE', #9488, #1266, #9288, .T. ) ;
#7592 = CARTESIAN_POINT ( 'NONE',  ( -43.45019254114438922, 119.4426215047596287, -38.45874367363214219 ) ) ;
#7593 =( GEOMETRIC_REPRESENTATION_CONTEXT ( 3 ) GLOBAL_UNCERTAINTY_ASSIGNED_CONTEXT ( ( #6041 ) ) GLOBAL_UNIT_ASSIGNED_CONTEXT ( ( #1034, #5342, #6084 ) ) REPRESENTATION_CONTEXT ( 'NONE', 'WORKASPACE' ) );
#7594 = CYLINDRICAL_SURFACE ( 'NONE', #10891, 71.00000000000001421 ) ;
#7595 = COLOUR_RGB ( '',1.000000000000000000, 0.5019607843137254832, 0.7529411764705882248 ) ;
#7596 = ORIENTED_EDGE ( 'NONE', *, *, #30, .F. ) ;
#7597 = EDGE_LOOP ( 'NONE', ( #4793, #7362, #3701, #6171 ) ) ;
#7598 = CARTESIAN_POINT ( 'NONE',  ( 0.000000000000000000, 127.5000000000000000, 0.000000000000000000 ) ) ;
#7599 = DIRECTION ( 'NONE',  ( 0.000000000000000000, -1.000000000000000000, 0.000000000000000000 ) ) ;
#7600 = ORIENTED_EDGE ( 'NONE', *, *, #5399, .T. ) ;
#7601 = ORIENTED_EDGE ( 'NONE', *, *, #9149, .F. ) ;
#7602 = CARTESIAN_POINT ( 'NONE',  ( 69.51194713838704331, 123.2508073318803525, -22.29571649567689207 ) ) ;
#7603 = ORIENTED_EDGE ( 'NONE', *, *, #8661, .F. ) ;
#7604 = AXIS2_PLACEMENT_3D ( 'NONE', #8628, #2798, #4383 ) ;
#7605 = ORIENTED_EDGE ( 'NONE', *, *, #1350, .T. ) ;
#7606 = DIRECTION ( 'NONE',  ( 0.000000000000000000, -0.000000000000000000, 1.000000000000000000 ) ) ;
#7607 = VECTOR ( 'NONE', #10900, 1000.000000000000000 ) ;
#7608 = FACE_OUTER_BOUND ( 'NONE', #214, .T. ) ;
#7609 = ORIENTED_EDGE ( 'NONE', *, *, #7515, .T. ) ;
#7610 = CARTESIAN_POINT ( 'NONE',  ( 41.37406365569483313, 117.5760051551052783, 40.64838931787458876 ) ) ;
#7611 = ORIENTED_EDGE ( 'NONE', *, *, #897, .T. ) ;
#7612 = CARTESIAN_POINT ( 'NONE',  ( 48.81425339555149634, 121.5000000000000000, 54.40039696692524274 ) ) ;
#7613 = CARTESIAN_POINT ( 'NONE',  ( -69.45058535079922990, 120.2266437635191068, 22.48613018974523925 ) ) ;
#7614 = DIRECTION ( 'NONE',  ( 0.000000000000000000, 0.000000000000000000, 1.000000000000000000 ) ) ;
#7615 = ORIENTED_EDGE ( 'NONE', *, *, #2355, .F. ) ;
#7616 = DIRECTION ( 'NONE',  ( -0.7071067811865479058, 0.000000000000000000, 0.7071067811865472397 ) ) ;
#7617 = CARTESIAN_POINT ( 'NONE',  ( -57.00694410957876812, 33.00000000000000000, 5.971160446292032477E-13 ) ) ;
#7618 = VERTEX_POINT ( 'NONE', #3707 ) ;
#7619 = VERTEX_POINT ( 'NONE', #2813 ) ;
#7620 = ORIENTED_EDGE ( 'NONE', *, *, #580, .F. ) ;
#7621 = VECTOR ( 'NONE', #9790, 1000.000000000000000 ) ;
#7622 = VECTOR ( 'NONE', #688, 1000.000000000000000 ) ;
#7623 = ORIENTED_EDGE ( 'NONE', *, *, #9091, .F. ) ;
#7624 = DIRECTION ( 'NONE',  ( -0.000000000000000000, -1.000000000000000000, -0.000000000000000000 ) ) ;
#7625 =( GEOMETRIC_REPRESENTATION_CONTEXT ( 3 ) GLOBAL_UNCERTAINTY_ASSIGNED_CONTEXT ( ( #10199 ) ) GLOBAL_UNIT_ASSIGNED_CONTEXT ( ( #5772, #10819, #5729 ) ) REPRESENTATION_CONTEXT ( 'NONE', 'WORKASPACE' ) );
#7626 = CIRCLE ( 'NONE', #125, 8.000000000000000000 ) ;
#7627 = ORIENTED_EDGE ( 'NONE', *, *, #6091, .F. ) ;
#7628 = VERTEX_POINT ( 'NONE', #980 ) ;
#7629 = CARTESIAN_POINT ( 'NONE',  ( 62.00694410957873970, 33.00000000000000000, -8.000000000000216716 ) ) ;
#7630 = CARTESIAN_POINT ( 'NONE',  ( 0.000000000000000000, 107.4999999999999858, 0.000000000000000000 ) ) ;
#7631 = AXIS2_PLACEMENT_3D ( 'NONE', #9741, #2239, #3969 ) ;
#7632 = EDGE_LOOP ( 'NONE', ( #6187, #481, #10374, #2302 ) ) ;
#7633 = CARTESIAN_POINT ( 'NONE',  ( -15.07454663151878549, 120.4673962467907842, 71.51917625604299644 ) ) ;
#7634 = VECTOR ( 'NONE', #2558, 1000.000000000000000 ) ;
#7635 = ORIENTED_EDGE ( 'NONE', *, *, #447, .T. ) ;
#7636 = EDGE_LOOP ( 'NONE', ( #7111, #10373 ) ) ;
#7637 = ADVANCED_FACE ( 'NONE', ( #1208 ), #1915, .T. ) ;
#7638 = SURFACE_STYLE_USAGE ( .BOTH. , #7783 ) ;
#7639 = AXIS2_PLACEMENT_3D ( 'NONE', #7857, #3776, #1956 ) ;
#7640 = CARTESIAN_POINT ( 'NONE',  ( 23.68807716974926336, 72.00000000000000000, -23.68807716974938771 ) ) ;
#7641 = EDGE_CURVE ( 'NONE', #10640, #2757, #10072, .T. ) ;
#7642 = CARTESIAN_POINT ( 'NONE',  ( 70.83224456579556261, 125.2440741791392185, -17.65927996278698586 ) ) ;
#7643 = CIRCLE ( 'NONE', #2002, 5.000000000000007994 ) ;
#7644 = CARTESIAN_POINT ( 'NONE',  ( -63.91067609231115654, 110.4999999999999858, -3.950000000000212008 ) ) ;
#7645 = ORIENTED_EDGE ( 'NONE', *, *, #8907, .F. ) ;
#7646 = COLOUR_RGB ( '',1.000000000000000000, 1.000000000000000000, 1.000000000000000000 ) ;
#7647 = CARTESIAN_POINT ( 'NONE',  ( 43.72964354981449020, 121.4985874826541874, 38.14350033561124320 ) ) ;
#7648 = DIRECTION ( 'NONE',  ( -0.000000000000000000, -1.000000000000000000, -0.000000000000000000 ) ) ;
#7649 = CARTESIAN_POINT ( 'NONE',  ( -69.68448688425594639, 118.8879053478042209, 21.75098784705528843 ) ) ;
#7650 = DIRECTION ( 'NONE',  ( -0.000000000000000000, -1.000000000000000000, -0.000000000000000000 ) ) ;
#7651 = DIRECTION ( 'NONE',  ( 0.7071067811865482389, 0.000000000000000000, -0.7071067811865469066 ) ) ;
#7652 = DIRECTION ( 'NONE',  ( 1.000000000000000000, 0.000000000000000000, -3.491481338843133355E-15 ) ) ;
#7653 = EDGE_CURVE ( 'NONE', #10682, #10232, #2008, .T. ) ;
#7654 = LINE ( 'NONE', #2474, #640 ) ;
#7655 = CARTESIAN_POINT ( 'NONE',  ( 6.490628035480970741E-15, -42.40663761154805655, -52.99999999999999289 ) ) ;
#7656 = AXIS2_PLACEMENT_3D ( 'NONE', #5369, #1019, #6218 ) ;
#7657 = LINE ( 'NONE', #4113, #9257 ) ;
#7658 = CARTESIAN_POINT ( 'NONE',  ( -18.64599804749551026, 125.4502621270700331, 70.57899468330859349 ) ) ;
#7659 = ORIENTED_EDGE ( 'NONE', *, *, #4848, .T. ) ;
#7660 = EDGE_CURVE ( 'NONE', #1124, #5889, #5585, .T. ) ;
#7661 = DIRECTION ( 'NONE',  ( -3.469446951953613696E-16, 0.000000000000000000, -1.000000000000000000 ) ) ;
#7662 = UNCERTAINTY_MEASURE_WITH_UNIT (LENGTH_MEASURE( 1.000000000000000082E-05 ), #3695, 'distance_accuracy_value', 'NONE');
#7663 = EDGE_CURVE ( 'NONE', #489, #3899, #8222, .T. ) ;
#7664 = AXIS2_PLACEMENT_3D ( 'NONE', #8805, #8988, #3508 ) ;
#7665 = LINE ( 'NONE', #7573, #8195 ) ;
#7666 = CARTESIAN_POINT ( 'NONE',  ( 48.84558094170831311, 122.5214652262238104, 54.25045480794481279 ) ) ;
#7667 = DIRECTION ( 'NONE',  ( 0.000000000000000000, 1.000000000000000000, -0.000000000000000000 ) ) ;
#7668 = LINE ( 'NONE', #9453, #3840 ) ;
#7669 = CARTESIAN_POINT ( 'NONE',  ( -15.48691951478551232, 119.4426215047596145, 71.43486239133247295 ) ) ;
#7670 =( GEOMETRIC_REPRESENTATION_CONTEXT ( 3 ) GLOBAL_UNCERTAINTY_ASSIGNED_CONTEXT ( ( #2011 ) ) GLOBAL_UNIT_ASSIGNED_CONTEXT ( ( #9684, #1291, #5476 ) ) REPRESENTATION_CONTEXT ( 'NONE', 'WORKASPACE' ) );
#7671 = PLANE ( 'NONE',  #6270 ) ;
#7672 = DIRECTION ( 'NONE',  ( -0.7071067811865476838, 0.000000000000000000, 0.7071067811865474617 ) ) ;
#7673 = DIRECTION ( 'NONE',  ( -0.7071067811865475727, 0.000000000000000000, -0.7071067811865475727 ) ) ;
#7674 = EDGE_CURVE ( 'NONE', #8009, #456, #6778, .T. ) ;
#7675 = CARTESIAN_POINT ( 'NONE',  ( -43.18558205770386138, 119.0926397308565612, -38.74338703206800716 ) ) ;
#7676 = CARTESIAN_POINT ( 'NONE',  ( -63.91067609231115654, 107.4989999999999810, -3.950000000000212008 ) ) ;
#7677 = LINE ( 'NONE', #3704, #10323 ) ;
#7678 = CARTESIAN_POINT ( 'NONE',  ( -8.000000000000000000, 33.00000000000000000, 58.20458146424483914 ) ) ;
#7679 = CARTESIAN_POINT ( 'NONE',  ( 54.40039679801732575, 121.4985874826541732, 48.81425358381407875 ) ) ;
#7680 = CARTESIAN_POINT ( 'NONE',  ( -71.09761048974601749, 118.3596283656350323, 16.55825519997259576 ) ) ;
#7681 = CARTESIAN_POINT ( 'NONE',  ( -66.18446766623713984, 72.00000000000000000, -13.17265631979592300 ) ) ;
#7682 = CARTESIAN_POINT ( 'NONE',  ( 0.000000000000000000, 92.49999999999998579, -59.96067609231116791 ) ) ;
#7683 = DIRECTION ( 'NONE',  ( 0.000000000000000000, 0.000000000000000000, 1.000000000000000000 ) ) ;
#7684 = ADVANCED_FACE ( 'NONE', ( #6116 ), #2781, .T. ) ;
#7685 = CARTESIAN_POINT ( 'NONE',  ( 48.08326112068522917, 16.50000000000000000, -3.469446951953614189E-15 ) ) ;
#7686 = PRESENTATION_LAYER_ASSIGNMENT (  '', '', ( #7150 ) ) ;
#7687 = PLANE ( 'NONE',  #5447 ) ;
#7688 = VECTOR ( 'NONE', #6587, 1000.000000000000000 ) ;
#7689 = VECTOR ( 'NONE', #5100, 1000.000000000000000 ) ;
#7690 = CARTESIAN_POINT ( 'NONE',  ( 50.88970135473088874, 125.3208970214321454, 52.33834049445551528 ) ) ;
#7691 = DIRECTION ( 'NONE',  ( 0.7071067811865474617, -0.000000000000000000, 0.7071067811865476838 ) ) ;
#7692 = CARTESIAN_POINT ( 'NONE',  ( 0.000000000000000000, 107.4999999999999858, 0.000000000000000000 ) ) ;
#7693 = CARTESIAN_POINT ( 'NONE',  ( 6.434615230584167733, 72.00000000000000000, -53.81076957008284012 ) ) ;
#7694 = DIRECTION ( 'NONE',  ( 1.000000000000000000, -0.000000000000000000, 3.598612394304551938E-15 ) ) ;
#7695 = ORIENTED_EDGE ( 'NONE', *, *, #5121, .T. ) ;
#7696 = FACE_OUTER_BOUND ( 'NONE', #8935, .T. ) ;
#7697 = FACE_OUTER_BOUND ( 'NONE', #10126, .T. ) ;
#7698 = ORIENTED_EDGE ( 'NONE', *, *, #4474, .F. ) ;
#7699 = CARTESIAN_POINT ( 'NONE',  ( -17.92382516108186152, 117.5494486574988713, 70.86644193732959707 ) ) ;
#7700 = ORIENTED_EDGE ( 'NONE', *, *, #717, .F. ) ;
#7701 = PLANE ( 'NONE',  #6213 ) ;
#7702 = ORIENTED_EDGE ( 'NONE', *, *, #8789, .F. ) ;
#7703 = DIRECTION ( 'NONE',  ( 0.000000000000000000, 1.000000000000000000, 0.000000000000000000 ) ) ;
#7704 = EDGE_LOOP ( 'NONE', ( #4396, #2554, #9028, #3089 ) ) ;
#7705 = CARTESIAN_POINT ( 'NONE',  ( 70.77118313748377432, 125.3208970214321454, -17.90260391697227149 ) ) ;
#7706 = COLOUR_RGB ( '',1.000000000000000000, 0.5019607843137254832, 0.7529411764705882248 ) ;
#7707 = ORIENTED_EDGE ( 'NONE', *, *, #7316, .T. ) ;
#7708 = FILL_AREA_STYLE_COLOUR ( '', #4087 ) ;
#7709 = EDGE_CURVE ( 'NONE', #5793, #3172, #10887, .T. ) ;
#7710 = ORIENTED_EDGE ( 'NONE', *, *, #4895, .F. ) ;
#7711 = VERTEX_POINT ( 'NONE', #3630 ) ;
#7712 = EDGE_CURVE ( 'NONE', #6965, #725, #2150, .T. ) ;
#7713 = ORIENTED_EDGE ( 'NONE', *, *, #5810, .T. ) ;
#7714 = CARTESIAN_POINT ( 'NONE',  ( 0.000000000000000000, 51.00000000000000711, 0.000000000000000000 ) ) ;
#7715 = CARTESIAN_POINT ( 'NONE',  ( -70.83069973842940215, 117.7552649352297323, 17.66547974766362472 ) ) ;
#7716 = DIRECTION ( 'NONE',  ( 0.000000000000000000, 0.000000000000000000, 1.000000000000000000 ) ) ;
#7717 = DIRECTION ( 'NONE',  ( -0.7071067811865475727, 0.000000000000000000, 0.7071067811865474617 ) ) ;
#7718 = PLANE ( 'NONE',  #10940 ) ;
#7719 = VECTOR ( 'NONE', #2534, 1000.000000000000000 ) ;
#7720 = FACE_OUTER_BOUND ( 'NONE', #4429, .T. ) ;
#7721 = VERTEX_POINT ( 'NONE', #10346 ) ;
#7722 = CARTESIAN_POINT ( 'NONE',  ( -20.57675085431533546, 72.00000000000000000, -67.95290519381374850 ) ) ;
#7723 = ORIENTED_EDGE ( 'NONE', *, *, #3549, .T. ) ;
#7724 = CARTESIAN_POINT ( 'NONE',  ( -15.15743148494711257, 122.5375564728903157, 71.40932254881828101 ) ) ;
#7725 = ORIENTED_EDGE ( 'NONE', *, *, #5092, .F. ) ;
#7726 = ORIENTED_EDGE ( 'NONE', *, *, #9068, .F. ) ;
#7727 = EDGE_CURVE ( 'NONE', #2288, #1604, #3604, .T. ) ;
#7728 = ORIENTED_EDGE ( 'NONE', *, *, #7712, .F. ) ;
#7729 = CARTESIAN_POINT ( 'NONE',  ( 62.00694410957874680, 53.00000000000000711, -4.623397510264027233 ) ) ;
#7730 =( GEOMETRIC_REPRESENTATION_CONTEXT ( 3 ) GLOBAL_UNCERTAINTY_ASSIGNED_CONTEXT ( ( #62 ) ) GLOBAL_UNIT_ASSIGNED_CONTEXT ( ( #1039, #1120, #6237 ) ) REPRESENTATION_CONTEXT ( 'NONE', 'WORKASPACE' ) );
#7731 = LINE ( 'NONE', #5942, #7351 ) ;
#7732 = FILL_AREA_STYLE ('',( #3639 ) ) ;
#7733 = CARTESIAN_POINT ( 'NONE',  ( 0.000000000000000000, 33.00000000000000000, -57.00694410957876812 ) ) ;
#7734 = CIRCLE ( 'NONE', #1214, 1.850000000000004530 ) ;
#7735 = EDGE_LOOP ( 'NONE', ( #6695, #2034 ) ) ;
#7736 = DIRECTION ( 'NONE',  ( 0.000000000000000000, 0.000000000000000000, -1.000000000000000000 ) ) ;
#7737 = CARTESIAN_POINT ( 'NONE',  ( -1.204745520963826659E-12, 107.4999999999999858, -40.57640687119408796 ) ) ;
#7738 = ORIENTED_EDGE ( 'NONE', *, *, #5308, .T. ) ;
#7739 = EDGE_LOOP ( 'NONE', ( #4921, #8516, #4029, #3805 ) ) ;
#7740 = EDGE_CURVE ( 'NONE', #5594, #5639, #10338, .T. ) ;
#7741 = CARTESIAN_POINT ( 'NONE',  ( 56.85636215690867346, 123.5667773864315109, -11.58990135673681188 ) ) ;
#7742 = VERTEX_POINT ( 'NONE', #2146 ) ;
#7743 = AXIS2_PLACEMENT_3D ( 'NONE', #10348, #9619, #3676 ) ;
#7744 = EDGE_LOOP ( 'NONE', ( #8391, #1785, #235, #3675 ) ) ;
#7745 = EDGE_LOOP ( 'NONE', ( #5850, #6403, #1496, #9628 ) ) ;
#7746 = ORIENTED_EDGE ( 'NONE', *, *, #4470, .T. ) ;
#7747 = DIRECTION ( 'NONE',  ( 0.000000000000000000, 1.000000000000000000, 0.000000000000000000 ) ) ;
#7748 = ADVANCED_FACE ( 'NONE', ( #3343, #8624 ), #3010, .T. ) ;
#7749 = VERTEX_POINT ( 'NONE', #9727 ) ;
#7750 = CARTESIAN_POINT ( 'NONE',  ( 30.12269240033350570, 72.00000000000000000, -30.12269240033351281 ) ) ;
#7751 = CARTESIAN_POINT ( 'NONE',  ( 71.09832006861941522, 124.6386556455851462, -16.55521922637209897 ) ) ;
#7752 = MECHANICAL_DESIGN_GEOMETRIC_PRESENTATION_REPRESENTATION (  '', ( #6420 ), #5837 ) ;
#7753 = CIRCLE ( 'NONE', #4081, 1.850000000000004530 ) ;
#7754 = DIRECTION ( 'NONE',  ( 1.000000000000000000, 0.000000000000000000, 0.000000000000000000 ) ) ;
#7755 = ORIENTED_EDGE ( 'NONE', *, *, #2708, .F. ) ;
#7756 = ORIENTED_EDGE ( 'NONE', *, *, #9784, .T. ) ;
#7757 = CARTESIAN_POINT ( 'NONE',  ( 8.541381898081693427E-15, 109.4999999999999858, 69.74567609231115739 ) ) ;
#7758 = ORIENTED_EDGE ( 'NONE', *, *, #10262, .F. ) ;
#7759 =( BOUNDED_CURVE ( )  B_SPLINE_CURVE ( 3, ( #2246, #435, #6356, #1279 ),
 .UNSPECIFIED., .F., .F. ) 
 B_SPLINE_CURVE_WITH_KNOTS ( ( 4, 4 ),
 ( 5.728935158963965435, 6.283185307179586232 ),
 .UNSPECIFIED. ) 
 CURVE ( )  GEOMETRIC_REPRESENTATION_ITEM ( )  RATIONAL_B_SPLINE_CURVE ( ( 1.000000000000000000, 0.9745639783809300072, 0.9745639783809300072, 1.000000000000000000 ) ) 
 REPRESENTATION_ITEM ( '' )  );
#7760 = LINE ( 'NONE', #3450, #10273 ) ;
#7761 = EDGE_LOOP ( 'NONE', ( #6712, #8635 ) ) ;
#7762 = AXIS2_PLACEMENT_3D ( 'NONE', #7764, #2747, #5362 ) ;
#7763 = ADVANCED_FACE ( 'NONE', ( #4131 ), #5479, .T. ) ;
#7764 = CARTESIAN_POINT ( 'NONE',  ( -28.70847883796041700, 72.00000000000000000, 28.70847883796040989 ) ) ;
#7765 = FILL_AREA_STYLE ('',( #6134 ) ) ;
#7766 = VERTEX_POINT ( 'NONE', #4735 ) ;
#7767 = VERTEX_POINT ( 'NONE', #397 ) ;
#7768 = DIRECTION ( 'NONE',  ( 0.000000000000000000, 0.000000000000000000, 1.000000000000000000 ) ) ;
#7769 = CARTESIAN_POINT ( 'NONE',  ( -22.65690194125290802, 122.0133761480718277, 69.39501004269902751 ) ) ;
#7770 = CYLINDRICAL_SURFACE ( 'NONE', #10815, 71.00000000000001421 ) ;
#7771 = STYLED_ITEM ( 'NONE', ( #3465 ), #175 ) ;
#7772 = DIRECTION ( 'NONE',  ( 0.000000000000000000, 1.000000000000000000, 0.000000000000000000 ) ) ;
#7773 = VECTOR ( 'NONE', #620, 1000.000000000000000 ) ;
#7774 = FACE_BOUND ( 'NONE', #370, .T. ) ;
#7775 = SURFACE_SIDE_STYLE ('',( #91 ) ) ;
#7776 = DIRECTION ( 'NONE',  ( 0.000000000000000000, 1.000000000000000000, 0.000000000000000000 ) ) ;
#7777 = EDGE_LOOP ( 'NONE', ( #9882, #842 ) ) ;
#7778 = DIRECTION ( 'NONE',  ( -0.7071067811865450192, 0.000000000000000000, 0.7071067811865501263 ) ) ;
#7779 = DIRECTION ( 'NONE',  ( -0.000000000000000000, -1.000000000000000000, -0.000000000000000000 ) ) ;
#7780 = DIRECTION ( 'NONE',  ( -0.7071067811865474617, 0.000000000000000000, -0.7071067811865476838 ) ) ;
#7781 = CARTESIAN_POINT ( 'NONE',  ( -66.18446766623711142, 0.000000000000000000, 15.02265631979615712 ) ) ;
#7782 = PRESENTATION_STYLE_ASSIGNMENT (( #10039 ) ) ;
#7783 = SURFACE_SIDE_STYLE ('',( #1112 ) ) ;
#7784 = EDGE_CURVE ( 'NONE', #9736, #1471, #1066, .T. ) ;
#7785 = ORIENTED_EDGE ( 'NONE', *, *, #9700, .T. ) ;
#7786 = EDGE_CURVE ( 'NONE', #8546, #1124, #1867, .T. ) ;
#7787 = CARTESIAN_POINT ( 'NONE',  ( -40.64613020917096975, 117.5767212953118701, -41.37630006863403764 ) ) ;
#7788 = PLANE ( 'NONE',  #4706 ) ;
#7789 = DIRECTION ( 'NONE',  ( 0.000000000000000000, -0.000000000000000000, 1.000000000000000000 ) ) ;
#7790 = PRESENTATION_STYLE_ASSIGNMENT (( #7134 ) ) ;
#7791 = DIRECTION ( 'NONE',  ( 0.7071067811865501263, -0.000000000000000000, 0.7071067811865450192 ) ) ;
#7792 = FILL_AREA_STYLE_COLOUR ( '', #8213 ) ;
#7793 = EDGE_CURVE ( 'NONE', #10105, #10902, #558, .T. ) ;
#7794 = CARTESIAN_POINT ( 'NONE',  ( 4.837354856632032238E-16, 92.49999999999998579, 59.96067609231116791 ) ) ;
#7795 = AXIS2_PLACEMENT_3D ( 'NONE', #1996, #1963, #242 ) ;
#7796 = ADVANCED_FACE ( 'NONE', ( #10485 ), #792, .T. ) ;
#7797 = PRESENTATION_STYLE_ASSIGNMENT (( #901 ) ) ;
#7798 = EDGE_CURVE ( 'NONE', #10152, #10006, #7029, .T. ) ;
#7799 = DIRECTION ( 'NONE',  ( -0.7071067811865474617, 0.000000000000000000, -0.7071067811865476838 ) ) ;
#7800 = CARTESIAN_POINT ( 'NONE',  ( 42.42640687119286014, -6.000000000000000000, 1.524678165548779904E-13 ) ) ;
#7801 = DIRECTION ( 'NONE',  ( -0.000000000000000000, -1.000000000000000000, -0.000000000000000000 ) ) ;
#7802 = EDGE_CURVE ( 'NONE', #5127, #3404, #3864, .T. ) ;
#7803 = AXIS2_PLACEMENT_3D ( 'NONE', #8938, #2136, #8158 ) ;
#7804 = DIRECTION ( 'NONE',  ( -0.7071067811865474617, 0.000000000000000000, -0.7071067811865474617 ) ) ;
#7805 = DIRECTION ( 'NONE',  ( -0.7071067811865469066, 0.000000000000000000, -0.7071067811865482389 ) ) ;
#7806 = PLANE ( 'NONE',  #10838 ) ;
#7807 = CARTESIAN_POINT ( 'NONE',  ( -19.13987094410454404, 117.5498324263169110, 70.44665693893479386 ) ) ;
#7808 = SURFACE_STYLE_FILL_AREA ( #7053 ) ;
#7809 = COLOUR_RGB ( '',1.000000000000000000, 0.5019607843137254832, 0.7529411764705882248 ) ;
#7810 = ADVANCED_FACE ( 'NONE', ( #6895 ), #5690, .F. ) ;
#7811 = CARTESIAN_POINT ( 'NONE',  ( 56.94273243253068983, 122.5440287291550305, -11.16841825749797579 ) ) ;
#7812 = LINE ( 'NONE', #10739, #1588 ) ;
#7813 = CARTESIAN_POINT ( 'NONE',  ( -57.00694410957869707, 33.00000000000000000, 6.802362645333793978 ) ) ;
#7814 = CARTESIAN_POINT ( 'NONE',  ( -18.79923228518237721, 121.5000000000000426, 54.89806197622043982 ) ) ;
#7815 = FACE_OUTER_BOUND ( 'NONE', #8429, .T. ) ;
#7816 = FACE_BOUND ( 'NONE', #8701, .T. ) ;
#7817 = AXIS2_PLACEMENT_3D ( 'NONE', #5674, #4922, #10889 ) ;
#7818 = DIRECTION ( 'NONE',  ( 0.000000000000000000, 0.000000000000000000, 1.000000000000000000 ) ) ;
#7819 = DIRECTION ( 'NONE',  ( 0.000000000000000000, -0.000000000000000000, 1.000000000000000000 ) ) ;
#7820 = DIRECTION ( 'NONE',  ( -0.000000000000000000, -1.000000000000000000, -0.000000000000000000 ) ) ;
#7821 = FACE_BOUND ( 'NONE', #8926, .T. ) ;
#7822 = FACE_OUTER_BOUND ( 'NONE', #6268, .T. ) ;
#7823 = CIRCLE ( 'NONE', #1768, 71.00000000000001421 ) ;
#7824 =( LENGTH_UNIT ( ) NAMED_UNIT ( * ) SI_UNIT ( .MILLI., .METRE. ) );
#7825 = DIRECTION ( 'NONE',  ( -0.000000000000000000, -1.000000000000000000, -0.000000000000000000 ) ) ;
#7826 = PRESENTATION_LAYER_ASSIGNMENT (  '', '', ( #7771 ) ) ;
#7827 = CARTESIAN_POINT ( 'NONE',  ( 0.000000000000000000, 107.4999999999999858, -59.96067609231116791 ) ) ;
#7828 = ORIENTED_EDGE ( 'NONE', *, *, #8789, .T. ) ;
#7829 = CARTESIAN_POINT ( 'NONE',  ( 57.00694410957878944, 33.00000000000000000, 5.999999999999801936 ) ) ;
#7830 = LINE ( 'NONE', #5430, #2018 ) ;
#7831 = ORIENTED_EDGE ( 'NONE', *, *, #9640, .T. ) ;
#7832 = DIRECTION ( 'NONE',  ( -0.000000000000000000, -1.000000000000000000, -0.000000000000000000 ) ) ;
#7833 = DIRECTION ( 'NONE',  ( 0.7071067811865474617, 0.000000000000000000, 0.7071067811865474617 ) ) ;
#7834 = DIRECTION ( 'NONE',  ( 0.000000000000000000, 0.000000000000000000, 1.000000000000000000 ) ) ;
#7835 = CARTESIAN_POINT ( 'NONE',  ( -11.99999999999995737, 72.00000000000000000, 69.97856814768363165 ) ) ;
#7836 = DIRECTION ( 'NONE',  ( -6.803704343522554839E-17, 1.000000000000000000, 2.878473196813116306E-17 ) ) ;
#7837 = ORIENTED_EDGE ( 'NONE', *, *, #10265, .T. ) ;
#7838 = VERTEX_POINT ( 'NONE', #8910 ) ;
#7839 = ORIENTED_EDGE ( 'NONE', *, *, #4533, .F. ) ;
#7840 = PLANE ( 'NONE',  #252 ) ;
#7841 = FACE_OUTER_BOUND ( 'NONE', #936, .T. ) ;
#7842 = VERTEX_POINT ( 'NONE', #2335 ) ;
#7843 = ADVANCED_FACE ( 'NONE', ( #1330 ), #7361, .T. ) ;
#7844 = CARTESIAN_POINT ( 'NONE',  ( 5.999999999998805400, 33.00000000000000000, -57.00694410957876812 ) ) ;
#7845 = DIRECTION ( 'NONE',  ( 0.7071067811865493491, 0.000000000000000000, 0.7071067811865456854 ) ) ;
#7846 = VERTEX_POINT ( 'NONE', #3220 ) ;
#7847 = ORIENTED_EDGE ( 'NONE', *, *, #9867, .T. ) ;
#7848 = EDGE_CURVE ( 'NONE', #4136, #5513, #4119, .T. ) ;
#7849 = SURFACE_STYLE_FILL_AREA ( #8154 ) ;
#7850 = LINE ( 'NONE', #8675, #3902 ) ;
#7851 = ORIENTED_EDGE ( 'NONE', *, *, #511, .T. ) ;
#7852 = PLANE ( 'NONE',  #9574 ) ;
#7853 = EDGE_LOOP ( 'NONE', ( #9220, #5619, #3680, #2064 ) ) ;
#7854 = EDGE_CURVE ( 'NONE', #8397, #7444, #1594, .T. ) ;
#7855 = ORIENTED_EDGE ( 'NONE', *, *, #3901, .F. ) ;
#7856 = ADVANCED_FACE ( 'NONE', ( #7178 ), #6766, .F. ) ;
#7857 = CARTESIAN_POINT ( 'NONE',  ( 11.66726188957803245, 10.00000000000000000, -11.66726188957803245 ) ) ;
#7858 = ORIENTED_EDGE ( 'NONE', *, *, #3610, .F. ) ;
#7859 = DIRECTION ( 'NONE',  ( -0.000000000000000000, 1.000000000000000000, -0.000000000000000000 ) ) ;
#7860 = FILL_AREA_STYLE_COLOUR ( '', #8477 ) ;
#7861 = ORIENTED_EDGE ( 'NONE', *, *, #7932, .T. ) ;
#7862 = ORIENTED_EDGE ( 'NONE', *, *, #4053, .T. ) ;
#7863 = AXIS2_PLACEMENT_3D ( 'NONE', #10379, #1827, #5203 ) ;
#7864 = CARTESIAN_POINT ( 'NONE',  ( 48.08326112068522207, 66.00000000000000000, 0.000000000000000000 ) ) ;
#7865 = FACE_OUTER_BOUND ( 'NONE', #2046, .T. ) ;
#7866 = LINE ( 'NONE', #3545, #9069 ) ;
#7867 = ORIENTED_EDGE ( 'NONE', *, *, #5092, .T. ) ;
#7868 = CARTESIAN_POINT ( 'NONE',  ( 63.91067609231115654, 107.4999999999999858, 5.000000000000677680 ) ) ;
#7869 = DIRECTION ( 'NONE',  ( 0.7071067811865495711, -0.000000000000000000, 0.7071067811865454633 ) ) ;
#7870 = EDGE_CURVE ( 'NONE', #343, #8420, #10328, .T. ) ;
#7871 = VECTOR ( 'NONE', #10476, 1000.000000000000000 ) ;
#7872 = CARTESIAN_POINT ( 'NONE',  ( -11.99999999999996447, 13.00000000000000533, 62.20458146424481782 ) ) ;
#7873 = VERTEX_POINT ( 'NONE', #666 ) ;
#7874 = ORIENTED_EDGE ( 'NONE', *, *, #5962, .T. ) ;
#7875 = AXIS2_PLACEMENT_3D ( 'NONE', #3042, #8199, #1459 ) ;
#7876 = DIRECTION ( 'NONE',  ( -0.000000000000000000, 1.000000000000000000, 0.000000000000000000 ) ) ;
#7877 = DIRECTION ( 'NONE',  ( -0.000000000000000000, -1.000000000000000000, -0.000000000000000000 ) ) ;
#7878 = CARTESIAN_POINT ( 'NONE',  ( -11.99999999999996447, 72.00000000000000000, 62.20458146424481782 ) ) ;
#7879 = VERTEX_POINT ( 'NONE', #1499 ) ;
#7880 = FILL_AREA_STYLE ('',( #3798 ) ) ;
#7881 = LINE ( 'NONE', #8874, #1669 ) ;
#7882 = ORIENTED_EDGE ( 'NONE', *, *, #9855, .T. ) ;
#7883 = EDGE_CURVE ( 'NONE', #10407, #811, #6377, .T. ) ;
#7884 = CARTESIAN_POINT ( 'NONE',  ( 15.02265631979615712, 72.00000000000000000, -66.18446766623708299 ) ) ;
#7885 = AXIS2_PLACEMENT_3D ( 'NONE', #6899, #1899, #10268 ) ;
#7886 = DIRECTION ( 'NONE',  ( 0.000000000000000000, 1.000000000000000000, 0.000000000000000000 ) ) ;
#7887 = ORIENTED_EDGE ( 'NONE', *, *, #805, .T. ) ;
#7888 = CLOSED_SHELL ( 'NONE', ( #5591, #8751, #10242, #4976, #4607, #4527 ) ) ;
#7889 = DIRECTION ( 'NONE',  ( 3.491481338843133355E-15, -0.000000000000000000, 1.000000000000000000 ) ) ;
#7890 = LINE ( 'NONE', #4461, #3677 ) ;
#7891 = CIRCLE ( 'NONE', #8106, 71.00000000000001421 ) ;
#7892 = ORIENTED_EDGE ( 'NONE', *, *, #779, .F. ) ;
#7893 =( LENGTH_UNIT ( ) NAMED_UNIT ( * ) SI_UNIT ( .MILLI., .METRE. ) );
#7894 = CARTESIAN_POINT ( 'NONE',  ( -50.94864026037728166, 125.4510427797605416, -52.41720290696998319 ) ) ;
#7895 = SURFACE_SIDE_STYLE ('',( #9232 ) ) ;
#7896 = FACE_OUTER_BOUND ( 'NONE', #2190, .T. ) ;
#7897 = CARTESIAN_POINT ( 'NONE',  ( -62.00694410957866154, 51.00000000000000711, 10.00000000000069278 ) ) ;
#7898 = EDGE_LOOP ( 'NONE', ( #871, #5862 ) ) ;
#7899 = EDGE_LOOP ( 'NONE', ( #9861, #9234, #4444, #6872 ) ) ;
#7900 = PRODUCT ( 'top_v5', 'top_v5', '', ( #51 ) ) ;
#7901 = AXIS2_PLACEMENT_3D ( 'NONE', #10727, #6475, #9820 ) ;
#7902 = CARTESIAN_POINT ( 'NONE',  ( 24.04163056034260038, -5.777789833161707559E-31, 24.04163056034261103 ) ) ;
#7903 = DIRECTION ( 'NONE',  ( 1.000000000000000000, 0.000000000000000000, -3.491481338843133355E-15 ) ) ;
#7904 = DIRECTION ( 'NONE',  ( 0.000000000000000000, 0.000000000000000000, 1.000000000000000000 ) ) ;
#7905 = DIRECTION ( 'NONE',  ( -0.000000000000000000, -1.000000000000000000, -0.000000000000000000 ) ) ;
#7906 = UNCERTAINTY_MEASURE_WITH_UNIT (LENGTH_MEASURE( 1.000000000000000082E-05 ), #8413, 'distance_accuracy_value', 'NONE');
#7907 = LINE ( 'NONE', #10376, #4345 ) ;
#7908 = CARTESIAN_POINT ( 'NONE',  ( -2.428612866367529932E-14, 6.983260063331909231E-15, 48.08326112068522917 ) ) ;
#7909 = ORIENTED_EDGE ( 'NONE', *, *, #1110, .T. ) ;
#7910 = VECTOR ( 'NONE', #3108, 1000.000000000000000 ) ;
#7911 = CARTESIAN_POINT ( 'NONE',  ( 0.000000000000000000, 53.00000000000000711, 0.000000000000000000 ) ) ;
#7912 = MECHANICAL_DESIGN_GEOMETRIC_PRESENTATION_REPRESENTATION (  '', ( #3957 ), #6004 ) ;
#7913 = CARTESIAN_POINT ( 'NONE',  ( 0.000000000000000000, 109.4999999999999858, -69.74567609231115739 ) ) ;
#7914 = CIRCLE ( 'NONE', #6343, 5.000000000000007994 ) ;
#7915 = DIRECTION ( 'NONE',  ( 0.000000000000000000, -0.000000000000000000, 1.000000000000000000 ) ) ;
#7916 = DIRECTION ( 'NONE',  ( -0.000000000000000000, -1.000000000000000000, -0.000000000000000000 ) ) ;
#7917 = DIRECTION ( 'NONE',  ( -6.803704343522554839E-17, 1.000000000000000000, 2.878473196813116306E-17 ) ) ;
#7918 =( LENGTH_UNIT ( ) NAMED_UNIT ( * ) SI_UNIT ( .MILLI., .METRE. ) );
#7919 = CARTESIAN_POINT ( 'NONE',  ( -56.45672057198267169, 117.9544640776704227, 13.31591073686077564 ) ) ;
#7920 = DIRECTION ( 'NONE',  ( 0.000000000000000000, 0.000000000000000000, 1.000000000000000000 ) ) ;
#7921 = LINE ( 'NONE', #9286, #135 ) ;
#7922 = ORIENTED_EDGE ( 'NONE', *, *, #6802, .T. ) ;
#7923 = B_SPLINE_SURFACE_WITH_KNOTS ( 'NONE', 3, 1, ( 
 ( #3555, #9767 ),
 ( #8087, #3004 ),
 ( #3041, #10658 ),
 ( #420, #4690 ),
 ( #5551, #8843 ),
 ( #1320, #6336 ),
 ( #7219, #7941 ),
 ( #8906, #2967 ),
 ( #2110, #8025 ),
 ( #3777, #9681 ) ),
 .UNSPECIFIED., .F., .F., .F.,
 ( 4, 2, 2, 2, 4 ),
 ( 2, 2 ),
 ( 0.4999999999999983347, 0.6249999999999978906, 0.7499999999999985567, 0.8749999999999993339, 1.000000000136231915 ),
 ( 0.000000000000000000, 1.000000000000000000 ),
 .UNSPECIFIED. ) ;
#7924 = ADVANCED_FACE ( 'NONE', ( #164 ), #2668, .F. ) ;
#7925 = CARTESIAN_POINT ( 'NONE',  ( 1.745740669421569518E-14, 107.4999999999999858, -5.000000000000007994 ) ) ;
#7926 = DIRECTION ( 'NONE',  ( -0.7071067811865476838, 0.000000000000000000, 0.7071067811865474617 ) ) ;
#7927 = EDGE_CURVE ( 'NONE', #5590, #4957, #9940, .T. ) ;
#7928 = EDGE_CURVE ( 'NONE', #2422, #9605, #4517, .T. ) ;
#7929 = CARTESIAN_POINT ( 'NONE',  ( -54.26357165184046494, 122.5375564728903157, -48.83138199649493316 ) ) ;
#7930 = FACE_OUTER_BOUND ( 'NONE', #2582, .T. ) ;
#7931 = DIRECTION ( 'NONE',  ( 0.000000000000000000, 1.000000000000000000, 0.000000000000000000 ) ) ;
#7932 = EDGE_CURVE ( 'NONE', #6043, #7198, #6106, .T. ) ;
#7933 = CARTESIAN_POINT ( 'NONE',  ( 45.84898473602145685, -42.40663761154805655, 26.58703817043318907 ) ) ;
#7934 = CARTESIAN_POINT ( 'NONE',  ( -39.53672640795748094, 125.0238078437617730, -42.45166671978658002 ) ) ;
#7935 = FILL_AREA_STYLE_COLOUR ( '', #754 ) ;
#7936 = CARTESIAN_POINT ( 'NONE',  ( 19.13987094410397916, 117.5498324263169536, -70.44665693893495018 ) ) ;
#7937 = PRESENTATION_LAYER_ASSIGNMENT (  '', '', ( #772 ) ) ;
#7938 = LINE ( 'NONE', #912, #3718 ) ;
#7939 = ADVANCED_FACE ( 'NONE', ( #5575 ), #2226, .T. ) ;
#7940 = CIRCLE ( 'NONE', #2455, 1.849999999999983658 ) ;
#7941 = CARTESIAN_POINT ( 'NONE',  ( 16.99585860834697115, 125.0238078437617730, -55.46564281165951371 ) ) ;
#7942 = DIRECTION ( 'NONE',  ( -0.000000000000000000, 0.000000000000000000, -1.000000000000000000 ) ) ;
#7943 = FILL_AREA_STYLE ('',( #974 ) ) ;
#7944 = DIRECTION ( 'NONE',  ( -1.000000000000000000, 0.000000000000000000, 0.000000000000000000 ) ) ;
#7945 = EDGE_CURVE ( 'NONE', #6607, #9953, #3202, .T. ) ;
#7946 = STYLED_ITEM ( 'NONE', ( #7547 ), #8416 ) ;
#7947 = EDGE_CURVE ( 'NONE', #7210, #4293, #1053, .T. ) ;
#7948 = DIRECTION ( 'NONE',  ( -0.000000000000000000, -0.000000000000000000, -1.000000000000000000 ) ) ;
#7949 = CARTESIAN_POINT ( 'NONE',  ( 0.000000000000000000, 12.99999999999999822, 0.000000000000000000 ) ) ;
#7950 = SURFACE_SIDE_STYLE ('',( #10073 ) ) ;
#7951 = EDGE_CURVE ( 'NONE', #3912, #3741, #3331, .T. ) ;
#7952 = MECHANICAL_DESIGN_GEOMETRIC_PRESENTATION_REPRESENTATION (  '', ( #4406 ), #3638 ) ;
#7953 = CARTESIAN_POINT ( 'NONE',  ( 0.000000000000000000, 33.00000000000000000, 57.00694410957876812 ) ) ;
#7954 =( LENGTH_UNIT ( ) NAMED_UNIT ( * ) SI_UNIT ( .MILLI., .METRE. ) );
#7955 = CARTESIAN_POINT ( 'NONE',  ( -14.00079482526592045, 125.4489532522287902, 56.29445815988780311 ) ) ;
#7956 = FACE_BOUND ( 'NONE', #1655, .T. ) ;
#7957 = COLOUR_RGB ( '',1.000000000000000000, 0.5019607843137254832, 0.7529411764705882248 ) ;
#7958 = CYLINDRICAL_SURFACE ( 'NONE', #9847, 1.850000000000004530 ) ;
#7959 = PLANE ( 'NONE',  #781 ) ;
#7960 = AXIS2_PLACEMENT_3D ( 'NONE', #1450, #2012, #2953 ) ;
#7961 = DIRECTION ( 'NONE',  ( 0.000000000000000000, 1.000000000000000000, 0.000000000000000000 ) ) ;
#7962 = ORIENTED_EDGE ( 'NONE', *, *, #5272, .F. ) ;
#7963 = CARTESIAN_POINT ( 'NONE',  ( 36.72341514764447368, 0.000000000000000000, 15.51021171204803828 ) ) ;
#7964 =( GEOMETRIC_REPRESENTATION_CONTEXT ( 3 ) GLOBAL_UNCERTAINTY_ASSIGNED_CONTEXT ( ( #10883 ) ) GLOBAL_UNIT_ASSIGNED_CONTEXT ( ( #3372, #1725, #2551 ) ) REPRESENTATION_CONTEXT ( 'NONE', 'WORKASPACE' ) );
#7965 = DIRECTION ( 'NONE',  ( 3.469446951953614189E-15, 0.000000000000000000, 1.000000000000000000 ) ) ;
#7966 = DIRECTION ( 'NONE',  ( 0.000000000000000000, 0.000000000000000000, 1.000000000000000000 ) ) ;
#7967 = ORIENTED_EDGE ( 'NONE', *, *, #9371, .T. ) ;
#7968 = CARTESIAN_POINT ( 'NONE',  ( 18.79923228518199352, 121.4999999999999858, -54.89806197622056061 ) ) ;
#7969 = DIRECTION ( 'NONE',  ( 0.7071067811865476838, 0.000000000000000000, 0.7071067811865474617 ) ) ;
#7970 = CARTESIAN_POINT ( 'NONE',  ( 17.66110962115704908, 117.7553379789134880, -70.83178476933194645 ) ) ;
#7971 = ORIENTED_EDGE ( 'NONE', *, *, #1133, .T. ) ;
#7972 = ORIENTED_EDGE ( 'NONE', *, *, #4130, .F. ) ;
#7973 = B_SPLINE_CURVE_WITH_KNOTS ( 'NONE', 3,
 ( #9344, #751, #4156, #7495, #7589, #29, #6678, #1713, #1593, #4970, #5005, #10936, #10101, #7524, #3349, #5035, #10973, #9295, #10174, #5853, #3290, #777, #2465, #808, #6750, #6717, #1632, #4231, #4262, #5118 ),
 .UNSPECIFIED., .F., .F.,
 ( 4, 2, 2, 2, 2, 2, 2, 2, 2, 2, 2, 2, 2, 2, 4 ),
 ( 0.5000000000000000000, 0.5312499999999997780, 0.5624999999999995559, 0.6249999999999973355, 0.6562499999999964473, 0.6874999999999954481, 0.7187499999999958922, 0.7499999999999962252, 0.7812499999999966693, 0.8124999999999970024, 0.8749999999999982236, 0.9062499999999986677, 0.9374999999999991118, 0.9687499999999995559, 1.000000000000000000 ),
 .UNSPECIFIED. ) ;
#7974 = VERTEX_POINT ( 'NONE', #10038 ) ;
#7975 = ADVANCED_FACE ( 'NONE', ( #1857 ), #10845, .F. ) ;
#7976 = CARTESIAN_POINT ( 'NONE',  ( 0.000000000000000000, 110.4999999999999858, 63.91067609231115654 ) ) ;
#7977 = EDGE_CURVE ( 'NONE', #8937, #967, #9804, .T. ) ;
#7978 = CARTESIAN_POINT ( 'NONE',  ( -67.95290519381381955, 72.00000000000000000, 20.57675085431509743 ) ) ;
#7979 = CARTESIAN_POINT ( 'NONE',  ( 56.94273243253066141, 121.5000000000000284, -11.16841825749797579 ) ) ;
#7980 = LINE ( 'NONE', #2350, #3490 ) ;
#7981 = VECTOR ( 'NONE', #6657, 1000.000000000000000 ) ;
#7982 = VERTEX_POINT ( 'NONE', #3299 ) ;
#7983 = CARTESIAN_POINT ( 'NONE',  ( 52.42272182291951310, 125.4489532522287050, 50.94296144860656739 ) ) ;
#7984 = DIRECTION ( 'NONE',  ( -1.000000000000000000, 0.000000000000000000, -1.058157507199081786E-14 ) ) ;
#7985 = AXIS2_PLACEMENT_3D ( 'NONE', #1617, #2490, #5461 ) ;
#7986 = VERTEX_POINT ( 'NONE', #1574 ) ;
#7987 = CARTESIAN_POINT ( 'NONE',  ( -1.194232089258406697E-12, 33.00000000000000000, -57.00694410957876812 ) ) ;
#7988 = PRODUCT_DEFINITION_SHAPE ( 'NONE', 'NONE',  #8116 ) ;
#7989 = EDGE_LOOP ( 'NONE', ( #7837, #8626 ) ) ;
#7990 = DIRECTION ( 'NONE',  ( 0.000000000000000000, 1.000000000000000000, 0.000000000000000000 ) ) ;
#7991 = VERTEX_POINT ( 'NONE', #4134 ) ;
#7992 = ORIENTED_EDGE ( 'NONE', *, *, #7375, .F. ) ;
#7993 = COLOUR_RGB ( '',1.000000000000000000, 1.000000000000000000, 1.000000000000000000 ) ;
#7994 = CARTESIAN_POINT ( 'NONE',  ( 0.000000000000000000, 92.49999999999998579, -63.91067609231115654 ) ) ;
#7995 = LINE ( 'NONE', #7512, #2702 ) ;
#7996 = ORIENTED_EDGE ( 'NONE', *, *, #3758, .F. ) ;
#7997 = CARTESIAN_POINT ( 'NONE',  ( -56.28237599030909877, 117.6802805996437655, 14.02002945466807837 ) ) ;
#7998 = CARTESIAN_POINT ( 'NONE',  ( -3.003722647619716867E-13, 107.4999999999999858, 44.27640687119286866 ) ) ;
#7999 = VERTEX_POINT ( 'NONE', #8458 ) ;
#8000 = EDGE_CURVE ( 'NONE', #1757, #10884, #5036, .T. ) ;
#8001 = VERTEX_POINT ( 'NONE', #3327 ) ;
#8002 =( BOUNDED_CURVE ( )  B_SPLINE_CURVE ( 3, ( #6146, #10318, #3636, #10399 ),
 .UNSPECIFIED., .F., .T. ) 
 B_SPLINE_CURVE_WITH_KNOTS ( ( 4, 4 ),
 ( 0.000000000000000000, 0.5542501482154514880 ),
 .UNSPECIFIED. ) 
 CURVE ( )  GEOMETRIC_REPRESENTATION_ITEM ( )  RATIONAL_B_SPLINE_CURVE ( ( 1.000000000000000000, 0.9745639783809455503, 0.9745639783809455503, 1.000000000000000000 ) ) 
 REPRESENTATION_ITEM ( '' )  );
#8003 = DIRECTION ( 'NONE',  ( 0.000000000000000000, 1.000000000000000000, 0.000000000000000000 ) ) ;
#8004 = EDGE_CURVE ( 'NONE', #5887, #1014, #10061, .T. ) ;
#8005 = ORIENTED_EDGE ( 'NONE', *, *, #10444, .F. ) ;
#8006 = VERTEX_POINT ( 'NONE', #4905 ) ;
#8007 = LINE ( 'NONE', #5237, #4570 ) ;
#8008 = LINE ( 'NONE', #10015, #7352 ) ;
#8009 = VERTEX_POINT ( 'NONE', #10905 ) ;
#8010 = ORIENTED_EDGE ( 'NONE', *, *, #6198, .T. ) ;
#8011 = CARTESIAN_POINT ( 'NONE',  ( 0.000000000000000000, 13.00000000000000178, 0.000000000000000000 ) ) ;
#8012 = DIRECTION ( 'NONE',  ( 0.000000000000000000, 1.000000000000000000, 0.000000000000000000 ) ) ;
#8013 = ORIENTED_EDGE ( 'NONE', *, *, #3565, .T. ) ;
#8014 = CARTESIAN_POINT ( 'NONE',  ( 18.79923228518199352, 121.7599145249540697, -54.89806197622056061 ) ) ;
#8015 = ORIENTED_EDGE ( 'NONE', *, *, #3198, .F. ) ;
#8016 = EDGE_LOOP ( 'NONE', ( #504, #1392, #10922, #6580, #10280, #4463, #7349, #6067 ) ) ;
#8017 = EDGE_CURVE ( 'NONE', #2480, #7048, #2801, .T. ) ;
#8018 = ORIENTED_EDGE ( 'NONE', *, *, #4768, .T. ) ;
#8019 = DIRECTION ( 'NONE',  ( 1.000000000000000000, 0.000000000000000000, -3.838426034038494774E-15 ) ) ;
#8020 = VERTEX_POINT ( 'NONE', #1689 ) ;
#8021 = AXIS2_PLACEMENT_3D ( 'NONE', #554, #1393, #729 ) ;
#8022 = LINE ( 'NONE', #5012, #9875 ) ;
#8023 = EDGE_LOOP ( 'NONE', ( #3762, #4132, #2721, #7455, #1158, #8543 ) ) ;
#8024 = EDGE_CURVE ( 'NONE', #5478, #7221, #9679, .T. ) ;
#8025 = CARTESIAN_POINT ( 'NONE',  ( 18.79923228518200418, 122.5440287291549879, -54.89806197622060324 ) ) ;
#8026 = CARTESIAN_POINT ( 'NONE',  ( 55.03134528957179583, 119.4426215047596287, -18.39959870313986912 ) ) ;
#8027 = DIRECTION ( 'NONE',  ( -6.803704343522554839E-17, 1.000000000000000000, 2.878473196813116306E-17 ) ) ;
#8028 = LINE ( 'NONE', #9841, #2346 ) ;
#8029 = EDGE_CURVE ( 'NONE', #5041, #967, #8347, .T. ) ;
#8030 = ORIENTED_EDGE ( 'NONE', *, *, #10001, .F. ) ;
#8031 = STYLED_ITEM ( 'NONE', ( #778 ), #3543 ) ;
#8032 = CARTESIAN_POINT ( 'NONE',  ( 0.000000000000000000, 107.4999999999999858, 63.91067609231115654 ) ) ;
#8033 = EDGE_LOOP ( 'NONE', ( #3644, #10107 ) ) ;
#8034 = PRESENTATION_STYLE_ASSIGNMENT (( #910 ) ) ;
#8035 = ORIENTED_EDGE ( 'NONE', *, *, #4114, .F. ) ;
#8036 = CARTESIAN_POINT ( 'NONE',  ( 22.68151796171984103, 121.4999999999999858, -69.38694937055659295 ) ) ;
#8037 = CARTESIAN_POINT ( 'NONE',  ( -12.00000000000026112, 53.00000000000000711, 4.189777606611850903E-14 ) ) ;
#8038 = CARTESIAN_POINT ( 'NONE',  ( -63.91067609231115654, 53.00000000000000711, -2.231429329291523816E-13 ) ) ;
#8039 = ORIENTED_EDGE ( 'NONE', *, *, #1558, .F. ) ;
#8040 = ORIENTED_EDGE ( 'NONE', *, *, #4630, .F. ) ;
#8041 =( NAMED_UNIT ( * ) PLANE_ANGLE_UNIT ( ) SI_UNIT ( $, .RADIAN. ) );
#8042 = CARTESIAN_POINT ( 'NONE',  ( 54.33624526761269635, 121.4985874826541874, 48.75010205340944935 ) ) ;
#8043 = ADVANCED_FACE ( 'NONE', ( #7554 ), #5163, .T. ) ;
#8044 = LINE ( 'NONE', #5456, #3274 ) ;
#8045 = DIRECTION ( 'NONE',  ( -0.7071067811865474617, -2.775557561562891351E-17, -0.7071067811865476838 ) ) ;
#8046 = AXIS2_PLACEMENT_3D ( 'NONE', #5032, #846, #10142 ) ;
#8047 = CIRCLE ( 'NONE', #7404, 73.00000000000000000 ) ;
#8048 = SURFACE_STYLE_FILL_AREA ( #3728 ) ;
#8049 = ORIENTED_EDGE ( 'NONE', *, *, #6542, .T. ) ;
#8050 = DIRECTION ( 'NONE',  ( 0.000000000000000000, 0.000000000000000000, 1.000000000000000000 ) ) ;
#8051 = DIRECTION ( 'NONE',  ( 0.000000000000000000, 0.000000000000000000, 1.000000000000000000 ) ) ;
#8052 = SURFACE_STYLE_USAGE ( .BOTH. , #5505 ) ;
#8053 = CARTESIAN_POINT ( 'NONE',  ( -15.02265631979615712, 72.00000000000000000, 66.18446766623708299 ) ) ;
#8054 = LINE ( 'NONE', #8229, #5544 ) ;
#8055 = VECTOR ( 'NONE', #4034, 1000.000000000000000 ) ;
#8056 = ADVANCED_FACE ( 'NONE', ( #10617, #548 ), #6061, .T. ) ;
#8057 = EDGE_LOOP ( 'NONE', ( #3509, #2684 ) ) ;
#8058 = AXIS2_PLACEMENT_3D ( 'NONE', #7046, #4755, #8975 ) ;
#8059 = DIRECTION ( 'NONE',  ( 0.7071067811865479058, 0.000000000000000000, -0.7071067811865472397 ) ) ;
#8060 =( NAMED_UNIT ( * ) PLANE_ANGLE_UNIT ( ) SI_UNIT ( $, .RADIAN. ) );
#8061 = DIRECTION ( 'NONE',  ( -0.000000000000000000, -1.000000000000000000, -0.000000000000000000 ) ) ;
#8062 = CARTESIAN_POINT ( 'NONE',  ( 0.000000000000000000, 33.00000000000000000, -57.00694410957876812 ) ) ;
#8063 = DIRECTION ( 'NONE',  ( -1.000000000000000000, 0.000000000000000000, 3.491481338843133355E-15 ) ) ;
#8064 = LINE ( 'NONE', #307, #8450 ) ;
#8065 = CARTESIAN_POINT ( 'NONE',  ( -5.000000000000007994, 107.4999999999999858, 70.82372483850311085 ) ) ;
#8066 = AXIS2_PLACEMENT_3D ( 'NONE', #10696, #9721, #3064 ) ;
#8067 = CARTESIAN_POINT ( 'NONE',  ( 55.48792798363336232, 118.0703810267276737, -16.90935788084530600 ) ) ;
#8068 = ADVANCED_FACE ( 'NONE', ( #2400 ), #867, .T. ) ;
#8069 = DIRECTION ( 'NONE',  ( -0.000000000000000000, -1.000000000000000000, -0.000000000000000000 ) ) ;
#8070 = CARTESIAN_POINT ( 'NONE',  ( 18.64599804749506262, 125.4502621270701184, -70.57899468330870718 ) ) ;
#8071 = CARTESIAN_POINT ( 'NONE',  ( 50.89090664466226599, 117.6798023100240727, 52.33717400555097043 ) ) ;
#8072 = CIRCLE ( 'NONE', #2427, 1.849999999999997424 ) ;
#8073 = DIRECTION ( 'NONE',  ( -1.000000000000000000, 0.000000000000000000, -3.491481338843133355E-15 ) ) ;
#8074 = EDGE_CURVE ( 'NONE', #3620, #9843, #2896, .T. ) ;
#8075 = DIRECTION ( 'NONE',  ( -0.000000000000000000, -0.000000000000000000, 1.000000000000000000 ) ) ;
#8076 = VECTOR ( 'NONE', #1239, 1000.000000000000114 ) ;
#8077 = LINE ( 'NONE', #10594, #4112 ) ;
#8078 = DIRECTION ( 'NONE',  ( -1.000000000000000000, 0.000000000000000000, 0.000000000000000000 ) ) ;
#8079 = EDGE_CURVE ( 'NONE', #1084, #6281, #5453, .T. ) ;
#8080 = CARTESIAN_POINT ( 'NONE',  ( -5.000000000000007994, 107.4999999999999858, 63.91067609231115654 ) ) ;
#8081 = LINE ( 'NONE', #9171, #3587 ) ;
#8082 = DIRECTION ( 'NONE',  ( 0.000000000000000000, 0.000000000000000000, -1.000000000000000000 ) ) ;
#8083 = AXIS2_PLACEMENT_3D ( 'NONE', #5917, #7536, #10164 ) ;
#8084 = LINE ( 'NONE', #5153, #10057 ) ;
#8085 = ADVANCED_FACE ( 'NONE', ( #6636 ), #4386, .F. ) ;
#8086 = DIRECTION ( 'NONE',  ( 0.000000000000000000, 0.000000000000000000, 1.000000000000000000 ) ) ;
#8087 = CARTESIAN_POINT ( 'NONE',  ( 15.07380016660372135, 122.5297787185175054, -71.51923991787238322 ) ) ;
#8088 = LINE ( 'NONE', #9983, #4120 ) ;
#8089 = CARTESIAN_POINT ( 'NONE',  ( 57.00694410957878944, 33.00000000000000000, 5.999999999999403144 ) ) ;
#8090 = EDGE_CURVE ( 'NONE', #5516, #718, #2949, .T. ) ;
#8091 = CARTESIAN_POINT ( 'NONE',  ( -24.04163056034262880, 33.00000000000000000, -24.04163056034263946 ) ) ;
#8092 = AXIS2_PLACEMENT_3D ( 'NONE', #4628, #2901, #7904 ) ;
#8093 = CARTESIAN_POINT ( 'NONE',  ( -11.65991307901828300, 123.4861478526199789, 56.83768049362806352 ) ) ;
#8094 = VECTOR ( 'NONE', #10852, 1000.000000000000000 ) ;
#8095 = CARTESIAN_POINT ( 'NONE',  ( 56.94273243253061167, 121.5000000000000284, -11.16841825749796335 ) ) ;
#8096 = EDGE_CURVE ( 'NONE', #1870, #5927, #7432, .T. ) ;
#8097 = LINE ( 'NONE', #7655, #6243 ) ;
#8098 = ORIENTED_EDGE ( 'NONE', *, *, #10032, .F. ) ;
#8099 = AXIS2_PLACEMENT_3D ( 'NONE', #9128, #7364, #635 ) ;
#8100 = DIRECTION ( 'NONE',  ( 0.000000000000000000, 0.000000000000000000, 1.000000000000000000 ) ) ;
#8101 = DIRECTION ( 'NONE',  ( -1.000000000000000000, 0.000000000000000000, 1.082138871172476148E-14 ) ) ;
#8102 = CARTESIAN_POINT ( 'NONE',  ( 16.36131181446466698, 124.4765533686569370, -71.14310038821624005 ) ) ;
#8103 = CARTESIAN_POINT ( 'NONE',  ( 52.99950325556510222, 118.0746255650937400, 50.20059083153899593 ) ) ;
#8104 = ORIENTED_EDGE ( 'NONE', *, *, #6100, .T. ) ;
#8105 = CARTESIAN_POINT ( 'NONE',  ( -9.999999999999953815, 51.00000000000000711, 72.31182475916369867 ) ) ;
#8106 = AXIS2_PLACEMENT_3D ( 'NONE', #7630, #8730, #1098 ) ;
#8107 = FACE_OUTER_BOUND ( 'NONE', #8778, .T. ) ;
#8108 = ORIENTED_EDGE ( 'NONE', *, *, #1850, .F. ) ;
#8109 = ORIENTED_EDGE ( 'NONE', *, *, #2085, .F. ) ;
#8110 = DIRECTION ( 'NONE',  ( -1.000000000000000000, 0.000000000000000000, 3.491481338843133355E-15 ) ) ;
#8111 = ORIENTED_EDGE ( 'NONE', *, *, #9215, .F. ) ;
#8112 = AXIS2_PLACEMENT_3D ( 'NONE', #5290, #1869, #8607 ) ;
#8113 = ADVANCED_FACE ( 'NONE', ( #7815 ), #226, .T. ) ;
#8114 = ORIENTED_EDGE ( 'NONE', *, *, #7591, .T. ) ;
#8115 = CARTESIAN_POINT ( 'NONE',  ( -54.93813385195334575, 122.5197679865455882, 18.67633462884918671 ) ) ;
#8116 = PRODUCT_DEFINITION ( 'UNKNOWN', '', #8683, #4635 ) ;
#8117 = LINE ( 'NONE', #995, #2172 ) ;
#8118 = CIRCLE ( 'NONE', #9821, 4.999999999999997335 ) ;
#8119 = ORIENTED_EDGE ( 'NONE', *, *, #3705, .F. ) ;
#8120 = ORIENTED_EDGE ( 'NONE', *, *, #7233, .T. ) ;
#8121 = DIRECTION ( 'NONE',  ( 1.000000000000000000, 0.000000000000000000, -3.838426034038494774E-15 ) ) ;
#8122 = DIRECTION ( 'NONE',  ( 0.000000000000000000, 1.000000000000000000, 0.000000000000000000 ) ) ;
#8123 =( NAMED_UNIT ( * ) SI_UNIT ( $, .STERADIAN. ) SOLID_ANGLE_UNIT ( ) );
#8124 = EDGE_LOOP ( 'NONE', ( #4162, #9334, #3245, #819, #997, #9871 ) ) ;
#8125 = VERTEX_POINT ( 'NONE', #4576 ) ;
#8126 = CARTESIAN_POINT ( 'NONE',  ( 0.000000000000000000, 53.00000000000000711, -63.91067609231115654 ) ) ;
#8127 = FACE_OUTER_BOUND ( 'NONE', #4554, .T. ) ;
#8128 = ORIENTED_EDGE ( 'NONE', *, *, #10351, .F. ) ;
#8129 = CARTESIAN_POINT ( 'NONE',  ( 0.000000000000000000, 13.00000000000000178, 12.00000000000026112 ) ) ;
#8130 = VERTEX_POINT ( 'NONE', #3614 ) ;
#8131 = CARTESIAN_POINT ( 'NONE',  ( 56.45672057207453776, 117.9544640778688773, -13.31591073648716694 ) ) ;
#8132 = ORIENTED_EDGE ( 'NONE', *, *, #1564, .T. ) ;
#8133 = ORIENTED_EDGE ( 'NONE', *, *, #7798, .F. ) ;
#8134 = ORIENTED_EDGE ( 'NONE', *, *, #4526, .F. ) ;
#8135 = VERTEX_POINT ( 'NONE', #9641 ) ;
#8136 = DIRECTION ( 'NONE',  ( 0.000000000000000000, 0.000000000000000000, 1.000000000000000000 ) ) ;
#8137 = DIRECTION ( 'NONE',  ( -0.000000000000000000, -1.000000000000000000, -0.000000000000000000 ) ) ;
#8138 = CARTESIAN_POINT ( 'NONE',  ( -1.204972080621668936E-12, -6.000000000000000000, -42.42640687119408227 ) ) ;
#8139 = EDGE_CURVE ( 'NONE', #9859, #468, #1457, .T. ) ;
#8140 = CYLINDRICAL_SURFACE ( 'NONE', #138, 6.000000000000000000 ) ;
#8141 = EDGE_CURVE ( 'NONE', #1527, #10669, #8212, .T. ) ;
#8142 = CIRCLE ( 'NONE', #8225, 6.000000000000000000 ) ;
#8143 = ORIENTED_EDGE ( 'NONE', *, *, #7007, .F. ) ;
#8144 = ADVANCED_FACE ( 'NONE', ( #10186 ), #4998, .T. ) ;
#8145 = DIRECTION ( 'NONE',  ( 0.000000000000000000, 0.000000000000000000, 1.000000000000000000 ) ) ;
#8146 = EDGE_CURVE ( 'NONE', #10229, #10964, #8476, .T. ) ;
#8147 = VECTOR ( 'NONE', #6029, 1000.000000000000000 ) ;
#8148 = ORIENTED_EDGE ( 'NONE', *, *, #6799, .F. ) ;
#8149 = EDGE_LOOP ( 'NONE', ( #953, #8760 ) ) ;
#8150 = EDGE_LOOP ( 'NONE', ( #10590, #5499 ) ) ;
#8151 = DIRECTION ( 'NONE',  ( -1.000000000000000000, 0.000000000000000000, 0.000000000000000000 ) ) ;
#8152 = ORIENTED_EDGE ( 'NONE', *, *, #6384, .F. ) ;
#8153 = CARTESIAN_POINT ( 'NONE',  ( -3.606188105838151081, 0.000000000000000000, -53.81076957008283301 ) ) ;
#8154 = FILL_AREA_STYLE ('',( #9146 ) ) ;
#8155 = CARTESIAN_POINT ( 'NONE',  ( -55.68220177564669626, 125.2427145950738350, 16.24419709080404672 ) ) ;
#8156 = EDGE_CURVE ( 'NONE', #230, #6784, #8720, .T. ) ;
#8157 = CIRCLE ( 'NONE', #5198, 3.949999999999989075 ) ;
#8158 = DIRECTION ( 'NONE',  ( 1.000000000000000000, 0.000000000000000000, -3.491481338843133355E-15 ) ) ;
#8159 = EDGE_LOOP ( 'NONE', ( #10779, #1905 ) ) ;
#8160 = ORIENTED_EDGE ( 'NONE', *, *, #1281, .T. ) ;
#8161 =( GEOMETRIC_REPRESENTATION_CONTEXT ( 3 ) GLOBAL_UNCERTAINTY_ASSIGNED_CONTEXT ( ( #8241 ) ) GLOBAL_UNIT_ASSIGNED_CONTEXT ( ( #10000, #7494, #682 ) ) REPRESENTATION_CONTEXT ( 'NONE', 'WORKASPACE' ) );
#8162 = EDGE_CURVE ( 'NONE', #5269, #6835, #9930, .T. ) ;
#8163 = DIRECTION ( 'NONE',  ( 0.000000000000000000, 0.000000000000000000, 1.000000000000000000 ) ) ;
#8165 = FILL_AREA_STYLE ('',( #2332 ) ) ;
#8164 = CIRCLE ( 'NONE', #3804, 3.949999999999989075 ) ;
#8166 = ORIENTED_EDGE ( 'NONE', *, *, #3849, .T. ) ;
#8167 = DIRECTION ( 'NONE',  ( -0.000000000000000000, -1.000000000000000000, -0.000000000000000000 ) ) ;
#8168 = EDGE_CURVE ( 'NONE', #8262, #2444, #10051, .T. ) ;
#8169 = AXIS2_PLACEMENT_3D ( 'NONE', #8627, #4459, #7780 ) ;
#8170 = CARTESIAN_POINT ( 'NONE',  ( 15.17941345301654366, 0.000000000000000000, 47.43361699539106269 ) ) ;
#8171 = LINE ( 'NONE', #149, #2369 ) ;
#8172 = DIRECTION ( 'NONE',  ( 0.000000000000000000, 0.000000000000000000, -1.000000000000000000 ) ) ;
#8173 = ORIENTED_EDGE ( 'NONE', *, *, #7398, .F. ) ;
#8174 = VERTEX_POINT ( 'NONE', #8671 ) ;
#8175 = DIRECTION ( 'NONE',  ( 0.7071067811865474617, -0.000000000000000000, 0.7071067811865476838 ) ) ;
#8176 = AXIS2_PLACEMENT_3D ( 'NONE', #3729, #1200, #7145 ) ;
#8177 = FACE_BOUND ( 'NONE', #1861, .T. ) ;
#8178 = CARTESIAN_POINT ( 'NONE',  ( 5.000000000000007105, 107.4999999999999858, 70.82372483850309663 ) ) ;
#8179 = DIRECTION ( 'NONE',  ( -0.7071067811865476838, 0.000000000000000000, 0.7071067811865474617 ) ) ;
#8180 = DIRECTION ( 'NONE',  ( -0.7071067811865474617, 0.000000000000000000, -0.7071067811865476838 ) ) ;
#8181 = CARTESIAN_POINT ( 'NONE',  ( -11.99999999999995737, 53.00000000000000711, 62.00694410957876102 ) ) ;
#8182 =( NAMED_UNIT ( * ) SI_UNIT ( $, .STERADIAN. ) SOLID_ANGLE_UNIT ( ) );
#8183 = VERTEX_POINT ( 'NONE', #4615 ) ;
#8184 = DIRECTION ( 'NONE',  ( 0.000000000000000000, 0.000000000000000000, 1.000000000000000000 ) ) ;
#8185 = VECTOR ( 'NONE', #7984, 1000.000000000000000 ) ;
#8186 = AXIS2_PLACEMENT_3D ( 'NONE', #1325, #7159, #462 ) ;
#8187 = FILL_AREA_STYLE ('',( #1370 ) ) ;
#8188 = AXIS2_PLACEMENT_3D ( 'NONE', #550, #4026, #10844 ) ;
#8189 = LINE ( 'NONE', #2029, #7520 ) ;
#8190 = CIRCLE ( 'NONE', #180, 1.849999999999997424 ) ;
#8191 = CARTESIAN_POINT ( 'NONE',  ( 69.45058535079907358, 120.2266437635191210, -22.48613018974574729 ) ) ;
#8192 = ORIENTED_EDGE ( 'NONE', *, *, #6235, .F. ) ;
#8193 = DIRECTION ( 'NONE',  ( 0.000000000000000000, 0.000000000000000000, 1.000000000000000000 ) ) ;
#8194 = CARTESIAN_POINT ( 'NONE',  ( -69.85207047975264061, 124.6424999773144293, 21.20694460717515284 ) ) ;
#8195 = VECTOR ( 'NONE', #7616, 999.9999999999998863 ) ;
#8196 = STYLED_ITEM ( 'NONE', ( #10639 ), #7040 ) ;
#8197 = CYLINDRICAL_SURFACE ( 'NONE', #589, 1.849999999999997646 ) ;
#8198 = ADVANCED_FACE ( 'NONE', ( #10322 ), #6094, .F. ) ;
#8199 = DIRECTION ( 'NONE',  ( 0.000000000000000000, 1.000000000000000000, 0.000000000000000000 ) ) ;
#8200 = DIRECTION ( 'NONE',  ( -0.000000000000000000, -1.000000000000000000, -0.000000000000000000 ) ) ;
#8201 = DIRECTION ( 'NONE',  ( -0.000000000000000000, 1.000000000000000000, -0.000000000000000000 ) ) ;
#8202 = CARTESIAN_POINT ( 'NONE',  ( 0.000000000000000000, 109.4999999999999858, 0.000000000000000000 ) ) ;
#8203 = PLANE ( 'NONE',  #3915 ) ;
#8204 = CIRCLE ( 'NONE', #3867, 71.00000000000001421 ) ;
#8205 = EDGE_CURVE ( 'NONE', #3904, #2076, #1196, .T. ) ;
#8206 = CARTESIAN_POINT ( 'NONE',  ( -58.20458146424446966, 33.00000000000000000, -7.999999999999391598 ) ) ;
#8207 = DIRECTION ( 'NONE',  ( -0.7071067811865469066, 0.000000000000000000, -0.7071067811865482389 ) ) ;
#8208 = CARTESIAN_POINT ( 'NONE',  ( 0.000000000000000000, -42.40663761154805655, 0.000000000000000000 ) ) ;
#8209 = CARTESIAN_POINT ( 'NONE',  ( 29.99584399089635767, 10.00000000000000000, 53.33036777005244033 ) ) ;
#8210 = CARTESIAN_POINT ( 'NONE',  ( 0.000000000000000000, 107.4999999999999858, -63.91067609231115654 ) ) ;
#8211 = DIRECTION ( 'NONE',  ( 0.000000000000000000, 1.000000000000000000, 0.000000000000000000 ) ) ;
#8212 = LINE ( 'NONE', #6279, #3723 ) ;
#8213 = COLOUR_RGB ( '',1.000000000000000000, 0.5019607843137254832, 0.7529411764705882248 ) ;
#8214 = CARTESIAN_POINT ( 'NONE',  ( 55.48417541903648242, 124.9216499068021733, -16.92195414565907186 ) ) ;
#8215 = EDGE_CURVE ( 'NONE', #8006, #2324, #1042, .T. ) ;
#8216 = AXIS2_PLACEMENT_3D ( 'NONE', #5312, #5282, #7966 ) ;
#8217 = DIRECTION ( 'NONE',  ( -0.000000000000000000, -1.000000000000000000, -0.000000000000000000 ) ) ;
#8218 = DIRECTION ( 'NONE',  ( 1.000000000000000000, 0.000000000000000000, -3.491481338843132961E-15 ) ) ;
#8219 = EDGE_CURVE ( 'NONE', #4816, #5382, #5562, .T. ) ;
#8220 = CARTESIAN_POINT ( 'NONE',  ( -55.75282827137605324, 125.4489532522288187, 16.02218508808976694 ) ) ;
#8221 = FACE_OUTER_BOUND ( 'NONE', #2457, .T. ) ;
#8222 = CIRCLE ( 'NONE', #5740, 71.00000000000001421 ) ;
#8223 = LINE ( 'NONE', #9518, #4919 ) ;
#8224 = CARTESIAN_POINT ( 'NONE',  ( -11.99999999999995737, 13.00000000000000533, 69.97856814768363165 ) ) ;
#8225 = AXIS2_PLACEMENT_3D ( 'NONE', #476, #8075, #4720 ) ;
#8226 = ORIENTED_EDGE ( 'NONE', *, *, #1958, .T. ) ;
#8227 = ORIENTED_EDGE ( 'NONE', *, *, #105, .F. ) ;
#8228 = PLANE ( 'NONE',  #9353 ) ;
#8229 = CARTESIAN_POINT ( 'NONE',  ( 69.97856814768366007, 107.4999999999999858, 11.99999999999970868 ) ) ;
#8230 =( NAMED_UNIT ( * ) PLANE_ANGLE_UNIT ( ) SI_UNIT ( $, .RADIAN. ) );
#8231 = LINE ( 'NONE', #4646, #9559 ) ;
#8232 = PRESENTATION_STYLE_ASSIGNMENT (( #9863 ) ) ;
#8233 = EDGE_LOOP ( 'NONE', ( #3522, #1218, #1274, #10220 ) ) ;
#8234 =( GEOMETRIC_REPRESENTATION_CONTEXT ( 3 ) GLOBAL_UNCERTAINTY_ASSIGNED_CONTEXT ( ( #3177 ) ) GLOBAL_UNIT_ASSIGNED_CONTEXT ( ( #6726, #8339, #9125 ) ) REPRESENTATION_CONTEXT ( 'NONE', 'WORKASPACE' ) );
#8235 = CARTESIAN_POINT ( 'NONE',  ( -49.35125115495439019, 119.0905420012695544, -53.79102463432372616 ) ) ;
#8236 = VERTEX_POINT ( 'NONE', #8153 ) ;
#8237 = ORIENTED_EDGE ( 'NONE', *, *, #3434, .F. ) ;
#8238 = CARTESIAN_POINT ( 'NONE',  ( -28.70847883796041700, 0.000000000000000000, 28.70847883796040989 ) ) ;
#8239 = VERTEX_POINT ( 'NONE', #1336 ) ;
#8240 = EDGE_CURVE ( 'NONE', #3912, #2316, #3985, .T. ) ;
#8241 = UNCERTAINTY_MEASURE_WITH_UNIT (LENGTH_MEASURE( 1.000000000000000082E-05 ), #10000, 'distance_accuracy_value', 'NONE');
#8242 = PLANE ( 'NONE',  #744 ) ;
#8243 = SURFACE_STYLE_FILL_AREA ( #49 ) ;
#8244 = ORIENTED_EDGE ( 'NONE', *, *, #8796, .T. ) ;
#8245 = DIRECTION ( 'NONE',  ( -3.491481338843133355E-15, 0.000000000000000000, -1.000000000000000000 ) ) ;
#8246 = CARTESIAN_POINT ( 'NONE',  ( -57.00694410957876812, 33.00000000000000000, 5.971160446292032477E-13 ) ) ;
#8247 = PLANE ( 'NONE',  #2328 ) ;
#8248 = VERTEX_POINT ( 'NONE', #543 ) ;
#8249 = ADVANCED_FACE ( 'NONE', ( #6367 ), #7422, .F. ) ;
#8250 =( LENGTH_UNIT ( ) NAMED_UNIT ( * ) SI_UNIT ( .MILLI., .METRE. ) );
#8251 = ORIENTED_EDGE ( 'NONE', *, *, #1921, .T. ) ;
#8252 = ORIENTED_EDGE ( 'NONE', *, *, #8719, .T. ) ;
#8253 = ORIENTED_EDGE ( 'NONE', *, *, #7854, .T. ) ;
#8254 = CYLINDRICAL_SURFACE ( 'NONE', #9611, 69.74567609231115739 ) ;
#8255 = LINE ( 'NONE', #3489, #5868 ) ;
#8256 = ORIENTED_EDGE ( 'NONE', *, *, #6871, .F. ) ;
#8257 = EDGE_LOOP ( 'NONE', ( #4797, #2319, #3221, #7322 ) ) ;
#8258 = SURFACE_STYLE_USAGE ( .BOTH. , #6606 ) ;
#8259 = DIRECTION ( 'NONE',  ( 0.000000000000000000, -1.000000000000000000, 0.000000000000000000 ) ) ;
#8260 = AXIS2_PLACEMENT_3D ( 'NONE', #7598, #3401, #9307 ) ;
#8261 = SURFACE_SIDE_STYLE ('',( #2940 ) ) ;
#8262 = VERTEX_POINT ( 'NONE', #516 ) ;
#8263 = CARTESIAN_POINT ( 'NONE',  ( 66.18446766623711142, 0.000000000000000000, -15.02265631979615712 ) ) ;
#8264 = CARTESIAN_POINT ( 'NONE',  ( -56.73477998962016500, 124.1139184722885176, 12.12465835766487032 ) ) ;
#8265 = ORIENTED_EDGE ( 'NONE', *, *, #5325, .T. ) ;
#8266 = ORIENTED_EDGE ( 'NONE', *, *, #10662, .T. ) ;
#8267 = CARTESIAN_POINT ( 'NONE',  ( -71.43161982686673639, 121.7575824981555570, 15.05070393403519979 ) ) ;
#8268 = LINE ( 'NONE', #2729, #4302 ) ;
#8269 = FACE_OUTER_BOUND ( 'NONE', #3483, .T. ) ;
#8270 = ORIENTED_EDGE ( 'NONE', *, *, #9984, .T. ) ;
#8271 = ORIENTED_EDGE ( 'NONE', *, *, #10848, .F. ) ;
#8272 = DIRECTION ( 'NONE',  ( -0.000000000000000000, 1.000000000000000000, -0.000000000000000000 ) ) ;
#8273 =( NAMED_UNIT ( * ) PLANE_ANGLE_UNIT ( ) SI_UNIT ( $, .RADIAN. ) );
#8274 = PRESENTATION_LAYER_ASSIGNMENT (  '', '', ( #7356 ) ) ;
#8275 = DIRECTION ( 'NONE',  ( 0.000000000000000000, 1.000000000000000000, 0.000000000000000000 ) ) ;
#8276 = CARTESIAN_POINT ( 'NONE',  ( -39.66863394635191042, 72.00000000000000000, 17.74832372956891646 ) ) ;
#8277 = ORIENTED_EDGE ( 'NONE', *, *, #166, .T. ) ;
#8278 = ORIENTED_EDGE ( 'NONE', *, *, #2638, .F. ) ;
#8279 = EDGE_LOOP ( 'NONE', ( #10559, #4587 ) ) ;
#8280 = VERTEX_POINT ( 'NONE', #4648 ) ;
#8281 = DIRECTION ( 'NONE',  ( 0.000000000000000000, 0.000000000000000000, 1.000000000000000000 ) ) ;
#8282 = VECTOR ( 'NONE', #2371, 1000.000000000000000 ) ;
#8283 = ORIENTED_EDGE ( 'NONE', *, *, #5415, .F. ) ;
#8284 = DIRECTION ( 'NONE',  ( 0.000000000000000000, 0.000000000000000000, -1.000000000000000000 ) ) ;
#8285 = FACE_OUTER_BOUND ( 'NONE', #4844, .T. ) ;
#8286 = DIRECTION ( 'NONE',  ( -0.7071067811865474617, 0.000000000000000000, -0.7071067811865476838 ) ) ;
#8287 = DIRECTION ( 'NONE',  ( 0.000000000000000000, 1.000000000000000000, 0.000000000000000000 ) ) ;
#8288 = CARTESIAN_POINT ( 'NONE',  ( 0.000000000000000000, 12.99999999999999822, -71.00000000000001421 ) ) ;
#8289 = ORIENTED_EDGE ( 'NONE', *, *, #7565, .F. ) ;
#8290 = DIRECTION ( 'NONE',  ( -1.000000000000000000, 0.000000000000000000, 0.000000000000000000 ) ) ;
#8291 = CARTESIAN_POINT ( 'NONE',  ( 47.33001686544269404, 0.000000000000000000, 47.33001686544266562 ) ) ;
#8292 = ORIENTED_EDGE ( 'NONE', *, *, #5543, .F. ) ;
#8293 = EDGE_CURVE ( 'NONE', #575, #4055, #4899, .T. ) ;
#8294 = DIRECTION ( 'NONE',  ( 0.000000000000000000, 0.000000000000000000, 1.000000000000000000 ) ) ;
#8295 = FACE_OUTER_BOUND ( 'NONE', #6570, .T. ) ;
#8296 = CIRCLE ( 'NONE', #10028, 5.000000000000004441 ) ;
#8297 = EDGE_LOOP ( 'NONE', ( #2357, #10774, #6564, #2688 ) ) ;
#8298 = DIRECTION ( 'NONE',  ( 0.7071067811865474617, 0.000000000000000000, -0.7071067811865476838 ) ) ;
#8299 = EDGE_CURVE ( 'NONE', #7207, #10004, #677, .T. ) ;
#8300 = VECTOR ( 'NONE', #5169, 1000.000000000000000 ) ;
#8301 = EDGE_LOOP ( 'NONE', ( #4159, #5341, #10808, #3362 ) ) ;
#8302 = ORIENTED_EDGE ( 'NONE', *, *, #2504, .T. ) ;
#8303 = AXIS2_PLACEMENT_3D ( 'NONE', #9174, #6704, #8327 ) ;
#8304 = CARTESIAN_POINT ( 'NONE',  ( 8.694992273946208141E-15, 107.4999999999999858, 71.00000000000001421 ) ) ;
#8305 = DIRECTION ( 'NONE',  ( 0.000000000000000000, 0.000000000000000000, 1.000000000000000000 ) ) ;
#8306 = CARTESIAN_POINT ( 'NONE',  ( -56.85636215690874451, 123.5667773864314398, 11.58990135673639443 ) ) ;
#8307 =( NAMED_UNIT ( * ) SI_UNIT ( $, .STERADIAN. ) SOLID_ANGLE_UNIT ( ) );
#8308 = EDGE_CURVE ( 'NONE', #3492, #6912, #8740, .T. ) ;
#8309 = CYLINDRICAL_SURFACE ( 'NONE', #8176, 1.850000000000004530 ) ;
#8310 = CARTESIAN_POINT ( 'NONE',  ( 42.42640687119286014, 107.4999999999999858, 1.850000000000150191 ) ) ;
#8311 = AXIS2_PLACEMENT_3D ( 'NONE', #9025, #3894, #536 ) ;
#8312 = ADVANCED_FACE ( 'NONE', ( #5824 ), #5180, .T. ) ;
#8313 = DIRECTION ( 'NONE',  ( 0.000000000000000000, 0.000000000000000000, 1.000000000000000000 ) ) ;
#8314 = CARTESIAN_POINT ( 'NONE',  ( -46.20765073105413734, 127.5000000000000000, -25.95867897095134325 ) ) ;
#8315 = CARTESIAN_POINT ( 'NONE',  ( -63.91067609231115654, 107.4999999999999858, -2.231429329291523816E-13 ) ) ;
#8316 = CARTESIAN_POINT ( 'NONE',  ( 18.02512241641701962, 119.0885512943732039, -55.14649144379021095 ) ) ;
#8317 = EDGE_CURVE ( 'NONE', #10232, #10682, #417, .T. ) ;
#8318 = FACE_OUTER_BOUND ( 'NONE', #9580, .T. ) ;
#8319 = CARTESIAN_POINT ( 'NONE',  ( -12.67014315784907907, 124.6363221519354028, 56.61007893954830195 ) ) ;
#8320 = CIRCLE ( 'NONE', #2010, 3.949999999999989075 ) ;
#8321 = DIRECTION ( 'NONE',  ( 0.7071067811865474617, 0.000000000000000000, 0.7071067811865476838 ) ) ;
#8322 = ORIENTED_EDGE ( 'NONE', *, *, #1293, .T. ) ;
#8323 = AXIS2_PLACEMENT_3D ( 'NONE', #4375, #2673, #5224 ) ;
#8324 = PLANE ( 'NONE',  #10230 ) ;
#8325 = DIRECTION ( 'NONE',  ( 0.000000000000000000, 0.000000000000000000, -1.000000000000000000 ) ) ;
#8326 = DIRECTION ( 'NONE',  ( -1.000000000000000000, 0.000000000000000000, 3.491481338843133355E-15 ) ) ;
#8327 = DIRECTION ( 'NONE',  ( 0.000000000000000000, -0.000000000000000000, 1.000000000000000000 ) ) ;
#8328 = SURFACE_SIDE_STYLE ('',( #2424 ) ) ;
#8329 = CARTESIAN_POINT ( 'NONE',  ( 0.000000000000000000, 109.4999999999999858, 0.000000000000000000 ) ) ;
#8330 = FILL_AREA_STYLE_COLOUR ( '', #7108 ) ;
#8331 = DIRECTION ( 'NONE',  ( 0.000000000000000000, 0.000000000000000000, 1.000000000000000000 ) ) ;
#8332 = CARTESIAN_POINT ( 'NONE',  ( -71.51916383111931452, 121.5000000000000142, 15.07416127927686311 ) ) ;
#8333 = SURFACE_SIDE_STYLE ('',( #196 ) ) ;
#8334 = AXIS2_PLACEMENT_3D ( 'NONE', #2179, #5609, #5574 ) ;
#8335 = CARTESIAN_POINT ( 'NONE',  ( -71.32192761272899872, 123.4762997294431131, 15.56288306172268143 ) ) ;
#8336 = CARTESIAN_POINT ( 'NONE',  ( -71.51925244709114793, 120.4559712708450263, 15.07418502385495707 ) ) ;
#8337 = DIRECTION ( 'NONE',  ( -6.803704343522554839E-17, 1.000000000000000000, 2.878473196813116306E-17 ) ) ;
#8338 = CYLINDRICAL_SURFACE ( 'NONE', #1904, 3.949999999999989075 ) ;
#8339 =( NAMED_UNIT ( * ) PLANE_ANGLE_UNIT ( ) SI_UNIT ( $, .RADIAN. ) );
#8340 = CARTESIAN_POINT ( 'NONE',  ( 11.36823694491774717, 120.2304192305858379, -56.90040676623778637 ) ) ;
#8341 = VECTOR ( 'NONE', #3162, 1000.000000000000000 ) ;
#8342 = CARTESIAN_POINT ( 'NONE',  ( 69.38694944914296059, 121.4985874826541874, -22.68151772130955024 ) ) ;
#8343 = FACE_OUTER_BOUND ( 'NONE', #8367, .T. ) ;
#8344 = CARTESIAN_POINT ( 'NONE',  ( -54.33618285264117986, 121.2376102152930741, -48.75017162034487939 ) ) ;
#8345 = FACE_OUTER_BOUND ( 'NONE', #3142, .T. ) ;
#8346 = EDGE_CURVE ( 'NONE', #5255, #604, #9001, .T. ) ;
#8347 = LINE ( 'NONE', #6898, #4781 ) ;
#8348 = FACE_OUTER_BOUND ( 'NONE', #2032, .T. ) ;
#8349 = EDGE_CURVE ( 'NONE', #3303, #4708, #5436, .T. ) ;
#8350 = CARTESIAN_POINT ( 'NONE',  ( -25.10229073212236273, 72.00000000000000000, 25.10229073212251549 ) ) ;
#8351 = CARTESIAN_POINT ( 'NONE',  ( 0.000000000000000000, 51.00000000000000711, 0.000000000000000000 ) ) ;
#8352 = DIRECTION ( 'NONE',  ( -0.000000000000000000, -1.000000000000000000, -0.000000000000000000 ) ) ;
#8353 = CARTESIAN_POINT ( 'NONE',  ( -66.18446766623711142, 0.000000000000000000, 13.17265631979615037 ) ) ;
#8354 = DIRECTION ( 'NONE',  ( -1.000000000000000000, 0.000000000000000000, 0.000000000000000000 ) ) ;
#8355 = CARTESIAN_POINT ( 'NONE',  ( 0.000000000000000000, 110.4999999999999858, 0.000000000000000000 ) ) ;
#8356 = ORIENTED_EDGE ( 'NONE', *, *, #9519, .F. ) ;
#8357 = ADVANCED_FACE ( 'NONE', ( #6755 ), #3136, .T. ) ;
#8358 = CARTESIAN_POINT ( 'NONE',  ( -10.60660171779821503, 10.00000000000000000, 10.60660171779821503 ) ) ;
#8359 = COLOUR_RGB ( '',1.000000000000000000, 0.5019607843137254832, 0.7529411764705882248 ) ;
#8360 = VECTOR ( 'NONE', #8465, 1000.000000000000000 ) ;
#8361 = COLOUR_RGB ( '',0.7921568627450980005, 0.8196078431372548767, 0.9333333333333333481 ) ;
#8362 = VERTEX_POINT ( 'NONE', #3951 ) ;
#8363 = EDGE_CURVE ( 'NONE', #4293, #7250, #4508, .T. ) ;
#8364 = CARTESIAN_POINT ( 'NONE',  ( -24.04163056034263235, 64.50000000000000000, -24.04163056034264301 ) ) ;
#8365 = EDGE_CURVE ( 'NONE', #9031, #6784, #7018, .T. ) ;
#8366 =( NAMED_UNIT ( * ) PLANE_ANGLE_UNIT ( ) SI_UNIT ( $, .RADIAN. ) );
#8367 = EDGE_LOOP ( 'NONE', ( #9573, #5605 ) ) ;
#8368 = EDGE_CURVE ( 'NONE', #610, #816, #2793, .T. ) ;
#8369 = VECTOR ( 'NONE', #8920, 1000.000000000000000 ) ;
#8370 = FACE_OUTER_BOUND ( 'NONE', #10007, .T. ) ;
#8371 = ORIENTED_EDGE ( 'NONE', *, *, #4825, .F. ) ;
#8372 = FILL_AREA_STYLE ('',( #1487 ) ) ;
#8373 = AXIS2_PLACEMENT_3D ( 'NONE', #10651, #9759, #9008 ) ;
#8374 = ORIENTED_EDGE ( 'NONE', *, *, #7802, .F. ) ;
#8375 = CARTESIAN_POINT ( 'NONE',  ( 11.58115274842742615, 119.4426215047596145, -56.85834237677222802 ) ) ;
#8376 = DIRECTION ( 'NONE',  ( 0.7071067811865457964, 0.000000000000000000, -0.7071067811865492381 ) ) ;
#8377 = VERTEX_POINT ( 'NONE', #9895 ) ;
#8378 = DIRECTION ( 'NONE',  ( 0.000000000000000000, 1.000000000000000000, 0.000000000000000000 ) ) ;
#8379 = CARTESIAN_POINT ( 'NONE',  ( -10.00000000000004263, 53.00000000000000711, -64.00694410957875391 ) ) ;
#8380 = VERTEX_POINT ( 'NONE', #5677 ) ;
#8381 = CARTESIAN_POINT ( 'NONE',  ( -57.00694410957876812, 33.00000000000000000, 5.971160446292032477E-13 ) ) ;
#8382 = AXIS2_PLACEMENT_3D ( 'NONE', #2882, #8774, #8218 ) ;
#8383 = FACE_OUTER_BOUND ( 'NONE', #10778, .T. ) ;
#8384 = VECTOR ( 'NONE', #6921, 1000.000000000000000 ) ;
#8385 = ORIENTED_EDGE ( 'NONE', *, *, #6751, .T. ) ;
#8386 = CARTESIAN_POINT ( 'NONE',  ( 0.000000000000000000, 112.4999999999999858, 0.000000000000000000 ) ) ;
#8387 = CARTESIAN_POINT ( 'NONE',  ( 38.44422525863824092, 119.7466563134598658, 43.45841671640760495 ) ) ;
#8388 = EDGE_LOOP ( 'NONE', ( #4405, #9989, #2196, #9328, #4285, #10828 ) ) ;
#8389 = AXIS2_PLACEMENT_3D ( 'NONE', #3710, #9624, #10121 ) ;
#8390 = EDGE_LOOP ( 'NONE', ( #9698, #10085, #10392, #9505 ) ) ;
#8391 = ORIENTED_EDGE ( 'NONE', *, *, #3820, .F. ) ;
#8392 = CARTESIAN_POINT ( 'NONE',  ( 48.75010186514685984, 121.5000000000000000, 54.33624543652059913 ) ) ;
#8393 = CARTESIAN_POINT ( 'NONE',  ( -1.204972080621668936E-12, 127.5010000000000048, -42.42640687119408227 ) ) ;
#8394 = DIRECTION ( 'NONE',  ( -0.7071067811865476838, 0.000000000000000000, -0.7071067811865474617 ) ) ;
#8395 = ORIENTED_EDGE ( 'NONE', *, *, #6249, .F. ) ;
#8396 = CARTESIAN_POINT ( 'NONE',  ( 0.000000000000000000, 53.00000000000000711, 0.000000000000000000 ) ) ;
#8397 = VERTEX_POINT ( 'NONE', #6826 ) ;
#8398 = ORIENTED_EDGE ( 'NONE', *, *, #5680, .F. ) ;
#8399 = EDGE_CURVE ( 'NONE', #2480, #10502, #22, .T. ) ;
#8400 = ORIENTED_EDGE ( 'NONE', *, *, #5172, .F. ) ;
#8401 = EDGE_LOOP ( 'NONE', ( #3272, #4679, #5710, #3112 ) ) ;
#8402 = ORIENTED_EDGE ( 'NONE', *, *, #6609, .T. ) ;
#8403 = CARTESIAN_POINT ( 'NONE',  ( 50.20005485682503377, 124.9247513843715467, 53.00000842061118078 ) ) ;
#8404 = CARTESIAN_POINT ( 'NONE',  ( 11.99999999999995737, 53.00000000000000711, -64.00694410957875391 ) ) ;
#8405 = FACE_OUTER_BOUND ( 'NONE', #5340, .T. ) ;
#8406 = ORIENTED_EDGE ( 'NONE', *, *, #5038, .F. ) ;
#8407 = AXIS2_PLACEMENT_3D ( 'NONE', #1103, #368, #1933 ) ;
#8408 = CARTESIAN_POINT ( 'NONE',  ( -72.31182475916381236, 15.00000000000000178, -9.999999999999197087 ) ) ;
#8409 = DIRECTION ( 'NONE',  ( 0.000000000000000000, 1.000000000000000000, 0.000000000000000000 ) ) ;
#8410 = DIRECTION ( 'NONE',  ( -3.491481338843133355E-15, 0.000000000000000000, -1.000000000000000000 ) ) ;
#8411 = ORIENTED_EDGE ( 'NONE', *, *, #5738, .F. ) ;
#8412 = ORIENTED_EDGE ( 'NONE', *, *, #8640, .F. ) ;
#8413 =( LENGTH_UNIT ( ) NAMED_UNIT ( * ) SI_UNIT ( .MILLI., .METRE. ) );
#8415 = ORIENTED_EDGE ( 'NONE', *, *, #562, .F. ) ;
#8414 = B_SPLINE_SURFACE_WITH_KNOTS ( 'NONE', 3, 1, ( 
 ( #2610, #210 ),
 ( #3600, #4457 ),
 ( #10209, #6003 ),
 ( #913, #2946 ),
 ( #3686, #7955 ),
 ( #3752, #7037 ),
 ( #10525, #8731 ),
 ( #5422, #6153 ),
 ( #7130, #1153 ),
 ( #322, #6225 ) ),
 .UNSPECIFIED., .F., .F., .F.,
 ( 4, 2, 2, 2, 4 ),
 ( 2, 2 ),
 ( 0.4999999999999983347, 0.6249999999999978906, 0.7499999999999985567, 0.8749999999999993339, 1.000000000136231693 ),
 ( 0.000000000000000000, 1.000000000000000000 ),
 .UNSPECIFIED. ) ;
#8416 = ADVANCED_FACE ( 'NONE', ( #3187 ), #2526, .F. ) ;
#8418 = LINE ( 'NONE', #9650, #4721 ) ;
#8417 = CARTESIAN_POINT ( 'NONE',  ( 30.12269240033350570, 0.000000000000000000, -30.12269240033351281 ) ) ;
#8419 = AXIS2_PLACEMENT_3D ( 'NONE', #6963, #10287, #1924 ) ;
#8420 = VERTEX_POINT ( 'NONE', #8408 ) ;
#8421 = CARTESIAN_POINT ( 'NONE',  ( 15.50986186957406865, 117.5767212953638108, -55.88873136095713789 ) ) ;
#8422 = CARTESIAN_POINT ( 'NONE',  ( 69.38689138700057413, 122.0203950542955056, -22.68169534412072963 ) ) ;
#8423 = LINE ( 'NONE', #2866, #1795 ) ;
#8424 = DIRECTION ( 'NONE',  ( 0.000000000000000000, 0.000000000000000000, -1.000000000000000000 ) ) ;
#8425 = VERTEX_POINT ( 'NONE', #4154 ) ;
#8426 = VERTEX_POINT ( 'NONE', #28 ) ;
#8427 = CARTESIAN_POINT ( 'NONE',  ( 38.86652087263094302, 118.8878885941757062, 43.07247278287095327 ) ) ;
#8428 = FACE_OUTER_BOUND ( 'NONE', #4271, .T. ) ;
#8429 = EDGE_LOOP ( 'NONE', ( #7486, #2208, #5236, #1173 ) ) ;
#8430 = CARTESIAN_POINT ( 'NONE',  ( -5.000000000000007994, 107.4999999999999858, 0.000000000000000000 ) ) ;
#8431 = DIRECTION ( 'NONE',  ( -0.000000000000000000, 1.000000000000000000, 0.000000000000000000 ) ) ;
#8432 =( LENGTH_UNIT ( ) NAMED_UNIT ( * ) SI_UNIT ( .MILLI., .METRE. ) );
#8433 = CARTESIAN_POINT ( 'NONE',  ( 0.000000000000000000, 12.99999999999999822, 0.000000000000000000 ) ) ;
#8434 = CARTESIAN_POINT ( 'NONE',  ( 38.86765214487490994, 124.1139184724120383, 43.07143157018873580 ) ) ;
#8435 = DIRECTION ( 'NONE',  ( 0.000000000000000000, 0.000000000000000000, 1.000000000000000000 ) ) ;
#8436 = EDGE_CURVE ( 'NONE', #5649, #5759, #4369, .T. ) ;
#8437 = EDGE_LOOP ( 'NONE', ( #5991, #4809, #9330, #4961 ) ) ;
#8438 = VERTEX_POINT ( 'NONE', #7587 ) ;
#8439 = CARTESIAN_POINT ( 'NONE',  ( 62.00694410957880365, 53.00000000000000711, 11.99999999999974065 ) ) ;
#8440 = EDGE_CURVE ( 'NONE', #957, #1084, #6623, .T. ) ;
#8441 = LINE ( 'NONE', #9154, #8978 ) ;
#8442 = AXIS2_PLACEMENT_3D ( 'NONE', #864, #7673, #2687 ) ;
#8443 = ORIENTED_EDGE ( 'NONE', *, *, #8079, .T. ) ;
#8444 = VECTOR ( 'NONE', #4770, 1000.000000000000000 ) ;
#8445 = DIRECTION ( 'NONE',  ( -0.000000000000000000, 1.000000000000000000, -0.000000000000000000 ) ) ;
#8446 = CARTESIAN_POINT ( 'NONE',  ( -22.48693441047106845, 120.2286596928327356, 69.45032504319509314 ) ) ;
#8447 =( LENGTH_UNIT ( ) NAMED_UNIT ( * ) SI_UNIT ( .MILLI., .METRE. ) );
#8448 = EDGE_CURVE ( 'NONE', #8248, #6425, #905, .T. ) ;
#8449 = DIRECTION ( 'NONE',  ( -0.7071067811865474617, 0.000000000000000000, -0.7071067811865474617 ) ) ;
#8450 = VECTOR ( 'NONE', #6247, 1000.000000000000000 ) ;
#8451 = CARTESIAN_POINT ( 'NONE',  ( -53.81076957008285433, 72.00000000000000000, -3.606188105837799807 ) ) ;
#8452 = CIRCLE ( 'NONE', #728, 1.850000000000006084 ) ;
#8453 = ORIENTED_EDGE ( 'NONE', *, *, #10851, .T. ) ;
#8454 = DIRECTION ( 'NONE',  ( -0.000000000000000000, -1.000000000000000000, -0.000000000000000000 ) ) ;
#8455 = CARTESIAN_POINT ( 'NONE',  ( 13.78644843484753935, 117.7525690101436027, -56.34100083083646382 ) ) ;
#8456 = EDGE_CURVE ( 'NONE', #2444, #77, #8871, .T. ) ;
#8457 = MECHANICAL_DESIGN_GEOMETRIC_PRESENTATION_REPRESENTATION (  '', ( #1301 ), #6409 ) ;
#8458 = CARTESIAN_POINT ( 'NONE',  ( 0.000000000000000000, -53.00000000000000000, 71.00000000000001421 ) ) ;
#8459 = SURFACE_STYLE_FILL_AREA ( #4638 ) ;
#8460 = CARTESIAN_POINT ( 'NONE',  ( 39.13265416140806252, 118.5254474716627158, 42.82596627849844850 ) ) ;
#8461 = LINE ( 'NONE', #5792, #4371 ) ;
#8462 = CARTESIAN_POINT ( 'NONE',  ( -69.38697848839069593, 121.2376102152930741, 22.68142888489041908 ) ) ;
#8463 = DIRECTION ( 'NONE',  ( -0.7071067811865473507, 0.000000000000000000, 0.7071067811865477948 ) ) ;
#8464 = DIRECTION ( 'NONE',  ( -0.000000000000000000, 1.000000000000000000, 0.000000000000000000 ) ) ;
#8465 = DIRECTION ( 'NONE',  ( 1.000000000000000000, 0.000000000000000000, -3.838426034038494774E-15 ) ) ;
#8466 = ADVANCED_FACE ( 'NONE', ( #5692 ), #3455, .F. ) ;
#8467 = LINE ( 'NONE', #6081, #5158 ) ;
#8468 = CARTESIAN_POINT ( 'NONE',  ( -19.14876905137675678, 125.4497338060820937, 70.44425013803996194 ) ) ;
#8469 = AXIS2_PLACEMENT_3D ( 'NONE', #1003, #2617, #3466 ) ;
#8470 = VECTOR ( 'NONE', #7123, 1000.000000000000000 ) ;
#8471 = COLOUR_RGB ( '',0.7921568627450980005, 0.8196078431372548767, 0.9333333333333333481 ) ;
#8472 = CARTESIAN_POINT ( 'NONE',  ( 62.00694410957872549, 53.00000000000000711, -11.80236264533382418 ) ) ;
#8473 = DIRECTION ( 'NONE',  ( 0.000000000000000000, 0.000000000000000000, 1.000000000000000000 ) ) ;
#8474 = CARTESIAN_POINT ( 'NONE',  ( -21.75273962143133488, 118.8896745639160741, 69.68394591948695904 ) ) ;
#8475 = DIRECTION ( 'NONE',  ( -3.469446951953614189E-15, 0.000000000000000000, -1.000000000000000000 ) ) ;
#8476 = LINE ( 'NONE', #8895, #9794 ) ;
#8477 = COLOUR_RGB ( '',1.000000000000000000, 0.5019607843137254832, 0.7529411764705882248 ) ;
#8478 = AXIS2_PLACEMENT_3D ( 'NONE', #8644, #1177, #1959 ) ;
#8479 = CARTESIAN_POINT ( 'NONE',  ( -43.72939693150826201, 120.4673962467907415, -38.14377521324656328 ) ) ;
#8480 = DIRECTION ( 'NONE',  ( 0.7071067811865479058, 0.000000000000000000, -0.7071067811865470176 ) ) ;
#8481 = SURFACE_STYLE_FILL_AREA ( #10231 ) ;
#8482 = DIRECTION ( 'NONE',  ( 0.000000000000000000, 0.000000000000000000, -1.000000000000000000 ) ) ;
#8483 = CARTESIAN_POINT ( 'NONE',  ( 0.000000000000000000, 72.00000000000000000, 12.00000000000026112 ) ) ;
#8484 = FACE_OUTER_BOUND ( 'NONE', #1769, .T. ) ;
#8485 = CARTESIAN_POINT ( 'NONE',  ( 70.82372483850305400, 107.4999999999999858, 5.000000000000749623 ) ) ;
#8486 = LINE ( 'NONE', #10133, #9551 ) ;
#8487 = PRESENTATION_STYLE_ASSIGNMENT (( #1598 ) ) ;
#8488 = CARTESIAN_POINT ( 'NONE',  ( 71.43161982686659428, 121.7575824981555570, -15.05070393403568652 ) ) ;
#8489 = CARTESIAN_POINT ( 'NONE',  ( -63.91067609231115654, 107.4999999999999858, 3.949999999999766143 ) ) ;
#8490 = EDGE_CURVE ( 'NONE', #7103, #6987, #5303, .T. ) ;
#8491 = EDGE_CURVE ( 'NONE', #6441, #2353, #4588, .T. ) ;
#8492 = VERTEX_POINT ( 'NONE', #5004 ) ;
#8493 = EDGE_CURVE ( 'NONE', #2703, #10908, #7938, .T. ) ;
#8494 = LINE ( 'NONE', #7093, #10492 ) ;
#8495 = DIRECTION ( 'NONE',  ( -0.000000000000000000, -1.000000000000000000, -0.000000000000000000 ) ) ;
#8496 = CARTESIAN_POINT ( 'NONE',  ( 29.97765431706064021, 0.000000000000000000, 55.52392810244902677 ) ) ;
#8497 = LINE ( 'NONE', #5361, #3615 ) ;
#8498 = ORIENTED_EDGE ( 'NONE', *, *, #8924, .F. ) ;
#8499 = DIRECTION ( 'NONE',  ( -0.000000000000000000, 1.000000000000000000, -0.000000000000000000 ) ) ;
#8500 = DIRECTION ( 'NONE',  ( 0.7071067811865476838, 0.000000000000000000, 0.7071067811865474617 ) ) ;
#8501 = CARTESIAN_POINT ( 'NONE',  ( 23.68807716974930244, 72.00000000000000000, 23.68807716974934507 ) ) ;
#8502 = ORIENTED_EDGE ( 'NONE', *, *, #8491, .F. ) ;
#8503 = CARTESIAN_POINT ( 'NONE',  ( -19.88148178275345046, 125.3208970214321454, 70.24094441142788980 ) ) ;
#8504 = ORIENTED_EDGE ( 'NONE', *, *, #1925, .F. ) ;
#8505 = CARTESIAN_POINT ( 'NONE',  ( 62.00694410957877523, 53.00000000000000711, 4.623397510265379928 ) ) ;
#8506 = EDGE_CURVE ( 'NONE', #8377, #9301, #9267, .T. ) ;
#8507 = ORIENTED_EDGE ( 'NONE', *, *, #6799, .T. ) ;
#8508 = PRESENTATION_LAYER_ASSIGNMENT (  '', '', ( #4346 ) ) ;
#8509 = DIRECTION ( 'NONE',  ( -0.7071067811865476838, 0.000000000000000000, 0.7071067811865474617 ) ) ;
#8510 = EDGE_CURVE ( 'NONE', #10664, #8957, #3975, .T. ) ;
#8511 =( LENGTH_UNIT ( ) NAMED_UNIT ( * ) SI_UNIT ( .MILLI., .METRE. ) );
#8512 = EDGE_LOOP ( 'NONE', ( #1931, #2051, #10911, #7738, #6212, #755, #332, #10535 ) ) ;
#8513 = CARTESIAN_POINT ( 'NONE',  ( 0.000000000000000000, 0.000000000000000000, -12.00000000000026112 ) ) ;
#8514 = VERTEX_POINT ( 'NONE', #69 ) ;
#8515 = VERTEX_POINT ( 'NONE', #1061 ) ;
#8516 = ORIENTED_EDGE ( 'NONE', *, *, #9661, .F. ) ;
#8517 = EDGE_CURVE ( 'NONE', #8130, #2995, #7292, .T. ) ;
#8518 = CARTESIAN_POINT ( 'NONE',  ( -40.28192194968348616, 117.5505524752647659, -41.74242239116556163 ) ) ;
#8519 = AXIS2_PLACEMENT_3D ( 'NONE', #7005, #2951, #8889 ) ;
#8520 = CIRCLE ( 'NONE', #542, 69.74567609231115739 ) ;
#8521 = LINE ( 'NONE', #7835, #7581 ) ;
#8522 = ORIENTED_EDGE ( 'NONE', *, *, #1485, .F. ) ;
#8523 = DIRECTION ( 'NONE',  ( 1.256065073714878991E-16, 1.000000000000000000, -1.648588188385822228E-16 ) ) ;
#8524 = ORIENTED_EDGE ( 'NONE', *, *, #8581, .T. ) ;
#8525 = ADVANCED_FACE ( 'NONE', ( #8732 ), #4351, .F. ) ;
#8526 = FILL_AREA_STYLE_COLOUR ( '', #7089 ) ;
#8527 = CARTESIAN_POINT ( 'NONE',  ( -39.66863394635196016, 72.00000000000000000, -17.74832372956879922 ) ) ;
#8528 = ORIENTED_EDGE ( 'NONE', *, *, #5481, .T. ) ;
#8529 = CARTESIAN_POINT ( 'NONE',  ( -43.46051382348939285, 119.7531308161707102, -38.44191281646170211 ) ) ;
#8530 = ORIENTED_EDGE ( 'NONE', *, *, #10207, .F. ) ;
#8531 = AXIS2_PLACEMENT_3D ( 'NONE', #10425, #5354, #1314 ) ;
#8532 = EDGE_LOOP ( 'NONE', ( #1359, #933, #3911, #5638, #7967, #6804 ) ) ;
#8533 = DIRECTION ( 'NONE',  ( 0.7071067811865474617, 0.000000000000000000, -0.7071067811865474617 ) ) ;
#8534 = CYLINDRICAL_SURFACE ( 'NONE', #8648, 1.849999999999997424 ) ;
#8535 = VERTEX_POINT ( 'NONE', #1030 ) ;
#8536 = DIRECTION ( 'NONE',  ( -0.000000000000000000, -1.000000000000000000, -0.000000000000000000 ) ) ;
#8537 = AXIS2_PLACEMENT_3D ( 'NONE', #8754, #5405, #8643 ) ;
#8538 = EDGE_LOOP ( 'NONE', ( #4358, #10833, #9854, #9115 ) ) ;
#8539 = CYLINDRICAL_SURFACE ( 'NONE', #10080, 3.949999999999988187 ) ;
#8540 = CARTESIAN_POINT ( 'NONE',  ( 49.13530597791442744, 119.4352849012581999, 54.11554984759246167 ) ) ;
#8541 = DIRECTION ( 'NONE',  ( -0.000000000000000000, 1.000000000000000000, -0.000000000000000000 ) ) ;
#8542 = ORIENTED_EDGE ( 'NONE', *, *, #3134, .F. ) ;
#8543 = ORIENTED_EDGE ( 'NONE', *, *, #2919, .T. ) ;
#8544 = ORIENTED_EDGE ( 'NONE', *, *, #6477, .T. ) ;
#8546 = VERTEX_POINT ( 'NONE', #1932 ) ;
#8545 = B_SPLINE_SURFACE_WITH_KNOTS ( 'NONE', 3, 1, ( 
 ( #1834, #7979 ),
 ( #349, #3821 ),
 ( #10621, #452 ),
 ( #2936, #3739 ),
 ( #8756, #9722 ),
 ( #5406, #10593 ),
 ( #9652, #8845 ),
 ( #2113, #8026 ),
 ( #1211, #2968 ),
 ( #7183, #6364 ) ),
 .UNSPECIFIED., .F., .F., .F.,
 ( 4, 2, 2, 2, 4 ),
 ( 2, 2 ),
 ( 0.000000000000000000, 0.1249999999999996947, 0.2499999999999992228, 0.3749999999999987788, 0.4999999999999982792 ),
 ( 0.000000000000000000, 1.000000000000000000 ),
 .UNSPECIFIED. ) ;
#8547 = CARTESIAN_POINT ( 'NONE',  ( 3.606188105837987656, 0.000000000000000000, -53.81076957008284012 ) ) ;
#8548 = PRESENTATION_STYLE_ASSIGNMENT (( #1491 ) ) ;
#8549 = CIRCLE ( 'NONE', #3345, 5.000000000000004441 ) ;
#8550 = ORIENTED_EDGE ( 'NONE', *, *, #3215, .F. ) ;
#8551 = CARTESIAN_POINT ( 'NONE',  ( 0.000000000000000000, 107.4999999999999858, -71.00000000000001421 ) ) ;
#8552 = CARTESIAN_POINT ( 'NONE',  ( -9.999999999999957367, 53.00000000000000711, 62.00694410957876102 ) ) ;
#8553 = VERTEX_POINT ( 'NONE', #6865 ) ;
#8554 = ORIENTED_EDGE ( 'NONE', *, *, #4264, .T. ) ;
#8555 = DIRECTION ( 'NONE',  ( -0.000000000000000000, 1.000000000000000000, -0.000000000000000000 ) ) ;
#8556 = CARTESIAN_POINT ( 'NONE',  ( 0.000000000000000000, 51.00000000000000711, 0.000000000000000000 ) ) ;
#8557 = CARTESIAN_POINT ( 'NONE',  ( -63.91067609231115654, 107.4999999999999858, -3.950000000000212008 ) ) ;
#8558 = CIRCLE ( 'NONE', #8382, 71.00000000000001421 ) ;
#8559 = CARTESIAN_POINT ( 'NONE',  ( -18.39554902604842113, 117.5761575555906262, 70.64466441274507247 ) ) ;
#8560 = FACE_OUTER_BOUND ( 'NONE', #1093, .T. ) ;
#8561 = ORIENTED_EDGE ( 'NONE', *, *, #4618, .F. ) ;
#8562 = CARTESIAN_POINT ( 'NONE',  ( -15.07418527135056330, 121.4985874826541874, 71.51925239494354969 ) ) ;
#8563 = FACE_OUTER_BOUND ( 'NONE', #1225, .T. ) ;
#8564 = CARTESIAN_POINT ( 'NONE',  ( -43.72964354981449731, 121.4985874826541874, -38.14350033561122899 ) ) ;
#8565 = VERTEX_POINT ( 'NONE', #7693 ) ;
#8566 = VERTEX_POINT ( 'NONE', #170 ) ;
#8567 = FILL_AREA_STYLE ('',( #3544 ) ) ;
#8568 = EDGE_CURVE ( 'NONE', #6286, #3532, #8467, .T. ) ;
#8569 = DIRECTION ( 'NONE',  ( 0.000000000000000000, 0.000000000000000000, 1.000000000000000000 ) ) ;
#8570 = EDGE_CURVE ( 'NONE', #264, #4624, #4771, .T. ) ;
#8571 = CARTESIAN_POINT ( 'NONE',  ( 70.99938112145099467, 124.9247513843715609, -16.97451856707701268 ) ) ;
#8572 = CIRCLE ( 'NONE', #2152, 1.849999999999997646 ) ;
#8573 = CARTESIAN_POINT ( 'NONE',  ( 10.96015510839149343, 72.00000000000000000, 10.96015510839149343 ) ) ;
#8574 = DIRECTION ( 'NONE',  ( -0.000000000000000000, -1.000000000000000000, -0.000000000000000000 ) ) ;
#8575 = ORIENTED_EDGE ( 'NONE', *, *, #2377, .F. ) ;
#8576 = UNCERTAINTY_MEASURE_WITH_UNIT (LENGTH_MEASURE( 1.000000000000000082E-05 ), #6756, 'distance_accuracy_value', 'NONE');
#8577 =( NAMED_UNIT ( * ) SI_UNIT ( $, .STERADIAN. ) SOLID_ANGLE_UNIT ( ) );
#8578 = SURFACE_SIDE_STYLE ('',( #1038 ) ) ;
#8579 = CARTESIAN_POINT ( 'NONE',  ( 0.000000000000000000, 53.00000000000000711, 63.91067609231115654 ) ) ;
#8580 = CARTESIAN_POINT ( 'NONE',  ( -30.12269240033350570, 72.00000000000000000, 30.12269240033351281 ) ) ;
#8581 = EDGE_CURVE ( 'NONE', #9586, #341, #1190, .T. ) ;
#8582 = CARTESIAN_POINT ( 'NONE',  ( -15.02265631979638805, 72.00000000000000000, -68.03446766623706310 ) ) ;
#8583 = AXIS2_PLACEMENT_3D ( 'NONE', #3104, #3068, #4769 ) ;
#8584 = CIRCLE ( 'NONE', #2233, 71.00000000000001421 ) ;
#8585 = ADVANCED_FACE ( 'NONE', ( #6226 ), #1816, .T. ) ;
#8586 = CARTESIAN_POINT ( 'NONE',  ( -16.97889545163896940, 124.9272040765920195, 70.99833349538864979 ) ) ;
#8587 = VERTEX_POINT ( 'NONE', #2719 ) ;
#8588 = EDGE_CURVE ( 'NONE', #3835, #341, #9610, .T. ) ;
#8589 = DIRECTION ( 'NONE',  ( 0.000000000000000000, 1.000000000000000000, 0.000000000000000000 ) ) ;
#8590 = MANIFOLD_SOLID_BREP ( '¶ñ®Æ-¦ùªø1[2]', #7888 ) ;
#8591 = EDGE_CURVE ( 'NONE', #4327, #4440, #5428, .T. ) ;
#8592 = LINE ( 'NONE', #5209, #3043 ) ;
#8593 = DIRECTION ( 'NONE',  ( 0.000000000000000000, 1.000000000000000000, 0.000000000000000000 ) ) ;
#8594 = CARTESIAN_POINT ( 'NONE',  ( 0.000000000000000000, 110.4999999999999858, -58.91067609231115654 ) ) ;
#8595 = CARTESIAN_POINT ( 'NONE',  ( 66.18446766623711142, 72.00000000000000000, -15.02265631979615712 ) ) ;
#8596 = AXIS2_PLACEMENT_3D ( 'NONE', #9530, #1951, #4469 ) ;
#8597 = CARTESIAN_POINT ( 'NONE',  ( 0.000000000000000000, 127.5000000000000000, 52.99999999999999289 ) ) ;
#8598 = COLOUR_RGB ( '',0.7921568627450980005, 0.8196078431372548767, 0.9333333333333333481 ) ;
#8599 = CARTESIAN_POINT ( 'NONE',  ( 0.000000000000000000, 0.000000000000000000, 0.000000000000000000 ) ) ;
#8600 = DIRECTION ( 'NONE',  ( 1.000000000000000000, -0.000000000000000000, 3.598612394304551938E-15 ) ) ;
#8601 = PRODUCT_RELATED_PRODUCT_CATEGORY ( 'part', '', ( #7900 ) ) ;
#8602 = AXIS2_PLACEMENT_3D ( 'NONE', #8729, #7876, #4452 ) ;
#8603 = CARTESIAN_POINT ( 'NONE',  ( 71.22464596512428159, 124.1088354730031540, -16.00258839189370264 ) ) ;
#8604 = CARTESIAN_POINT ( 'NONE',  ( 0.000000000000000000, 120.5000000000000000, 0.000000000000000000 ) ) ;
#8605 = VECTOR ( 'NONE', #8645, 1000.000000000000000 ) ;
#8606 = CARTESIAN_POINT ( 'NONE',  ( -57.00694410957883917, 28.78955317794421376, -6.802362645333766444 ) ) ;
#8607 = DIRECTION ( 'NONE',  ( -1.000000000000000000, 0.000000000000000000, 0.000000000000000000 ) ) ;
#8608 = DIRECTION ( 'NONE',  ( 0.000000000000000000, 1.000000000000000000, 0.000000000000000000 ) ) ;
#8609 = DIRECTION ( 'NONE',  ( 0.000000000000000000, -1.000000000000000000, 0.000000000000000000 ) ) ;
#8610 = DIRECTION ( 'NONE',  ( 0.000000000000000000, 1.000000000000000000, 0.000000000000000000 ) ) ;
#8611 = VECTOR ( 'NONE', #2487, 1000.000000000000000 ) ;
#8612 = DIRECTION ( 'NONE',  ( 0.000000000000000000, 1.000000000000000000, 0.000000000000000000 ) ) ;
#8613 = CIRCLE ( 'NONE', #10245, 5.000000000000007994 ) ;
#8614 = CARTESIAN_POINT ( 'NONE',  ( -17.19993267813720550, 125.0479496558189396, 70.94518825765068470 ) ) ;
#8615 = FACE_BOUND ( 'NONE', #3929, .T. ) ;
#8616 =( NAMED_UNIT ( * ) SI_UNIT ( $, .STERADIAN. ) SOLID_ANGLE_UNIT ( ) );
#8617 = DIRECTION ( 'NONE',  ( 0.000000000000000000, 0.000000000000000000, 1.000000000000000000 ) ) ;
#8618 = ADVANCED_FACE ( 'NONE', ( #6491 ), #10605, .F. ) ;
#8619 = CARTESIAN_POINT ( 'NONE',  ( 0.000000000000000000, 107.4999999999999858, -63.91067609231115654 ) ) ;
#8620 = CARTESIAN_POINT ( 'NONE',  ( -62.00694410957888891, 53.00000000000000711, -11.80236264533378687 ) ) ;
#8621 = DIRECTION ( 'NONE',  ( 0.000000000000000000, -0.000000000000000000, 1.000000000000000000 ) ) ;
#8622 = ORIENTED_EDGE ( 'NONE', *, *, #9091, .T. ) ;
#8623 = CYLINDRICAL_SURFACE ( 'NONE', #1734, 52.99999999999999289 ) ;
#8624 = FACE_OUTER_BOUND ( 'NONE', #6978, .T. ) ;
#8625 = FACE_OUTER_BOUND ( 'NONE', #7582, .T. ) ;
#8626 = ORIENTED_EDGE ( 'NONE', *, *, #3697, .T. ) ;
#8627 = CARTESIAN_POINT ( 'NONE',  ( 0.000000000000000000, 2.327753354443970006E-15, -48.08326112068525759 ) ) ;
#8628 = CARTESIAN_POINT ( 'NONE',  ( 15.02265631979615712, 72.00000000000000000, -66.18446766623708299 ) ) ;
#8629 = ADVANCED_FACE ( 'NONE', ( #7008, #4103, #1836, #6087 ), #3022, .T. ) ;
#8630 = CARTESIAN_POINT ( 'NONE',  ( -23.68807716974930244, 72.00000000000000000, -23.68807716974934507 ) ) ;
#8631 = ORIENTED_EDGE ( 'NONE', *, *, #7247, .F. ) ;
#8632 = CARTESIAN_POINT ( 'NONE',  ( -41.37406365588201851, 117.5760051551590237, -40.64838931768343855 ) ) ;
#8633 = VECTOR ( 'NONE', #407, 1000.000000000000000 ) ;
#8634 = PRESENTATION_STYLE_ASSIGNMENT (( #4364 ) ) ;
#8635 = ORIENTED_EDGE ( 'NONE', *, *, #6829, .T. ) ;
#8636 = EDGE_CURVE ( 'NONE', #6607, #5524, #3575, .T. ) ;
#8637 = DIRECTION ( 'NONE',  ( 0.000000000000000000, 0.000000000000000000, -1.000000000000000000 ) ) ;
#8638 = ORIENTED_EDGE ( 'NONE', *, *, #9000, .F. ) ;
#8639 = VERTEX_POINT ( 'NONE', #4710 ) ;
#8640 = EDGE_CURVE ( 'NONE', #7711, #10131, #4501, .T. ) ;
#8641 = ORIENTED_EDGE ( 'NONE', *, *, #3341, .F. ) ;
#8642 = ADVANCED_FACE ( 'NONE', ( #5292 ), #2252, .T. ) ;
#8643 = DIRECTION ( 'NONE',  ( 0.000000000000000000, 0.000000000000000000, 1.000000000000000000 ) ) ;
#8644 = CARTESIAN_POINT ( 'NONE',  ( 0.000000000000000000, 2.327753354443970006E-15, -48.08326112068525759 ) ) ;
#8645 = DIRECTION ( 'NONE',  ( -0.000000000000000000, -1.000000000000000000, -0.000000000000000000 ) ) ;
#8646 = LINE ( 'NONE', #2044, #4150 ) ;
#8647 = ORIENTED_EDGE ( 'NONE', *, *, #10130, .F. ) ;
#8648 = AXIS2_PLACEMENT_3D ( 'NONE', #6354, #1277, #5458 ) ;
#8649 = ORIENTED_EDGE ( 'NONE', *, *, #4675, .T. ) ;
#8650 = VERTEX_POINT ( 'NONE', #5588 ) ;
#8651 = EDGE_CURVE ( 'NONE', #4800, #8135, #10, .T. ) ;
#8652 = EDGE_LOOP ( 'NONE', ( #7659, #8622, #8412, #7578 ) ) ;
#8653 = AXIS2_PLACEMENT_3D ( 'NONE', #829, #6771, #1701 ) ;
#8654 = CARTESIAN_POINT ( 'NONE',  ( -3.005988244198139631E-13, -6.000000000000000000, 42.42640687119286724 ) ) ;
#8655 = VECTOR ( 'NONE', #3550, 1000.000000000000000 ) ;
#8656 = ORIENTED_EDGE ( 'NONE', *, *, #3471, .F. ) ;
#8657 = FILL_AREA_STYLE ('',( #1060 ) ) ;
#8658 = CARTESIAN_POINT ( 'NONE',  ( -16.55474068452558711, 118.3615628034691554, 71.09843335855134683 ) ) ;
#8659 = VERTEX_POINT ( 'NONE', #7299 ) ;
#8660 = ORIENTED_EDGE ( 'NONE', *, *, #8079, .F. ) ;
#8661 = EDGE_CURVE ( 'NONE', #6665, #2743, #344, .T. ) ;
#8662 = DIRECTION ( 'NONE',  ( 3.469446951953613696E-16, 0.000000000000000000, 1.000000000000000000 ) ) ;
#8663 = ORIENTED_EDGE ( 'NONE', *, *, #8074, .F. ) ;
#8664 = VERTEX_POINT ( 'NONE', #3048 ) ;
#8665 = ORIENTED_EDGE ( 'NONE', *, *, #1201, .F. ) ;
#8666 = DIRECTION ( 'NONE',  ( 0.000000000000000000, 0.000000000000000000, 1.000000000000000000 ) ) ;
#8667 = FACE_BOUND ( 'NONE', #5185, .T. ) ;
#8668 = PRESENTATION_STYLE_ASSIGNMENT (( #2773 ) ) ;
#8669 = ORIENTED_EDGE ( 'NONE', *, *, #1793, .T. ) ;
#8670 = CARTESIAN_POINT ( 'NONE',  ( -49.47097105624829538, 124.1088354730030971, -53.68105858540342723 ) ) ;
#8671 = CARTESIAN_POINT ( 'NONE',  ( -19.16253729194216504, 0.000000000000000000, -41.08284750872494584 ) ) ;
#8672 = CARTESIAN_POINT ( 'NONE',  ( 25.10229073212240891, 53.00000000000000711, 25.10229073212244089 ) ) ;
#8673 = ORIENTED_EDGE ( 'NONE', *, *, #7519, .T. ) ;
#8674 = VERTEX_POINT ( 'NONE', #2980 ) ;
#8675 = CARTESIAN_POINT ( 'NONE',  ( -11.99999999999995737, 51.00000000000000711, 64.00694410957875391 ) ) ;
#8676 = ORIENTED_EDGE ( 'NONE', *, *, #515, .F. ) ;
#8677 = CIRCLE ( 'NONE', #1517, 71.00000000000001421 ) ;
#8678 = VERTEX_POINT ( 'NONE', #2200 ) ;
#8679 = MECHANICAL_DESIGN_GEOMETRIC_PRESENTATION_REPRESENTATION (  '', ( #2099 ), #2889 ) ;
#8680 = CARTESIAN_POINT ( 'NONE',  ( 29.97765431706064021, 10.00000000000000000, 59.22392810244902250 ) ) ;
#8681 = CARTESIAN_POINT ( 'NONE',  ( -12.00000000000050449, 12.99999999999999822, -69.97856814768353217 ) ) ;
#8682 = CARTESIAN_POINT ( 'NONE',  ( 6.000000000000000000, 33.00000000000000000, 64.00694410957875391 ) ) ;
#8683 = PRODUCT_DEFINITION_FORMATION_WITH_SPECIFIED_SOURCE ( 'ANY', '', #7900, .NOT_KNOWN. ) ;
#8684 = FACE_OUTER_BOUND ( 'NONE', #3284, .T. ) ;
#8685 = ORIENTED_EDGE ( 'NONE', *, *, #10032, .T. ) ;
#8686 = DIRECTION ( 'NONE',  ( -0.000000000000000000, 1.000000000000000000, -0.000000000000000000 ) ) ;
#8687 = EDGE_LOOP ( 'NONE', ( #1264, #7645, #10670, #6979 ) ) ;
#8688 = ADVANCED_FACE ( 'NONE', ( #5950 ), #9656, .F. ) ;
#8689 = CARTESIAN_POINT ( 'NONE',  ( -67.95290519381381955, 0.000000000000000000, 20.57675085431509743 ) ) ;
#8690 = AXIS2_PLACEMENT_3D ( 'NONE', #8579, #8608, #5252 ) ;
#8691 = DIRECTION ( 'NONE',  ( 0.000000000000000000, 1.000000000000000000, 0.000000000000000000 ) ) ;
#8692 = CARTESIAN_POINT ( 'NONE',  ( -15.02265631979638805, 72.00000000000000000, -68.03446766623706310 ) ) ;
#8693 = ORIENTED_EDGE ( 'NONE', *, *, #6229, .T. ) ;
#8694 = ORIENTED_EDGE ( 'NONE', *, *, #907, .T. ) ;
#8695 = DIRECTION ( 'NONE',  ( -0.000000000000000000, -1.000000000000000000, -0.000000000000000000 ) ) ;
#8696 =( NAMED_UNIT ( * ) SI_UNIT ( $, .STERADIAN. ) SOLID_ANGLE_UNIT ( ) );
#8697 = DIRECTION ( 'NONE',  ( -0.000000000000000000, -1.000000000000000000, -0.000000000000000000 ) ) ;
#8698 = ADVANCED_FACE ( 'NONE', ( #9262 ), #3970, .T. ) ;
#8699 = CARTESIAN_POINT ( 'NONE',  ( 55.03309650385959628, 123.5612961437243058, -18.39380054653288354 ) ) ;
#8700 = VECTOR ( 'NONE', #5081, 1000.000000000000000 ) ;
#8701 = EDGE_LOOP ( 'NONE', ( #3505, #8133 ) ) ;
#8702 = EDGE_CURVE ( 'NONE', #1100, #2295, #1446, .T. ) ;
#8703 = LINE ( 'NONE', #7291, #3038 ) ;
#8704 = EDGE_CURVE ( 'NONE', #5239, #8825, #8072, .T. ) ;
#8705 = CARTESIAN_POINT ( 'NONE',  ( -18.41398025515363912, 119.7466563129876675, 55.02288406105600416 ) ) ;
#8706 = PLANE ( 'NONE',  #626 ) ;
#8707 = EDGE_CURVE ( 'NONE', #722, #3497, #1976, .T. ) ;
#8708 = CARTESIAN_POINT ( 'NONE',  ( -43.72964354981449731, 121.4985874826540737, -38.14350033561125741 ) ) ;
#8709 = SURFACE_STYLE_USAGE ( .BOTH. , #7895 ) ;
#8710 = DIRECTION ( 'NONE',  ( 0.000000000000000000, 1.000000000000000000, 0.000000000000000000 ) ) ;
#8711 = FACE_OUTER_BOUND ( 'NONE', #10654, .T. ) ;
#8712 = CARTESIAN_POINT ( 'NONE',  ( 15.05070418153031397, 121.4985874826542016, -71.43161977471926605 ) ) ;
#8713 = AXIS2_PLACEMENT_3D ( 'NONE', #56, #1727, #7652 ) ;
#8714 = FACE_OUTER_BOUND ( 'NONE', #2578, .T. ) ;
#8715 = EDGE_LOOP ( 'NONE', ( #9201, #10666 ) ) ;
#8716 = FILL_AREA_STYLE_COLOUR ( '', #3014 ) ;
#8717 = CARTESIAN_POINT ( 'NONE',  ( -53.81076957008286143, 72.00000000000000000, 6.434615230584167733 ) ) ;
#8718 = FILL_AREA_STYLE ('',( #7860 ) ) ;
#8719 = EDGE_CURVE ( 'NONE', #4971, #7742, #6219, .T. ) ;
#8720 =( BOUNDED_CURVE ( )  B_SPLINE_CURVE ( 3, ( #437, #6358, #5464, #6428 ),
 .UNSPECIFIED., .F., .F. ) 
 B_SPLINE_CURVE_WITH_KNOTS ( ( 4, 4 ),
 ( 0.000000000000000000, 0.5542501482155146597 ),
 .UNSPECIFIED. ) 
 CURVE ( )  GEOMETRIC_REPRESENTATION_ITEM ( )  RATIONAL_B_SPLINE_CURVE ( ( 1.000000000000000000, 0.9745639783809396661, 0.9745639783809396661, 1.000000000000000000 ) ) 
 REPRESENTATION_ITEM ( '' )  );
#8721 = CARTESIAN_POINT ( 'NONE',  ( 0.000000000000000000, 53.00000000000000711, -63.91067609231115654 ) ) ;
#8722 = AXIS2_PLACEMENT_3D ( 'NONE', #6324, #9004, #3813 ) ;
#8723 = CARTESIAN_POINT ( 'NONE',  ( 29.97765431706064021, 10.00000000000000000, 57.37392810244902819 ) ) ;
#8724 = EDGE_CURVE ( 'NONE', #7766, #9075, #1576, .T. ) ;
#8725 = COLOUR_RGB ( '',1.000000000000000000, 0.5019607843137254832, 0.7529411764705882248 ) ;
#8726 = DIRECTION ( 'NONE',  ( 1.000000000000000000, -0.000000000000000000, 3.491481338843133355E-15 ) ) ;
#8727 = EDGE_CURVE ( 'NONE', #3647, #10490, #539, .T. ) ;
#8728 = MECHANICAL_DESIGN_GEOMETRIC_PRESENTATION_REPRESENTATION (  '', ( #9151 ), #5335 ) ;
#8729 = CARTESIAN_POINT ( 'NONE',  ( 63.91067609231115654, 107.4989999999999810, 6.694287987874572456E-13 ) ) ;
#8730 = DIRECTION ( 'NONE',  ( 0.000000000000000000, 1.000000000000000000, 0.000000000000000000 ) ) ;
#8731 = CARTESIAN_POINT ( 'NONE',  ( -16.99585860834736906, 125.0238078437617730, 55.46564281165940002 ) ) ;
#8732 = FACE_OUTER_BOUND ( 'NONE', #5388, .T. ) ;
#8733 = CIRCLE ( 'NONE', #4723, 71.00000000000001421 ) ;
#8734 = AXIS2_PLACEMENT_3D ( 'NONE', #4270, #217, #6162 ) ;
#8735 = VECTOR ( 'NONE', #8352, 1000.000000000000000 ) ;
#8736 = CARTESIAN_POINT ( 'NONE',  ( 0.000000000000000000, -53.00000000000000000, 0.000000000000000000 ) ) ;
#8737 = ADVANCED_FACE ( 'NONE', ( #3313, #1181 ), #9136, .T. ) ;
#8738 = DIRECTION ( 'NONE',  ( 0.7071067811865474617, 0.000000000000000000, 0.7071067811865474617 ) ) ;
#8739 = CARTESIAN_POINT ( 'NONE',  ( -14.51550594471735423, 117.5760051550295913, 56.15518484246966580 ) ) ;
#8740 = CIRCLE ( 'NONE', #10794, 1.849999999999997424 ) ;
#8741 = AXIS2_PLACEMENT_3D ( 'NONE', #6737, #9280, #10853 ) ;
#8742 = DIRECTION ( 'NONE',  ( -3.469446951953613696E-16, 0.000000000000000000, -1.000000000000000000 ) ) ;
#8743 = STYLED_ITEM ( 'NONE', ( #8548 ), #6086 ) ;
#8744 = PLANE ( 'NONE',  #3744 ) ;
#8745 = CARTESIAN_POINT ( 'NONE',  ( -40.27795188356818556, 125.4510427797605416, -41.74651453016088709 ) ) ;
#8746 =( NAMED_UNIT ( * ) SI_UNIT ( $, .STERADIAN. ) SOLID_ANGLE_UNIT ( ) );
#8747 = CARTESIAN_POINT ( 'NONE',  ( -4.189777606611744880E-14, 13.00000000000000178, -11.99999999999995737 ) ) ;
#8748 = DIRECTION ( 'NONE',  ( -1.000000000000000000, 0.000000000000000000, 1.082138871172476148E-14 ) ) ;
#8749 = ORIENTED_EDGE ( 'NONE', *, *, #5969, .F. ) ;
#8750 = B_SPLINE_CURVE_WITH_KNOTS ( 'NONE', 3,
 ( #7224, #1355, #4701, #6402, #9686, #8093, #591, #6480, #8319, #9018, #3994, #10809, #1395, #6549, #3960, #7321, #6589, #4799, #10733, #6622, #1501, #3258, #1434, #2259, #6505, #5657, #7468, #2375, #9161, #9872 ),
 .UNSPECIFIED., .F., .F.,
 ( 4, 2, 2, 2, 2, 2, 2, 2, 2, 2, 2, 2, 2, 2, 4 ),
 ( 0.5000000000000000000, 0.5312500000000000000, 0.5625000000000001110, 0.6250000000000002220, 0.6562500000000003331, 0.6875000000000004441, 0.7187500000000005551, 0.7500000000000006661, 0.7812500000000007772, 0.8125000000000006661, 0.8749999999999995559, 0.9062499999999997780, 0.9374999999999997780, 0.9687500000000000000, 1.000000000000000000 ),
 .UNSPECIFIED. ) ;
#8751 = ADVANCED_FACE ( 'NONE', ( #3847 ), #4142, .T. ) ;
#8752 = VECTOR ( 'NONE', #10596, 1000.000000000000000 ) ;
#8753 = DIRECTION ( 'NONE',  ( -0.000000000000000000, -1.000000000000000000, -0.000000000000000000 ) ) ;
#8754 = CARTESIAN_POINT ( 'NONE',  ( 0.000000000000000000, 0.000000000000000000, 0.000000000000000000 ) ) ;
#8755 = AXIS2_PLACEMENT_3D ( 'NONE', #9881, #9982, #4913 ) ;
#8756 = CARTESIAN_POINT ( 'NONE',  ( 70.86747919565195275, 117.5505524752648228, -17.91972329246232221 ) ) ;
#8757 = CARTESIAN_POINT ( 'NONE',  ( -8.000000000000000000, 33.00000000000000000, -57.00694410957876812 ) ) ;
#8758 = CARTESIAN_POINT ( 'NONE',  ( 63.91067609231115654, 92.49999999999998579, -3.949999999999319389 ) ) ;
#8759 = AXIS2_PLACEMENT_3D ( 'NONE', #1511, #2382, #9067 ) ;
#8760 = ORIENTED_EDGE ( 'NONE', *, *, #6021, .F. ) ;
#8761 = VECTOR ( 'NONE', #8151, 1000.000000000000000 ) ;
#8762 = LINE ( 'NONE', #8985, #7056 ) ;
#8763 = ORIENTED_EDGE ( 'NONE', *, *, #3341, .T. ) ;
#8764 = CARTESIAN_POINT ( 'NONE',  ( 43.46917597822829293, 10.00000000000000000, 14.22290219283993373 ) ) ;
#8765 = CARTESIAN_POINT ( 'NONE',  ( 0.000000000000000000, 112.4999999999999858, -71.00000000000001421 ) ) ;
#8766 =( NAMED_UNIT ( * ) PLANE_ANGLE_UNIT ( ) SI_UNIT ( $, .RADIAN. ) );
#8767 = FILL_AREA_STYLE_COLOUR ( '', #4227 ) ;
#8768 = ORIENTED_EDGE ( 'NONE', *, *, #5272, .T. ) ;
#8769 = CARTESIAN_POINT ( 'NONE',  ( 0.000000000000000000, 33.00000000000000000, 57.00694410957876812 ) ) ;
#8770 = ORIENTED_EDGE ( 'NONE', *, *, #6802, .F. ) ;
#8771 = EDGE_CURVE ( 'NONE', #233, #4700, #5437, .T. ) ;
#8772 = VECTOR ( 'NONE', #16, 1000.000000000000000 ) ;
#8773 = ORIENTED_EDGE ( 'NONE', *, *, #9913, .T. ) ;
#8774 = DIRECTION ( 'NONE',  ( 0.000000000000000000, 1.000000000000000000, 0.000000000000000000 ) ) ;
#8775 = CARTESIAN_POINT ( 'NONE',  ( -48.75010186514685984, 121.5000000000000000, -54.33624543652059913 ) ) ;
#8776 = VERTEX_POINT ( 'NONE', #7543 ) ;
#8777 = PLANE ( 'NONE',  #1387 ) ;
#8778 = EDGE_LOOP ( 'NONE', ( #707, #1739, #3930, #3475 ) ) ;
#8779 = ORIENTED_EDGE ( 'NONE', *, *, #10653, .F. ) ;
#8780 = ORIENTED_EDGE ( 'NONE', *, *, #2411, .F. ) ;
#8781 = CARTESIAN_POINT ( 'NONE',  ( 0.000000000000000000, -53.00000000000000000, 71.00000000000001421 ) ) ;
#8782 = CARTESIAN_POINT ( 'NONE',  ( 69.97856814768357481, 12.99999999999999822, -12.00000000000026112 ) ) ;
#8783 = EDGE_CURVE ( 'NONE', #1001, #5205, #10455, .T. ) ;
#8784 = LINE ( 'NONE', #656, #4954 ) ;
#8785 = FACE_OUTER_BOUND ( 'NONE', #6393, .T. ) ;
#8786 = ORIENTED_EDGE ( 'NONE', *, *, #7010, .F. ) ;
#8787 = CARTESIAN_POINT ( 'NONE',  ( 21.20893559935028705, 118.3596283656349470, -69.85146443247751336 ) ) ;
#8788 = EDGE_LOOP ( 'NONE', ( #2981, #5234, #8256, #10494 ) ) ;
#8789 = EDGE_CURVE ( 'NONE', #5082, #4972, #7665, .T. ) ;
#8790 = VERTEX_POINT ( 'NONE', #5020 ) ;
#8791 = DIRECTION ( 'NONE',  ( 0.000000000000000000, 0.000000000000000000, 1.000000000000000000 ) ) ;
#8792 = DIRECTION ( 'NONE',  ( 0.000000000000000000, 1.000000000000000000, 0.000000000000000000 ) ) ;
#8793 = CARTESIAN_POINT ( 'NONE',  ( 4.837354856632024350E-16, 107.4999999999999858, -67.86067609231115227 ) ) ;
#8794 = VERTEX_POINT ( 'NONE', #3335 ) ;
#8795 = ORIENTED_EDGE ( 'NONE', *, *, #762, .F. ) ;
#8796 = EDGE_CURVE ( 'NONE', #4745, #7244, #7409, .T. ) ;
#8797 = AXIS2_PLACEMENT_3D ( 'NONE', #9946, #157, #6365 ) ;
#8798 = CARTESIAN_POINT ( 'NONE',  ( 54.40057854492985001, 122.5297787185175054, 48.81391383478499790 ) ) ;
#8799 = FACE_OUTER_BOUND ( 'NONE', #10661, .T. ) ;
#8800 = CIRCLE ( 'NONE', #5181, 1.850000000000004530 ) ;
#8801 = ORIENTED_EDGE ( 'NONE', *, *, #3781, .T. ) ;
#8802 = DIRECTION ( 'NONE',  ( 0.000000000000000000, -0.000000000000000000, 1.000000000000000000 ) ) ;
#8803 = ORIENTED_EDGE ( 'NONE', *, *, #10436, .F. ) ;
#8804 = ORIENTED_EDGE ( 'NONE', *, *, #3150, .T. ) ;
#8805 = CARTESIAN_POINT ( 'NONE',  ( -3.005988244198139631E-13, -6.000000000000000000, 42.42640687119286724 ) ) ;
#8806 = VERTEX_POINT ( 'NONE', #10960 ) ;
#8807 = ORIENTED_EDGE ( 'NONE', *, *, #8862, .F. ) ;
#8808 = AXIS2_PLACEMENT_3D ( 'NONE', #4336, #4244, #132 ) ;
#8809 = ORIENTED_EDGE ( 'NONE', *, *, #2485, .T. ) ;
#8810 = CARTESIAN_POINT ( 'NONE',  ( 42.42640687119286014, 0.000000000000000000, 1.850000000000150191 ) ) ;
#8811 = PLANE ( 'NONE',  #1162 ) ;
#8812 = CARTESIAN_POINT ( 'NONE',  ( -63.91067609231115654, 110.4999999999999858, -2.231429329291523816E-13 ) ) ;
#8813 = ORIENTED_EDGE ( 'NONE', *, *, #1229, .F. ) ;
#8814 = CARTESIAN_POINT ( 'NONE',  ( -6.802362645334096847, 37.21044682205621967, -57.00694410957876812 ) ) ;
#8815 = CARTESIAN_POINT ( 'NONE',  ( -55.75384086515648363, 117.6773437519858447, 15.99289496166487368 ) ) ;
#8816 = LINE ( 'NONE', #8379, #6956 ) ;
#8817 = VERTEX_POINT ( 'NONE', #6851 ) ;
#8818 = EDGE_CURVE ( 'NONE', #1674, #10953, #9919, .T. ) ;
#8819 = ADVANCED_FACE ( 'NONE', ( #5816 ), #660, .T. ) ;
#8820 = UNCERTAINTY_MEASURE_WITH_UNIT (LENGTH_MEASURE( 1.000000000000000082E-05 ), #9065, 'distance_accuracy_value', 'NONE');
#8821 = DIRECTION ( 'NONE',  ( 0.000000000000000000, 1.000000000000000000, -0.000000000000000000 ) ) ;
#8822 = AXIS2_PLACEMENT_3D ( 'NONE', #8355, #3379, #5928 ) ;
#8823 = SURFACE_STYLE_FILL_AREA ( #3286 ) ;
#8824 = CARTESIAN_POINT ( 'NONE',  ( -58.20458146424550705, 33.00000000000000000, 8.000000000000609290 ) ) ;
#8825 = VERTEX_POINT ( 'NONE', #10237 ) ;
#8826 = ORIENTED_EDGE ( 'NONE', *, *, #7515, .F. ) ;
#8827 = CIRCLE ( 'NONE', #2095, 69.74567609231115739 ) ;
#8828 = CARTESIAN_POINT ( 'NONE',  ( -53.67892875956596299, 124.1125163652911851, -49.47328434987302614 ) ) ;
#8829 = CYLINDRICAL_SURFACE ( 'NONE', #2443, 1.849999999999997424 ) ;
#8830 = DIRECTION ( 'NONE',  ( 1.000000000000000000, 0.000000000000000000, 0.000000000000000000 ) ) ;
#8831 = ORIENTED_EDGE ( 'NONE', *, *, #1921, .F. ) ;
#8832 = CARTESIAN_POINT ( 'NONE',  ( 0.000000000000000000, 51.00000000000000711, 0.000000000000000000 ) ) ;
#8833 = DIRECTION ( 'NONE',  ( 0.7071067811865486830, -0.000000000000000000, 0.7071067811865464625 ) ) ;
#8834 = FILL_AREA_STYLE ('',( #3473 ) ) ;
#8835 = DIRECTION ( 'NONE',  ( 0.000000000000000000, 0.000000000000000000, 1.000000000000000000 ) ) ;
#8836 = LINE ( 'NONE', #1094, #10567 ) ;
#8837 = ORIENTED_EDGE ( 'NONE', *, *, #6052, .F. ) ;
#8838 = ORIENTED_EDGE ( 'NONE', *, *, #1431, .F. ) ;
#8839 = B_SPLINE_CURVE_WITH_KNOTS ( 'NONE', 3,
 ( #1414, #5564, #1312, #10581, #5597, #9002, #4678, #10720, #8892, #2989, #7243, #3031, #2212, #2130, #6426, #3056, #3905, #6465, #9783, #10686, #3871, #9753, #10611, #9808, #4753, #3841, #5542, #7306, #2275, #8191, #3088, #7341, #514, #2166 ),
 .UNSPECIFIED., .F., .F.,
 ( 4, 2, 2, 2, 2, 2, 2, 2, 2, 2, 2, 2, 2, 2, 2, 2, 4 ),
 ( 0.01244830183310133981, 0.01322653982068744752, 0.01400477780827355523, 0.01478301579585966294, 0.01556125378344577238, 0.01633949177103188183, 0.01711772975861799301, 0.01789596774620410419, 0.01867420573379021190, 0.01945244372137632308, 0.02023068170896243426, 0.02100891969654854197, 0.02178715768413465315, 0.02256539567172076433, 0.02334363365930687551, 0.02412187164689298668, 0.02490010963447909439 ),
 .UNSPECIFIED. ) ;
#8840 = AXIS2_PLACEMENT_3D ( 'NONE', #6495, #4926, #9959 ) ;
#8841 = CARTESIAN_POINT ( 'NONE',  ( 0.000000000000000000, 110.4999999999999858, 0.000000000000000000 ) ) ;
#8843 = CARTESIAN_POINT ( 'NONE',  ( 14.00079482526552610, 125.4489532522287902, -56.29445815988790258 ) ) ;
#8842 = VECTOR ( 'NONE', #10890, 1000.000000000000000 ) ;
#8844 = CARTESIAN_POINT ( 'NONE',  ( 5.000000000000007994, 107.4999999999999858, 0.000000000000000000 ) ) ;
#8845 = CARTESIAN_POINT ( 'NONE',  ( 55.46779750018578170, 117.9684973922954185, -16.98892326071804248 ) ) ;
#8846 = DIRECTION ( 'NONE',  ( 0.000000000000000000, 1.000000000000000000, 0.000000000000000000 ) ) ;
#8847 = FACE_OUTER_BOUND ( 'NONE', #9050, .T. ) ;
#8848 = CARTESIAN_POINT ( 'NONE',  ( 41.75203344611041700, 125.4489532522287050, 40.27227307179747839 ) ) ;
#8849 = LINE ( 'NONE', #8573, #4993 ) ;
#8850 = DIRECTION ( 'NONE',  ( -0.000000000000000000, -1.000000000000000000, -0.000000000000000000 ) ) ;
#8851 = AXIS2_PLACEMENT_3D ( 'NONE', #1908, #6070, #155 ) ;
#8852 = DIRECTION ( 'NONE',  ( 0.000000000000000000, 1.000000000000000000, 0.000000000000000000 ) ) ;
#8853 = LINE ( 'NONE', #1429, #6603 ) ;
#8854 = DIRECTION ( 'NONE',  ( 0.000000000000000000, 0.000000000000000000, 1.000000000000000000 ) ) ;
#8855 = DIRECTION ( 'NONE',  ( -0.000000000000000000, -1.000000000000000000, -0.000000000000000000 ) ) ;
#8856 = DIRECTION ( 'NONE',  ( 0.000000000000000000, 1.000000000000000000, 0.000000000000000000 ) ) ;
#8857 = DIRECTION ( 'NONE',  ( 0.000000000000000000, 0.000000000000000000, 1.000000000000000000 ) ) ;
#8858 = VECTOR ( 'NONE', #5327, 1000.000000000000000 ) ;
#8859 = VERTEX_POINT ( 'NONE', #7681 ) ;
#8860 = PLANE ( 'NONE',  #1927 ) ;
#8861 = DIRECTION ( 'NONE',  ( -0.000000000000000000, -1.000000000000000000, -0.000000000000000000 ) ) ;
#8862 = EDGE_CURVE ( 'NONE', #10939, #5402, #9521, .T. ) ;
#8863 = FACE_OUTER_BOUND ( 'NONE', #4916, .T. ) ;
#8864 = CARTESIAN_POINT ( 'NONE',  ( -11.36823694493888404, 120.2304192305162331, 56.90040676623325311 ) ) ;
#8865 = CARTESIAN_POINT ( 'NONE',  ( 0.000000000000000000, 13.00000000000000178, 0.000000000000000000 ) ) ;
#8866 = EDGE_CURVE ( 'NONE', #9848, #8915, #6078, .T. ) ;
#8867 = CARTESIAN_POINT ( 'NONE',  ( 18.77387837602754317, 122.0197087289974718, -54.90636409731840217 ) ) ;
#8868 = DIRECTION ( 'NONE',  ( 0.7071067811865464625, -0.000000000000000000, 0.7071067811865486830 ) ) ;
#8869 = CARTESIAN_POINT ( 'NONE',  ( -11.99999999999996447, 0.000000000000000000, 62.20458146424481782 ) ) ;
#8870 = AXIS2_PLACEMENT_3D ( 'NONE', #4438, #6908, #1018 ) ;
#8871 = LINE ( 'NONE', #7523, #10858 ) ;
#8872 = ADVANCED_FACE ( 'NONE', ( #10856, #411 ), #2630, .T. ) ;
#8873 = CARTESIAN_POINT ( 'NONE',  ( 12.00000000000004441, 53.00000000000000711, 62.00694410957876102 ) ) ;
#8874 = CARTESIAN_POINT ( 'NONE',  ( 29.99584399089636477, 10.00000000000000000, 61.38110908717417402 ) ) ;
#8875 = EDGE_CURVE ( 'NONE', #4693, #4708, #6210, .T. ) ;
#8876 = DIRECTION ( 'NONE',  ( 0.000000000000000000, -0.000000000000000000, 1.000000000000000000 ) ) ;
#8877 = STYLED_ITEM ( 'NONE', ( #3179 ), #8618 ) ;
#8878 = CARTESIAN_POINT ( 'NONE',  ( -1.204745520963826659E-12, -6.000000000000000000, -44.27640687119407659 ) ) ;
#8879 = COLOUR_RGB ( '',1.000000000000000000, 0.5019607843137254832, 0.7529411764705882248 ) ;
#8880 = PLANE ( 'NONE',  #4116 ) ;
#8881 = EDGE_CURVE ( 'NONE', #7347, #8918, #4361, .T. ) ;
#8882 = AXIS2_PLACEMENT_3D ( 'NONE', #2653, #4282, #1010 ) ;
#8883 = SURFACE_STYLE_FILL_AREA ( #5251 ) ;
#8884 = CARTESIAN_POINT ( 'NONE',  ( -48.08326112068525049, 33.00000000000000000, -3.469446951953614189E-14 ) ) ;
#8885 = FILL_AREA_STYLE ('',( #10477 ) ) ;
#8886 = CARTESIAN_POINT ( 'NONE',  ( 22.29904084445056256, 123.2468771370596130, -69.51088036234436629 ) ) ;
#8887 = DIRECTION ( 'NONE',  ( -0.7071067811865474617, -2.775557561562891351E-17, -0.7071067811865476838 ) ) ;
#8888 = LINE ( 'NONE', #6484, #551 ) ;
#8889 = DIRECTION ( 'NONE',  ( 0.000000000000000000, 0.000000000000000000, 1.000000000000000000 ) ) ;
#8890 = CARTESIAN_POINT ( 'NONE',  ( 12.00000000000004441, 13.00000000000000178, 62.00694410957876102 ) ) ;
#8891 = EDGE_LOOP ( 'NONE', ( #9457, #10934, #611, #9567 ) ) ;
#8892 = CARTESIAN_POINT ( 'NONE',  ( 71.22443721293227270, 118.8896745639160457, -16.00354784567598898 ) ) ;
#8893 = STYLED_ITEM ( 'NONE', ( #4235 ), #5496 ) ;
#8894 = DIRECTION ( 'NONE',  ( 0.000000000000000000, 1.000000000000000000, 0.000000000000000000 ) ) ;
#8895 = CARTESIAN_POINT ( 'NONE',  ( 48.08326112068522917, 2.327753354443970006E-15, -3.469446951953614189E-15 ) ) ;
#8896 = FACE_OUTER_BOUND ( 'NONE', #8257, .T. ) ;
#8897 = FACE_OUTER_BOUND ( 'NONE', #119, .T. ) ;
#8898 = FACE_OUTER_BOUND ( 'NONE', #1541, .T. ) ;
#8899 = VERTEX_POINT ( 'NONE', #7827 ) ;
#8900 = CARTESIAN_POINT ( 'NONE',  ( -12.00000000000048850, 72.00000000000000000, -62.20458146424513046 ) ) ;
#8901 = CARTESIAN_POINT ( 'NONE',  ( -69.97856814768367428, 72.00000000000000000, -11.99999999999971223 ) ) ;
#8902 = DIRECTION ( 'NONE',  ( -0.000000000000000000, -1.000000000000000000, -0.000000000000000000 ) ) ;
#8903 = EDGE_LOOP ( 'NONE', ( #6176, #645 ) ) ;
#8904 = VERTEX_POINT ( 'NONE', #156 ) ;
#8905 = DIRECTION ( 'NONE',  ( -0.7071067811865474617, -2.775557561562891351E-17, -0.7071067811865476838 ) ) ;
#8906 = CARTESIAN_POINT ( 'NONE',  ( 22.29677509794388968, 123.5667773864315109, -69.61043607160809188 ) ) ;
#8907 = EDGE_CURVE ( 'NONE', #4870, #5755, #6612, .T. ) ;
#8908 = CARTESIAN_POINT ( 'NONE',  ( -6.802362645334096847, 37.21044682205621967, -57.00694410957876812 ) ) ;
#8909 = EDGE_LOOP ( 'NONE', ( #211, #9189, #4314, #9868, #10355 ) ) ;
#8910 = CARTESIAN_POINT ( 'NONE',  ( -57.00694410957869707, 37.21044682205767629, 6.802362645333793978 ) ) ;
#8911 = CARTESIAN_POINT ( 'NONE',  ( 63.91067609231115654, 92.49999999999998579, 6.694287987874572456E-13 ) ) ;
#8912 = ORIENTED_EDGE ( 'NONE', *, *, #9129, .F. ) ;
#8913 = UNCERTAINTY_MEASURE_WITH_UNIT (LENGTH_MEASURE( 1.000000000000000082E-05 ), #3987, 'distance_accuracy_value', 'NONE');
#8914 = VERTEX_POINT ( 'NONE', #7066 ) ;
#8915 = VERTEX_POINT ( 'NONE', #4476 ) ;
#8916 = CARTESIAN_POINT ( 'NONE',  ( 25.97047333233548017, 10.00000000000000000, 57.35573842861330007 ) ) ;
#8917 = FACE_OUTER_BOUND ( 'NONE', #4301, .T. ) ;
#8918 = VERTEX_POINT ( 'NONE', #10386 ) ;
#8919 = CARTESIAN_POINT ( 'NONE',  ( 10.96015510839143303, 72.00000000000000000, 10.96015510839138152 ) ) ;
#8920 = DIRECTION ( 'NONE',  ( 1.256065073714878991E-16, 1.000000000000000000, -1.648588188385822228E-16 ) ) ;
#8921 = EDGE_CURVE ( 'NONE', #3954, #3492, #5811, .T. ) ;
#8922 = VERTEX_POINT ( 'NONE', #8682 ) ;
#8923 = ADVANCED_FACE ( 'NONE', ( #8990, #3568 ), #6951, .T. ) ;
#8924 = EDGE_CURVE ( 'NONE', #6947, #6286, #8592, .T. ) ;
#8925 = ORIENTED_EDGE ( 'NONE', *, *, #1650, .F. ) ;
#8926 = EDGE_LOOP ( 'NONE', ( #7127, #10394 ) ) ;
#8927 = LINE ( 'NONE', #966, #10919 ) ;
#8928 = ORIENTED_EDGE ( 'NONE', *, *, #8636, .F. ) ;
#8929 = ORIENTED_EDGE ( 'NONE', *, *, #8349, .F. ) ;
#8930 = DIRECTION ( 'NONE',  ( 3.491481338843133355E-15, 0.000000000000000000, 1.000000000000000000 ) ) ;
#8931 = CARTESIAN_POINT ( 'NONE',  ( -53.81076957008284722, 72.00000000000000000, 3.606188105837963231 ) ) ;
#8932 = ORIENTED_EDGE ( 'NONE', *, *, #8588, .F. ) ;
#8933 = CARTESIAN_POINT ( 'NONE',  ( -42.42640687119286014, 107.4999999999999858, -4.487298322847499863E-13 ) ) ;
#8934 = ORIENTED_EDGE ( 'NONE', *, *, #3552, .T. ) ;
#8935 = EDGE_LOOP ( 'NONE', ( #6277, #9717, #1784, #7206, #3663, #10888, #10912 ) ) ;
#8936 = EDGE_CURVE ( 'NONE', #709, #10006, #6353, .T. ) ;
#8937 = VERTEX_POINT ( 'NONE', #3585 ) ;
#8938 = CARTESIAN_POINT ( 'NONE',  ( -4.189777606611744880E-14, 72.00000000000000000, -11.99999999999995737 ) ) ;
#8939 = AXIS2_PLACEMENT_3D ( 'NONE', #3926, #2297, #9100 ) ;
#8940 = VECTOR ( 'NONE', #9866, 1000.000000000000000 ) ;
#8941 = VERTEX_POINT ( 'NONE', #2778 ) ;
#8942 = ADVANCED_FACE ( 'NONE', ( #7277, #6740 ), #7718, .T. ) ;
#8943 = EDGE_CURVE ( 'NONE', #7149, #3497, #9780, .T. ) ;
#8944 = FILL_AREA_STYLE ('',( #3099 ) ) ;
#8945 = DIRECTION ( 'NONE',  ( 0.000000000000000000, 0.000000000000000000, 1.000000000000000000 ) ) ;
#8946 = DIRECTION ( 'NONE',  ( -0.000000000000000000, -1.000000000000000000, -0.000000000000000000 ) ) ;
#8947 = DIRECTION ( 'NONE',  ( 0.7071067811865482389, 0.000000000000000000, 0.7071067811865469066 ) ) ;
#8948 = LINE ( 'NONE', #1028, #2737 ) ;
#8949 = EDGE_CURVE ( 'NONE', #1107, #1666, #1, .T. ) ;
#8950 = ORIENTED_EDGE ( 'NONE', *, *, #4960, .T. ) ;
#8951 =( GEOMETRIC_REPRESENTATION_CONTEXT ( 3 ) GLOBAL_UNCERTAINTY_ASSIGNED_CONTEXT ( ( #2112 ) ) GLOBAL_UNIT_ASSIGNED_CONTEXT ( ( #4160, #10064, #6639 ) ) REPRESENTATION_CONTEXT ( 'NONE', 'WORKASPACE' ) );
#8952 = CARTESIAN_POINT ( 'NONE',  ( 53.12711298395510795, 125.0194328563234478, 50.20235048811577627 ) ) ;
#8953 = ORIENTED_EDGE ( 'NONE', *, *, #3411, .T. ) ;
#8954 = CARTESIAN_POINT ( 'NONE',  ( 5.290787535995424865E-14, 107.4999999999999858, -5.000000000000015099 ) ) ;
#8955 = EDGE_LOOP ( 'NONE', ( #88, #5783, #4565, #90 ) ) ;
#8956 = VECTOR ( 'NONE', #4220, 1000.000000000000000 ) ;
#8957 = VERTEX_POINT ( 'NONE', #9537 ) ;
#8958 = CARTESIAN_POINT ( 'NONE',  ( 55.19530467819452468, 118.8888371472901326, -17.86965870636623421 ) ) ;
#8959 = ADVANCED_FACE ( 'NONE', ( #4488 ), #3520, .F. ) ;
#8960 = PRESENTATION_LAYER_ASSIGNMENT (  '', '', ( #4414 ) ) ;
#8961 = FACE_BOUND ( 'NONE', #2681, .T. ) ;
#8962 = DIRECTION ( 'NONE',  ( -0.000000000000000000, 1.000000000000000000, 0.000000000000000000 ) ) ;
#8963 = ORIENTED_EDGE ( 'NONE', *, *, #3610, .T. ) ;
#8964 = CARTESIAN_POINT ( 'NONE',  ( 17.66532068994248661, 125.2462049595990123, -70.83074096723427715 ) ) ;
#8965 = EDGE_LOOP ( 'NONE', ( #8980, #5547 ) ) ;
#8966 = CARTESIAN_POINT ( 'NONE',  ( 53.29567911551810511, 118.3615628034691554, 49.88604266513810614 ) ) ;
#8967 = FACE_OUTER_BOUND ( 'NONE', #9561, .T. ) ;
#8968 = LINE ( 'NONE', #7298, #10212 ) ;
#8969 = CARTESIAN_POINT ( 'NONE',  ( 55.74981719837095540, 125.3188284797294187, -16.00714370766857186 ) ) ;
#8970 = AXIS2_PLACEMENT_3D ( 'NONE', #1058, #205, #1929 ) ;
#8971 = FACE_BOUND ( 'NONE', #4045, .T. ) ;
#8972 = ORIENTED_EDGE ( 'NONE', *, *, #899, .T. ) ;
#8973 = ORIENTED_EDGE ( 'NONE', *, *, #315, .T. ) ;
#8974 = DIRECTION ( 'NONE',  ( -0.000000000000000000, -1.000000000000000000, -0.000000000000000000 ) ) ;
#8975 = DIRECTION ( 'NONE',  ( 0.000000000000000000, 0.000000000000000000, 1.000000000000000000 ) ) ;
#8976 = EDGE_CURVE ( 'NONE', #5460, #4924, #5007, .T. ) ;
#8977 = CARTESIAN_POINT ( 'NONE',  ( -55.05283173939443486, 123.4861478541810555, 18.32105931378278996 ) ) ;
#8978 = VECTOR ( 'NONE', #10036, 1000.000000000000000 ) ;
#8979 = DIRECTION ( 'NONE',  ( -0.7071067811865486830, 0.000000000000000000, 0.7071067811865464625 ) ) ;
#8980 = ORIENTED_EDGE ( 'NONE', *, *, #1485, .T. ) ;
#8981 = LINE ( 'NONE', #2622, #6732 ) ;
#8982 = ORIENTED_EDGE ( 'NONE', *, *, #1497, .F. ) ;
#8983 = PRESENTATION_LAYER_ASSIGNMENT (  '', '', ( #8196 ) ) ;
#8984 = ADVANCED_FACE ( 'NONE', ( #8711 ), #10343, .F. ) ;
#8985 = CARTESIAN_POINT ( 'NONE',  ( 62.00694410957880365, 13.00000000000000178, 11.99999999999974065 ) ) ;
#8986 = SURFACE_STYLE_USAGE ( .BOTH. , #4874 ) ;
#8987 = DIRECTION ( 'NONE',  ( -0.000000000000000000, 1.000000000000000000, 0.000000000000000000 ) ) ;
#8988 = DIRECTION ( 'NONE',  ( -0.000000000000000000, 1.000000000000000000, -0.000000000000000000 ) ) ;
#8989 = B_SPLINE_CURVE_WITH_KNOTS ( 'NONE', 3,
 ( #9310, #10009, #10111, #6687, #1647, #1573, #7561, #8316, #4936, #4982, #2516, #6619, #10948, #818, #10871, #8421, #2475, #6, #1601, #1688, #8455, #6758, #5864, #3361, #4166, #7532, #724, #2433, #9270, #8340, #6647, #1542, #4234, #4100 ),
 .UNSPECIFIED., .F., .F.,
 ( 4, 2, 2, 2, 2, 2, 2, 2, 2, 2, 2, 2, 2, 2, 2, 2, 4 ),
 ( 0.000000000000000000, 0.03124999999999987510, 0.06249999999999975020, 0.09374999999999962530, 0.1249999999999995004, 0.1562499999999993894, 0.1874999999999992506, 0.2187499999999991118, 0.2499999999999992228, 0.2812499999999993339, 0.3124999999999993894, 0.3437499999999995004, 0.3749999999999996114, 0.4062499999999997224, 0.4374999999999997780, 0.4687499999999998890, 0.5000000000000000000 ),
 .UNSPECIFIED. ) ;
#8990 = FACE_OUTER_BOUND ( 'NONE', #8016, .T. ) ;
#8991 = CARTESIAN_POINT ( 'NONE',  ( -62.00694410957881075, 53.00000000000000711, -4.623397510264947385 ) ) ;
#8992 = CIRCLE ( 'NONE', #866, 3.949999999999989075 ) ;
#8993 = STYLED_ITEM ( 'NONE', ( #4666 ), #1530 ) ;
#8994 = DIRECTION ( 'NONE',  ( 0.000000000000000000, 1.000000000000000000, 0.000000000000000000 ) ) ;
#8995 = ORIENTED_EDGE ( 'NONE', *, *, #10041, .T. ) ;
#8996 = DIRECTION ( 'NONE',  ( 0.000000000000000000, 1.000000000000000000, -0.000000000000000000 ) ) ;
#8997 = CARTESIAN_POINT ( 'NONE',  ( 50.71410410073154651, 117.7552649352297465, 52.50844546747527630 ) ) ;
#8998 = ADVANCED_FACE ( 'NONE', ( #5285 ), #8545, .T. ) ;
#8999 = VECTOR ( 'NONE', #3293, 1000.000000000000000 ) ;
#9000 = EDGE_CURVE ( 'NONE', #8280, #10968, #771, .T. ) ;
#9001 = CIRCLE ( 'NONE', #5682, 3.949999999999989075 ) ;
#9002 = CARTESIAN_POINT ( 'NONE',  ( 71.34744251728896813, 119.7498486088357481, -15.44513884781931523 ) ) ;
#9003 = EDGE_CURVE ( 'NONE', #1280, #7879, #8064, .T. ) ;
#9004 = DIRECTION ( 'NONE',  ( -0.000000000000000000, 1.000000000000000000, -0.000000000000000000 ) ) ;
#9005 = CARTESIAN_POINT ( 'NONE',  ( -25.10229073212236273, 0.000000000000000000, 25.10229073212251549 ) ) ;
#9006 = CARTESIAN_POINT ( 'NONE',  ( -56.77063150507758849, 123.9123826867247686, 11.96389276382891254 ) ) ;
#9007 = FACE_OUTER_BOUND ( 'NONE', #10776, .T. ) ;
#9008 = DIRECTION ( 'NONE',  ( 0.7071067811865474617, 0.000000000000000000, 0.7071067811865474617 ) ) ;
#9009 = AXIS2_PLACEMENT_3D ( 'NONE', #10334, #3581, #4430 ) ;
#9010 = B_SPLINE_CURVE_WITH_KNOTS ( 'NONE', 3,
 ( #6470, #1421, #1383, #2175, #7311, #7215, #7350, #2284, #8194, #3140, #9044, #3981, #9966, #7390, #7526, #9231, #6578, #1568, #4122, #10897, #1596, #2467, #4931, #10033, #7497, #8335, #4896, #5750, #5709, #10793, #8267, #658 ),
 .UNSPECIFIED., .F., .F.,
 ( 4, 2, 2, 2, 2, 2, 2, 2, 2, 2, 2, 2, 2, 2, 2, 4 ),
 ( 0.000000000000000000, 0.001556037729137682438, 0.002334056593706523332, 0.003112075458275364876, 0.003890094322844206420, 0.004668113187413046664, 0.005446132051981888642, 0.006224150916550729752, 0.007002169781119570863, 0.007780188645688412841, 0.008558207510257254819, 0.009336226374826093327, 0.01011424523939492837, 0.01089226410396376514, 0.01167028296853260365, 0.01244830183310144042 ),
 .UNSPECIFIED. ) ;
#9011 = CARTESIAN_POINT ( 'NONE',  ( 0.000000000000000000, 0.000000000000000000, 0.000000000000000000 ) ) ;
#9012 = CARTESIAN_POINT ( 'NONE',  ( 0.000000000000000000, 110.4999999999999858, 0.000000000000000000 ) ) ;
#9013 = VECTOR ( 'NONE', #7257, 1000.000000000000000 ) ;
#9014 = DIRECTION ( 'NONE',  ( 0.7071067811865482389, 0.000000000000000000, -0.7071067811865469066 ) ) ;
#9015 = EDGE_CURVE ( 'NONE', #7444, #6267, #5555, .T. ) ;
#9016 = DIRECTION ( 'NONE',  ( 1.000000000000000000, 0.000000000000000000, -3.491481338843132961E-15 ) ) ;
#9017 = STYLED_ITEM ( 'NONE', ( #1433 ), #9258 ) ;
#9018 = CARTESIAN_POINT ( 'NONE',  ( -13.08724553907433830, 124.9216499076719060, 56.51168249342349981 ) ) ;
#9019 = VECTOR ( 'NONE', #7286, 1000.000000000000000 ) ;
#9020 = CARTESIAN_POINT ( 'NONE',  ( 55.05922470598514451, 119.5231740027947467, -18.30060250851715509 ) ) ;
#9021 = VECTOR ( 'NONE', #8499, 1000.000000000000000 ) ;
#9022 = EDGE_CURVE ( 'NONE', #9956, #1640, #2640, .T. ) ;
#9023 = AXIS2_PLACEMENT_3D ( 'NONE', #7211, #440, #2993 ) ;
#9024 = CARTESIAN_POINT ( 'NONE',  ( 53.81076957008286143, 72.00000000000000000, -6.434615230584167733 ) ) ;
#9025 = CARTESIAN_POINT ( 'NONE',  ( 0.000000000000000000, -53.00000000000000000, 0.000000000000000000 ) ) ;
#9026 = CARTESIAN_POINT ( 'NONE',  ( 26.11681342984624976, 10.00000000000000000, 26.11681342984624976 ) ) ;
#9027 = SURFACE_SIDE_STYLE ('',( #6397 ) ) ;
#9028 = ORIENTED_EDGE ( 'NONE', *, *, #6973, .F. ) ;
#9029 = ADVANCED_FACE ( 'NONE', ( #8863 ), #9511, .T. ) ;
#9030 = CARTESIAN_POINT ( 'NONE',  ( 54.90637459314118018, 122.0148544265573634, -18.77384468380253679 ) ) ;
#9031 = VERTEX_POINT ( 'NONE', #8908 ) ;
#9032 = VECTOR ( 'NONE', #7916, 1000.000000000000000 ) ;
#9033 = LINE ( 'NONE', #5606, #4266 ) ;
#9034 = EDGE_LOOP ( 'NONE', ( #6584, #2570, #10579, #8244 ) ) ;
#9035 = ORIENTED_EDGE ( 'NONE', *, *, #2007, .T. ) ;
#9036 = DIRECTION ( 'NONE',  ( 0.000000000000000000, 0.000000000000000000, -1.000000000000000000 ) ) ;
#9037 = CARTESIAN_POINT ( 'NONE',  ( -57.79494960793698510, 35.93735173431829111, 7.590368143692078462 ) ) ;
#9038 =( GEOMETRIC_REPRESENTATION_CONTEXT ( 3 ) GLOBAL_UNCERTAINTY_ASSIGNED_CONTEXT ( ( #5459 ) ) GLOBAL_UNIT_ASSIGNED_CONTEXT ( ( #4320, #10219, #9596 ) ) REPRESENTATION_CONTEXT ( 'NONE', 'WORKASPACE' ) );
#9039 = CARTESIAN_POINT ( 'NONE',  ( -24.04163056034262880, 31.50000000000000000, -24.04163056034263946 ) ) ;
#9040 = ORIENTED_EDGE ( 'NONE', *, *, #3781, .F. ) ;
#9041 = FACE_OUTER_BOUND ( 'NONE', #7227, .T. ) ;
#9042 = VECTOR ( 'NONE', #929, 1000.000000000000000 ) ;
#9043 = ORIENTED_EDGE ( 'NONE', *, *, #6542, .F. ) ;
#9044 = CARTESIAN_POINT ( 'NONE',  ( -70.04030164646364653, 125.0479496558189680, 20.57701548617627907 ) ) ;
#9045 = ORIENTED_EDGE ( 'NONE', *, *, #563, .F. ) ;
#9046 = CARTESIAN_POINT ( 'NONE',  ( 18.79923228518200062, 121.4999999999999858, -54.89806197622058903 ) ) ;
#9047 = STYLED_ITEM ( 'NONE', ( #7330 ), #954 ) ;
#9048 = CARTESIAN_POINT ( 'NONE',  ( -6.802362645333919211, 28.78955317794349611, 57.00694410957876812 ) ) ;
#9049 = DIRECTION ( 'NONE',  ( 0.000000000000000000, 0.000000000000000000, -1.000000000000000000 ) ) ;
#9050 = EDGE_LOOP ( 'NONE', ( #6407, #3011, #6254, #968, #834, #6429, #7440, #5741 ) ) ;
#9051 = EDGE_LOOP ( 'NONE', ( #2573, #1375, #5760, #1353 ) ) ;
#9052 = DIRECTION ( 'NONE',  ( -0.000000000000000000, -1.000000000000000000, -0.000000000000000000 ) ) ;
#9053 = CYLINDRICAL_SURFACE ( 'NONE', #2566, 1.850000000000004530 ) ;
#9054 = ORIENTED_EDGE ( 'NONE', *, *, #10507, .F. ) ;
#9055 = DIRECTION ( 'NONE',  ( -0.000000000000000000, 1.000000000000000000, -0.000000000000000000 ) ) ;
#9056 = EDGE_LOOP ( 'NONE', ( #5147, #4967 ) ) ;
#9057 = DIRECTION ( 'NONE',  ( 0.000000000000000000, 0.000000000000000000, 1.000000000000000000 ) ) ;
#9058 = ORIENTED_EDGE ( 'NONE', *, *, #3552, .F. ) ;
#9059 = EDGE_LOOP ( 'NONE', ( #8925, #5192, #2027, #2090, #2417, #8530, #4323, #6925, #10516, #9578, #5138, #1791 ) ) ;
#9060 = VERTEX_POINT ( 'NONE', #3853 ) ;
#9061 = UNCERTAINTY_MEASURE_WITH_UNIT (LENGTH_MEASURE( 1.000000000000000082E-05 ), #7954, 'distance_accuracy_value', 'NONE');
#9062 = CARTESIAN_POINT ( 'NONE',  ( 57.79494960793674352, 30.06264826568227022, -7.590368143691831548 ) ) ;
#9063 = CARTESIAN_POINT ( 'NONE',  ( 12.00000000000004441, 53.00000000000000711, 62.00694410957876102 ) ) ;
#9064 = CARTESIAN_POINT ( 'NONE',  ( 43.72964354981449020, 121.4985874826541874, 38.14350033561124320 ) ) ;
#9065 =( LENGTH_UNIT ( ) NAMED_UNIT ( * ) SI_UNIT ( .MILLI., .METRE. ) );
#9066 = EDGE_CURVE ( 'NONE', #9208, #8514, #4878, .T. ) ;
#9067 = DIRECTION ( 'NONE',  ( 0.000000000000000000, 0.000000000000000000, -1.000000000000000000 ) ) ;
#9068 = EDGE_CURVE ( 'NONE', #10171, #7986, #2632, .T. ) ;
#9069 = VECTOR ( 'NONE', #6933, 1000.000000000000000 ) ;
#9070 = ORIENTED_EDGE ( 'NONE', *, *, #10772, .T. ) ;
#9071 = CARTESIAN_POINT ( 'NONE',  ( 56.08978823019291582, 125.4502610479492404, -14.76490614867551265 ) ) ;
#9072 = EDGE_CURVE ( 'NONE', #5205, #1001, #4619, .T. ) ;
#9073 = VERTEX_POINT ( 'NONE', #6395 ) ;
#9074 = ORIENTED_EDGE ( 'NONE', *, *, #2647, .T. ) ;
#9075 = VERTEX_POINT ( 'NONE', #7107 ) ;
#9076 = ORIENTED_EDGE ( 'NONE', *, *, #2124, .F. ) ;
#9077 = AXIS2_PLACEMENT_3D ( 'NONE', #6852, #4245, #4337 ) ;
#9078 = CIRCLE ( 'NONE', #8188, 71.00000000000001421 ) ;
#9079 = CARTESIAN_POINT ( 'NONE',  ( -64.00694410957875391, 33.00000000000000000, 6.704371527449089851E-13 ) ) ;
#9080 = LINE ( 'NONE', #3990, #2731 ) ;
#9081 = ORIENTED_EDGE ( 'NONE', *, *, #6675, .T. ) ;
#9082 = CARTESIAN_POINT ( 'NONE',  ( -71.10901641489309100, 125.0238078437618015, 16.91971911365160253 ) ) ;
#9083 = CARTESIAN_POINT ( 'NONE',  ( -54.90637459314939406, 122.0148544267412660, 18.77384468377736582 ) ) ;
#9084 = EDGE_CURVE ( 'NONE', #6170, #186, #8189, .T. ) ;
#9085 = VECTOR ( 'NONE', #909, 1000.000000000000114 ) ;
#9086 = CARTESIAN_POINT ( 'NONE',  ( -3.005988244198139631E-13, 0.000000000000000000, 44.27640687119286866 ) ) ;
#9087 = ORIENTED_EDGE ( 'NONE', *, *, #6602, .T. ) ;
#9088 = ORIENTED_EDGE ( 'NONE', *, *, #8436, .F. ) ;
#9089 = AXIS2_PLACEMENT_3D ( 'NONE', #3765, #8833, #10463 ) ;
#9090 = FACE_OUTER_BOUND ( 'NONE', #612, .T. ) ;
#9091 = EDGE_CURVE ( 'NONE', #8125, #10131, #10296, .T. ) ;
#9092 = ADVANCED_FACE ( 'NONE', ( #3037 ), #4766, .T. ) ;
#9094 = FILL_AREA_STYLE ('',( #10755 ) ) ;
#9093 = VECTOR ( 'NONE', #6262, 1000.000000000000000 ) ;
#9095 = VERTEX_POINT ( 'NONE', #630 ) ;
#9096 = CARTESIAN_POINT ( 'NONE',  ( -8.000000000000001776, 31.50276128561021238, 58.20458146424483914 ) ) ;
#9097 = CARTESIAN_POINT ( 'NONE',  ( -5.999999999999204192, 33.00000000000000000, 57.00694410957876812 ) ) ;
#9098 = EDGE_CURVE ( 'NONE', #5474, #10388, #10586, .T. ) ;
#9099 = AXIS2_PLACEMENT_3D ( 'NONE', #3279, #3382, #706 ) ;
#9100 = DIRECTION ( 'NONE',  ( 1.040834085586084257E-14, 0.000000000000000000, 1.000000000000000000 ) ) ;
#9101 = CIRCLE ( 'NONE', #9023, 52.99999999999999289 ) ;
#9102 = CARTESIAN_POINT ( 'NONE',  ( -49.74224729413841573, 118.5215291845034926, -53.42979350583859599 ) ) ;
#9103 = ORIENTED_EDGE ( 'NONE', *, *, #9084, .F. ) ;
#9104 = ORIENTED_EDGE ( 'NONE', *, *, #6818, .F. ) ;
#9105 = CARTESIAN_POINT ( 'NONE',  ( -1.204972080621668936E-12, 109.4999999999999858, -42.42640687119408227 ) ) ;
#9106 = FACE_BOUND ( 'NONE', #9971, .T. ) ;
#9107 = AXIS2_PLACEMENT_3D ( 'NONE', #4579, #6283, #4684 ) ;
#9108 = FACE_OUTER_BOUND ( 'NONE', #3209, .T. ) ;
#9109 = CARTESIAN_POINT ( 'NONE',  ( -71.40486913221494092, 120.4747866318107299, 15.17719649381042224 ) ) ;
#9110 = CARTESIAN_POINT ( 'NONE',  ( -42.42640687119286014, -6.000000000000000000, -4.487298322847499863E-13 ) ) ;
#9111 = CARTESIAN_POINT ( 'NONE',  ( 56.77063150498734245, 123.9123826873584875, -11.96389276423850134 ) ) ;
#9112 = PRESENTATION_LAYER_ASSIGNMENT (  '', '', ( #4007 ) ) ;
#9113 = VECTOR ( 'NONE', #10728, 999.9999999999998863 ) ;
#9114 = CARTESIAN_POINT ( 'NONE',  ( -71.43161982686670797, 121.5000000000000142, 15.05070393403519269 ) ) ;
#9115 = ORIENTED_EDGE ( 'NONE', *, *, #7533, .T. ) ;
#9116 = CARTESIAN_POINT ( 'NONE',  ( 0.000000000000000000, -42.40663761154805655, 52.99999999999999289 ) ) ;
#9117 = FILL_AREA_STYLE_COLOUR ( '', #339 ) ;
#9118 = EDGE_CURVE ( 'NONE', #7974, #3386, #5276, .T. ) ;
#9119 = CARTESIAN_POINT ( 'NONE',  ( -55.88705400416179714, 125.4229510339994960, 15.51595899573502813 ) ) ;
#9120 = DIRECTION ( 'NONE',  ( -1.040834085586084257E-14, 0.000000000000000000, -1.000000000000000000 ) ) ;
#9121 = VECTOR ( 'NONE', #492, 1000.000000000000000 ) ;
#9122 = PRESENTATION_LAYER_ASSIGNMENT (  '', '', ( #1966 ) ) ;
#9123 = LINE ( 'NONE', #1937, #1447 ) ;
#9124 = DIRECTION ( 'NONE',  ( -0.7071067811865493491, 0.000000000000000000, -0.7071067811865456854 ) ) ;
#9125 =( NAMED_UNIT ( * ) SI_UNIT ( $, .STERADIAN. ) SOLID_ANGLE_UNIT ( ) );
#9126 = PLANE ( 'NONE',  #7017 ) ;
#9127 = CARTESIAN_POINT ( 'NONE',  ( -72.31182475916381236, 51.00000000000000711, -9.999999999999197087 ) ) ;
#9128 = CARTESIAN_POINT ( 'NONE',  ( 63.91067609231115654, 107.4999999999999858, 6.694287987874572456E-13 ) ) ;
#9129 = EDGE_CURVE ( 'NONE', #3399, #3114, #5800, .T. ) ;
#9130 = CARTESIAN_POINT ( 'NONE',  ( 54.89810118063900291, 121.2426528317517835, -18.79911235162933991 ) ) ;
#9131 = VECTOR ( 'NONE', #8410, 1000.000000000000000 ) ;
#9132 = EDGE_CURVE ( 'NONE', #6181, #2274, #6072, .T. ) ;
#9133 = CARTESIAN_POINT ( 'NONE',  ( -71.26001940639622489, 119.0905420012695544, 15.84392489157395190 ) ) ;
#9134 = DIRECTION ( 'NONE',  ( -0.000000000000000000, 1.000000000000000000, -0.000000000000000000 ) ) ;
#9135 = DIRECTION ( 'NONE',  ( -0.000000000000000000, -1.000000000000000000, -0.000000000000000000 ) ) ;
#9136 = PLANE ( 'NONE',  #10873 ) ;
#9137 = ADVANCED_FACE ( 'NONE', ( #1559 ), #4997, .F. ) ;
#9138 = DIRECTION ( 'NONE',  ( 0.000000000000000000, 1.000000000000000000, 0.000000000000000000 ) ) ;
#9139 = EDGE_CURVE ( 'NONE', #9828, #2422, #8054, .T. ) ;
#9140 = AXIS2_PLACEMENT_3D ( 'NONE', #10872, #1543, #3365 ) ;
#9141 = LINE ( 'NONE', #2642, #5175 ) ;
#9142 = DIRECTION ( 'NONE',  ( 1.000000000000000000, 0.000000000000000000, 0.000000000000000000 ) ) ;
#9143 = CARTESIAN_POINT ( 'NONE',  ( 11.99999999999995737, 53.00000000000000711, -62.00694410957876102 ) ) ;
#9144 = EDGE_CURVE ( 'NONE', #5111, #4971, #8853, .T. ) ;
#9145 = CARTESIAN_POINT ( 'NONE',  ( -70.04006734437616899, 125.0194328563234762, 20.90825422977252401 ) ) ;
#9146 = FILL_AREA_STYLE_COLOUR ( '', #10518 ) ;
#9147 = CIRCLE ( 'NONE', #7574, 1.849999999999997646 ) ;
#9148 = UNCERTAINTY_MEASURE_WITH_UNIT (LENGTH_MEASURE( 1.000000000000000082E-05 ), #2049, 'distance_accuracy_value', 'NONE');
#9149 = EDGE_CURVE ( 'NONE', #1408, #3635, #4354, .T. ) ;
#9150 = SURFACE_STYLE_USAGE ( .BOTH. , #2393 ) ;
#9151 = STYLED_ITEM ( 'NONE', ( #7790 ), #3652 ) ;
#9152 = ORIENTED_EDGE ( 'NONE', *, *, #2840, .T. ) ;
#9153 = CARTESIAN_POINT ( 'NONE',  ( -71.10976402198056689, 117.9780511645801937, 16.91693277993726241 ) ) ;
#9154 = CARTESIAN_POINT ( 'NONE',  ( -9.999999999999957367, 53.00000000000000711, 64.00694410957875391 ) ) ;
#9155 = VECTOR ( 'NONE', #7650, 1000.000000000000000 ) ;
#9156 = DIRECTION ( 'NONE',  ( 0.000000000000000000, 0.000000000000000000, -1.000000000000000000 ) ) ;
#9157 = LINE ( 'NONE', #10536, #7055 ) ;
#9158 = LINE ( 'NONE', #9026, #5321 ) ;
#9159 = ORIENTED_EDGE ( 'NONE', *, *, #3053, .T. ) ;
#9160 = AXIS2_PLACEMENT_3D ( 'NONE', #9478, #3625, #5365 ) ;
#9161 = CARTESIAN_POINT ( 'NONE',  ( -18.79923228518235589, 121.7599145249168373, 54.89806197622042561 ) ) ;
#9162 = CLOSED_SHELL ( 'NONE', ( #2108, #4418, #9137, #3858, #10551, #3098, #9718, #2650, #3897, #1855, #8198, #1810, #9862, #4715, #10484, #4207, #3848, #8688, #7924, #3441, #10628, #6708, #6333, #6926, #5260, #7421, #858, #802, #10867, #3652, #6538, #2330, #532, #8043, #4250, #9817, #9258, #2241, #7246, #3051, #5145, #10364, #4497, #3002, #904, #8056, #8698, #1426, #9938, #1917, #2830, #8642, #7748, #1386, #6642, #4763, #7235, #5814, #8872, #523, #8942, #8984, #2176, #10347, #9423, #6438, #3589, #1011, #6601, #7333, #2539, #7637, #7284, #9194, #3984, #6157, #7295, #662, #8585, #2221, #508, #5318, #7177, #10715, #6140, #7856, #1643, #1318, #1584, #121, #10134, #1369, #8068, #10299, #9494, #2706, #10178, #8466, #5389, #8357, #9803, #10753, #2385, #7684, #7975, #6214, #6980, #5025, #564, #3210, #9921, #7482, #2429, #2495, #9576, #2814, #5652, #8737, #4433, #2269, #8923, #3034, #279, #218, #1538, #10826, #2897, #7105, #7843, #9527, #1705, #6269, #3908, #9092, #5756, #9468, #9483, #4873, #6349, #3942, #371, #6376, #3381, #10680, #1033, #9591, #10656, #7939, #8525, #1473, #6458, #10414, #2125, #6814, #289, #8113, #4096, #8629, #1271, #2723, #7528, #3304, #10431, #4623, #6488, #1329, #7217, #8959, #3168, #3122, #6406, #2158, #5859, #2599, #1842, #6911, #9968, #3320, #9648, #4917, #9534, #9699, #7313, #10725, #1975, #7131, #4780, #3668, #3720, #10606, #482, #1138, #5549, #409, #7810, #5273, #10616, #7273, #4047, #4545, #4380, #2767, #10923, #1936, #9785, #9306, #9377, #10026, #6096 ) ) ;
#9163 = ORIENTED_EDGE ( 'NONE', *, *, #3637, .T. ) ;
#9164 = CARTESIAN_POINT ( 'NONE',  ( -63.91067609231115654, 92.49999999999998579, -2.231429329291523816E-13 ) ) ;
#9165 = VERTEX_POINT ( 'NONE', #8089 ) ;
#9166 = MECHANICAL_DESIGN_GEOMETRIC_PRESENTATION_REPRESENTATION (  '', ( #6489 ), #10876 ) ;
#9167 = AXIS2_PLACEMENT_3D ( 'NONE', #10513, #8691, #5448 ) ;
#9168 = VECTOR ( 'NONE', #646, 1000.000000000000000 ) ;
#9169 = DIRECTION ( 'NONE',  ( 0.000000000000000000, 1.000000000000000000, 0.000000000000000000 ) ) ;
#9170 = DIRECTION ( 'NONE',  ( 0.000000000000000000, -0.000000000000000000, 1.000000000000000000 ) ) ;
#9171 = CARTESIAN_POINT ( 'NONE',  ( 11.99999999999995737, 13.00000000000000178, -62.00694410957876102 ) ) ;
#9172 = FACE_OUTER_BOUND ( 'NONE', #9200, .T. ) ;
#9173 = EDGE_LOOP ( 'NONE', ( #7847, #2722, #3015, #7073 ) ) ;
#9174 = CARTESIAN_POINT ( 'NONE',  ( 0.000000000000000000, 0.000000000000000000, 0.000000000000000000 ) ) ;
#9175 = DIRECTION ( 'NONE',  ( 0.000000000000000000, 1.000000000000000000, 0.000000000000000000 ) ) ;
#9176 = CARTESIAN_POINT ( 'NONE',  ( -63.91067609231115654, 107.4999999999999858, -2.231429329291523816E-13 ) ) ;
#9177 = ORIENTED_EDGE ( 'NONE', *, *, #7947, .T. ) ;
#9178 = DIRECTION ( 'NONE',  ( 0.000000000000000000, 0.000000000000000000, 1.000000000000000000 ) ) ;
#9179 = VERTEX_POINT ( 'NONE', #4733 ) ;
#9180 = EDGE_LOOP ( 'NONE', ( #6295, #10301, #4046, #9212 ) ) ;
#9181 = VECTOR ( 'NONE', #7694, 1000.000000000000000 ) ;
#9182 = VECTOR ( 'NONE', #8495, 1000.000000000000000 ) ;
#9183 = ORIENTED_EDGE ( 'NONE', *, *, #6598, .T. ) ;
#9184 = MECHANICAL_DESIGN_GEOMETRIC_PRESENTATION_REPRESENTATION (  '', ( #7150 ), #9763 ) ;
#9185 = FILL_AREA_STYLE ('',( #5818 ) ) ;
#9186 = ORIENTED_EDGE ( 'NONE', *, *, #7132, .F. ) ;
#9187 = CARTESIAN_POINT ( 'NONE',  ( 11.80236264533390589, 53.00000000000000711, -62.00694410957876102 ) ) ;
#9188 = ORIENTED_EDGE ( 'NONE', *, *, #7525, .T. ) ;
#9189 = ORIENTED_EDGE ( 'NONE', *, *, #4353, .T. ) ;
#9190 = VECTOR ( 'NONE', #6204, 1000.000000000000000 ) ;
#9191 = FACE_OUTER_BOUND ( 'NONE', #8388, .T. ) ;
#9192 = ORIENTED_EDGE ( 'NONE', *, *, #2423, .T. ) ;
#9193 = VERTEX_POINT ( 'NONE', #9791 ) ;
#9194 = ADVANCED_FACE ( 'NONE', ( #8318 ), #3921, .F. ) ;
#9195 = CARTESIAN_POINT ( 'NONE',  ( -55.46779750018589539, 117.9684973922954612, 16.98892326071762682 ) ) ;
#9196 = CARTESIAN_POINT ( 'NONE',  ( 8.939921633775675282E-15, 107.4999999999999858, 73.00000000000000000 ) ) ;
#9197 = AXIS2_PLACEMENT_3D ( 'NONE', #10657, #2253, #8163 ) ;
#9198 = DIRECTION ( 'NONE',  ( 0.000000000000000000, -1.000000000000000000, 0.000000000000000000 ) ) ;
#9199 = CARTESIAN_POINT ( 'NONE',  ( 0.000000000000000000, 107.4999999999999858, 63.91067609231115654 ) ) ;
#9200 = EDGE_LOOP ( 'NONE', ( #4424, #5120 ) ) ;
#9201 = ORIENTED_EDGE ( 'NONE', *, *, #2786, .T. ) ;
#9202 = DIRECTION ( 'NONE',  ( 0.000000000000000000, 1.000000000000000000, 0.000000000000000000 ) ) ;
#9203 = ORIENTED_EDGE ( 'NONE', *, *, #9536, .T. ) ;
#9204 = EDGE_LOOP ( 'NONE', ( #190, #2859, #9724, #10512 ) ) ;
#9205 = SURFACE_SIDE_STYLE ('',( #10029 ) ) ;
#9206 = CIRCLE ( 'NONE', #7901, 1.849999999999997424 ) ;
#9207 = FACE_OUTER_BOUND ( 'NONE', #8538, .T. ) ;
#9208 = VERTEX_POINT ( 'NONE', #9906 ) ;
#9209 = CARTESIAN_POINT ( 'NONE',  ( 42.68557876243634297, 118.3575743851301780, 39.28318312761553699 ) ) ;
#9210 = DIRECTION ( 'NONE',  ( -1.000000000000000000, 0.000000000000000000, -1.058157507199081786E-14 ) ) ;
#9211 = DIRECTION ( 'NONE',  ( 0.000000000000000000, 0.000000000000000000, 1.000000000000000000 ) ) ;
#9212 = ORIENTED_EDGE ( 'NONE', *, *, #1192, .T. ) ;
#9213 = DIRECTION ( 'NONE',  ( -0.000000000000000000, -1.000000000000000000, -0.000000000000000000 ) ) ;
#9214 = ORIENTED_EDGE ( 'NONE', *, *, #5038, .T. ) ;
#9215 = EDGE_CURVE ( 'NONE', #46, #10490, #9879, .T. ) ;
#9216 = DIRECTION ( 'NONE',  ( -0.7071067811865474617, -2.775557561562891351E-17, -0.7071067811865476838 ) ) ;
#9217 = ORIENTED_EDGE ( 'NONE', *, *, #6317, .F. ) ;
#9218 = FILL_AREA_STYLE_COLOUR ( '', #2749 ) ;
#9219 = LINE ( 'NONE', #6133, #1397 ) ;
#9220 = ORIENTED_EDGE ( 'NONE', *, *, #7007, .T. ) ;
#9221 = DIRECTION ( 'NONE',  ( 0.000000000000000000, 0.000000000000000000, 1.000000000000000000 ) ) ;
#9222 = EDGE_CURVE ( 'NONE', #9723, #8553, #3558, .T. ) ;
#9223 = ORIENTED_EDGE ( 'NONE', *, *, #7164, .T. ) ;
#9224 = VERTEX_POINT ( 'NONE', #10800 ) ;
#9225 = DIRECTION ( 'NONE',  ( 0.000000000000000000, 0.000000000000000000, 1.000000000000000000 ) ) ;
#9226 = CARTESIAN_POINT ( 'NONE',  ( -6.802362645333919211, 33.00000000000000000, 57.00694410957876812 ) ) ;
#9227 = VECTOR ( 'NONE', #8480, 1000.000000000000114 ) ;
#9228 = DIRECTION ( 'NONE',  ( -0.000000000000000000, -1.000000000000000000, -0.000000000000000000 ) ) ;
#9229 = PRESENTATION_STYLE_ASSIGNMENT (( #1186 ) ) ;
#9230 = EDGE_CURVE ( 'NONE', #456, #4273, #7914, .T. ) ;
#9231 = CARTESIAN_POINT ( 'NONE',  ( -70.58089469577642205, 125.4497338060821221, 18.63880461932629728 ) ) ;
#9232 = SURFACE_STYLE_FILL_AREA ( #10540 ) ;
#9233 = CARTESIAN_POINT ( 'NONE',  ( -3.882285676537846619, 127.5000000000000000, 14.48888739433601636 ) ) ;
#9234 = ORIENTED_EDGE ( 'NONE', *, *, #3637, .F. ) ;
#9235 = ORIENTED_EDGE ( 'NONE', *, *, #4903, .F. ) ;
#9236 = CARTESIAN_POINT ( 'NONE',  ( 11.16877986516070109, 120.4673962467907842, -56.94265624148273020 ) ) ;
#9237 = DIRECTION ( 'NONE',  ( 0.000000000000000000, 1.000000000000000000, 0.000000000000000000 ) ) ;
#9238 = DIRECTION ( 'NONE',  ( 0.000000000000000000, 1.000000000000000000, 0.000000000000000000 ) ) ;
#9239 = EDGE_CURVE ( 'NONE', #10257, #7149, #9644, .T. ) ;
#9240 = STYLED_ITEM ( 'NONE', ( #10701 ), #4653 ) ;
#9241 = CARTESIAN_POINT ( 'NONE',  ( 69.79238814741415808, 124.4765533686569086, -21.40223852354311163 ) ) ;
#9242 = FACE_OUTER_BOUND ( 'NONE', #4184, .T. ) ;
#9243 =( LENGTH_UNIT ( ) NAMED_UNIT ( * ) SI_UNIT ( .MILLI., .METRE. ) );
#9244 = ORIENTED_EDGE ( 'NONE', *, *, #10635, .F. ) ;
#9245 = FACE_OUTER_BOUND ( 'NONE', #5061, .T. ) ;
#9246 = CARTESIAN_POINT ( 'NONE',  ( 42.23079127013586742, 117.9497805308998153, 39.76469103241731773 ) ) ;
#9247 = EDGE_LOOP ( 'NONE', ( #2459, #1413, #3641, #6259 ) ) ;
#9248 = AXIS2_PLACEMENT_3D ( 'NONE', #5743, #5786, #3315 ) ;
#9249 = CARTESIAN_POINT ( 'NONE',  ( -28.70847883796050937, 0.000000000000000000, -28.70847883796031397 ) ) ;
#9250 = CARTESIAN_POINT ( 'NONE',  ( 0.000000000000000000, 0.000000000000000000, 0.000000000000000000 ) ) ;
#9251 = DIRECTION ( 'NONE',  ( 0.000000000000000000, 0.000000000000000000, -1.000000000000000000 ) ) ;
#9252 = CARTESIAN_POINT ( 'NONE',  ( 40.10520852358703081, 125.2451595922954084, 41.90405745043137387 ) ) ;
#9253 = DIRECTION ( 'NONE',  ( 0.000000000000000000, 1.000000000000000000, 0.000000000000000000 ) ) ;
#9254 = CARTESIAN_POINT ( 'NONE',  ( -8.000000000000000000, 33.00000000000000000, 57.00694410957876812 ) ) ;
#9255 = VECTOR ( 'NONE', #9569, 1000.000000000000000 ) ;
#9256 = CARTESIAN_POINT ( 'NONE',  ( 0.000000000000000000, 127.5000000000000000, -73.00000000000000000 ) ) ;
#9257 = VECTOR ( 'NONE', #7441, 1000.000000000000000 ) ;
#9258 = ADVANCED_FACE ( 'NONE', ( #3959 ), #5417, .F. ) ;
#9259 =( NAMED_UNIT ( * ) PLANE_ANGLE_UNIT ( ) SI_UNIT ( $, .RADIAN. ) );
#9260 = ORIENTED_EDGE ( 'NONE', *, *, #3194, .T. ) ;
#9261 = AXIS2_PLACEMENT_3D ( 'NONE', #2899, #8792, #5442 ) ;
#9262 = FACE_OUTER_BOUND ( 'NONE', #4717, .T. ) ;
#9263 = CARTESIAN_POINT ( 'NONE',  ( 51.98175549483799784, 125.4238305153196364, 51.25388483819679664 ) ) ;
#9264 = CARTESIAN_POINT ( 'NONE',  ( 69.97856814768357481, 72.00000000000000000, -12.00000000000026112 ) ) ;
#9265 = CARTESIAN_POINT ( 'NONE',  ( -64.00694410957888181, 15.00000000000000000, -11.99999999999928768 ) ) ;
#9266 = AXIS2_PLACEMENT_3D ( 'NONE', #5270, #5300, #9547 ) ;
#9267 = CIRCLE ( 'NONE', #10438, 1.850000000000006084 ) ;
#9268 = CARTESIAN_POINT ( 'NONE',  ( 19.91480399776570565, 117.5505524752647233, -70.33289893183098229 ) ) ;
#9269 = DIRECTION ( 'NONE',  ( 0.000000000000000000, 0.000000000000000000, 1.000000000000000000 ) ) ;
#9270 = CARTESIAN_POINT ( 'NONE',  ( 11.56141615746696516, 119.7531308158724528, -56.85886544087826167 ) ) ;
#9271 = LINE ( 'NONE', #7229, #5693 ) ;
#9272 = DIRECTION ( 'NONE',  ( 0.000000000000000000, -0.000000000000000000, 1.000000000000000000 ) ) ;
#9273 = EDGE_CURVE ( 'NONE', #9193, #6018, #9908, .T. ) ;
#9274 = EDGE_CURVE ( 'NONE', #5643, #4700, #2910, .T. ) ;
#9275 = VECTOR ( 'NONE', #9272, 1000.000000000000000 ) ;
#9276 = FACE_BOUND ( 'NONE', #6919, .T. ) ;
#9277 = EDGE_CURVE ( 'NONE', #6996, #10264, #7146, .T. ) ;
#9278 = CARTESIAN_POINT ( 'NONE',  ( 11.99999999999995737, 53.00000000000000711, -62.00694410957876102 ) ) ;
#9279 = CARTESIAN_POINT ( 'NONE',  ( -63.91067609231115654, 93.35786437626902057, -2.231429329291523816E-13 ) ) ;
#9280 = DIRECTION ( 'NONE',  ( 0.7071067811865474617, 0.000000000000000000, -0.7071067811865476838 ) ) ;
#9281 = CARTESIAN_POINT ( 'NONE',  ( -63.91067609231115654, 107.4999999999999858, -2.231429329291523816E-13 ) ) ;
#9282 = PLANE ( 'NONE',  #9077 ) ;
#9283 = AXIS2_PLACEMENT_3D ( 'NONE', #1665, #10277, #4222 ) ;
#9284 = PLANE ( 'NONE',  #2705 ) ;
#9285 = ORIENTED_EDGE ( 'NONE', *, *, #1547, .F. ) ;
#9286 = CARTESIAN_POINT ( 'NONE',  ( -10.12448588005138816, 127.5000000000000000, 10.12448588005139172 ) ) ;
#9287 = FACE_OUTER_BOUND ( 'NONE', #3655, .T. ) ;
#9288 = LINE ( 'NONE', #7908, #3073 ) ;
#9289 = COLOUR_RGB ( '',1.000000000000000000, 0.5019607843137254832, 0.7529411764705882248 ) ;
#9290 = EDGE_CURVE ( 'NONE', #2409, #7628, #7654, .T. ) ;
#9291 = AXIS2_PLACEMENT_3D ( 'NONE', #4230, #9343, #2505 ) ;
#9292 = CARTESIAN_POINT ( 'NONE',  ( 25.97047333233548017, 10.00000000000000000, 57.35573842861330007 ) ) ;
#9293 = DIRECTION ( 'NONE',  ( 0.000000000000000000, 0.000000000000000000, 1.000000000000000000 ) ) ;
#9294 = EDGE_CURVE ( 'NONE', #9605, #3918, #2903, .T. ) ;
#9295 = CARTESIAN_POINT ( 'NONE',  ( -40.28396119731880276, 125.3213000415435090, -41.73090639971092486 ) ) ;
#9296 = ORIENTED_EDGE ( 'NONE', *, *, #6396, .T. ) ;
#9297 = VERTEX_POINT ( 'NONE', #3213 ) ;
#9298 = EDGE_CURVE ( 'NONE', #4861, #3021, #8441, .T. ) ;
#9299 = FACE_OUTER_BOUND ( 'NONE', #4194, .T. ) ;
#9300 = CYLINDRICAL_SURFACE ( 'NONE', #5159, 1.849999999999997424 ) ;
#9301 = VERTEX_POINT ( 'NONE', #7505 ) ;
#9302 = CARTESIAN_POINT ( 'NONE',  ( -18.79923228518239142, 121.5000000000000426, 54.89806197622046113 ) ) ;
#9303 = AXIS2_PLACEMENT_3D ( 'NONE', #5027, #1620, #7483 ) ;
#9304 = CARTESIAN_POINT ( 'NONE',  ( -2.428612866367529932E-14, 6.983260063331909231E-15, 48.08326112068522917 ) ) ;
#9305 = ORIENTED_EDGE ( 'NONE', *, *, #2411, .T. ) ;
#9306 = ADVANCED_FACE ( 'NONE', ( #2366 ), #10437, .F. ) ;
#9307 = DIRECTION ( 'NONE',  ( 0.000000000000000000, 0.000000000000000000, -1.000000000000000000 ) ) ;
#9308 = ORIENTED_EDGE ( 'NONE', *, *, #1431, .T. ) ;
#9309 = CARTESIAN_POINT ( 'NONE',  ( -2.081668171172168513E-14, 31.50000000000000000, 48.08326112068522207 ) ) ;
#9310 = CARTESIAN_POINT ( 'NONE',  ( 18.79923228518199352, 121.4999999999999858, -54.89806197622056061 ) ) ;
#9311 = ORIENTED_EDGE ( 'NONE', *, *, #6088, .T. ) ;
#9312 = CARTESIAN_POINT ( 'NONE',  ( 70.04030164646349021, 125.0479496558189680, -20.57701548617681198 ) ) ;
#9313 = AXIS2_PLACEMENT_3D ( 'NONE', #2928, #2021, #2134 ) ;
#9314 = CIRCLE ( 'NONE', #6302, 1.850000000000006084 ) ;
#9315 = COLOUR_RGB ( '',1.000000000000000000, 0.5019607843137254832, 0.7529411764705882248 ) ;
#9316 = ORIENTED_EDGE ( 'NONE', *, *, #8493, .F. ) ;
#9317 = CARTESIAN_POINT ( 'NONE',  ( -54.25010532958043541, 120.4770467345754525, -48.84596890261947522 ) ) ;
#9318 = CARTESIAN_POINT ( 'NONE',  ( 53.81076957008284722, 72.00000000000000000, -3.606188105837963231 ) ) ;
#9319 = ORIENTED_EDGE ( 'NONE', *, *, #9579, .T. ) ;
#9320 = PRESENTATION_LAYER_ASSIGNMENT (  '', '', ( #4005 ) ) ;
#9321 = PRESENTATION_LAYER_ASSIGNMENT (  '', '', ( #8743 ) ) ;
#9322 = DIRECTION ( 'NONE',  ( 0.000000000000000000, 1.000000000000000000, 0.000000000000000000 ) ) ;
#9323 = ORIENTED_EDGE ( 'NONE', *, *, #7525, .F. ) ;
#9324 =( LENGTH_UNIT ( ) NAMED_UNIT ( * ) SI_UNIT ( .MILLI., .METRE. ) );
#9325 =( NAMED_UNIT ( * ) PLANE_ANGLE_UNIT ( ) SI_UNIT ( $, .RADIAN. ) );
#9326 = VECTOR ( 'NONE', #5568, 1000.000000000000000 ) ;
#9327 = VECTOR ( 'NONE', #8536, 1000.000000000000000 ) ;
#9328 = ORIENTED_EDGE ( 'NONE', *, *, #8139, .T. ) ;
#9329 = DIRECTION ( 'NONE',  ( 0.7071067811865474617, -0.000000000000000000, 0.7071067811865476838 ) ) ;
#9330 = ORIENTED_EDGE ( 'NONE', *, *, #984, .F. ) ;
#9331 = CARTESIAN_POINT ( 'NONE',  ( -16.00565667585881613, 124.1125163652912562, 71.22395812865563869 ) ) ;
#9332 = EDGE_LOOP ( 'NONE', ( #8638, #813, #5764, #5230, #4185, #8693, #6801, #10003, #3501, #3391, #4974, #6654 ) ) ;
#9333 = EDGE_CURVE ( 'NONE', #7393, #4927, #7643, .T. ) ;
#9334 = ORIENTED_EDGE ( 'NONE', *, *, #897, .F. ) ;
#9335 = ORIENTED_EDGE ( 'NONE', *, *, #1695, .T. ) ;
#9336 = FACE_OUTER_BOUND ( 'NONE', #9034, .T. ) ;
#9337 = CARTESIAN_POINT ( 'NONE',  ( 54.06463045002566759, 123.2508073318803525, 49.05125384052546877 ) ) ;
#9338 = LINE ( 'NONE', #3223, #6822 ) ;
#9339 = ORIENTED_EDGE ( 'NONE', *, *, #9640, .F. ) ;
#9340 =( LENGTH_UNIT ( ) NAMED_UNIT ( * ) SI_UNIT ( .MILLI., .METRE. ) );
#9341 = AXIS2_PLACEMENT_3D ( 'NONE', #7516, #10855, #8354 ) ;
#9342 = FILL_AREA_STYLE ('',( #3135 ) ) ;
#9343 = DIRECTION ( 'NONE',  ( 0.000000000000000000, 1.000000000000000000, 0.000000000000000000 ) ) ;
#9344 = CARTESIAN_POINT ( 'NONE',  ( -43.72964354981449731, 121.4985874826541874, -38.14350033561122899 ) ) ;
#9345 = VECTOR ( 'NONE', #7832, 1000.000000000000000 ) ;
#9346 = CARTESIAN_POINT ( 'NONE',  ( -50.95267519788630040, 117.5505524752647659, -52.41317563936838297 ) ) ;
#9347 = ORIENTED_EDGE ( 'NONE', *, *, #9516, .T. ) ;
#9348 = EDGE_LOOP ( 'NONE', ( #9347, #10013, #10954, #6683 ) ) ;
#9349 = ORIENTED_EDGE ( 'NONE', *, *, #6177, .T. ) ;
#9350 = ORIENTED_EDGE ( 'NONE', *, *, #3438, .T. ) ;
#9352 = FACE_OUTER_BOUND ( 'NONE', #8715, .T. ) ;
#9351 = SURFACE_SIDE_STYLE ('',( #10795 ) ) ;
#9353 = AXIS2_PLACEMENT_3D ( 'NONE', #4933, #4900, #10799 ) ;
#9354 = CIRCLE ( 'NONE', #7384, 3.949999999999988187 ) ;
#9355 = ORIENTED_EDGE ( 'NONE', *, *, #5890, .T. ) ;
#9356 = CARTESIAN_POINT ( 'NONE',  ( 0.000000000000000000, 0.000000000000000000, 0.000000000000000000 ) ) ;
#9357 = PLANE ( 'NONE',  #10930 ) ;
#9358 = EDGE_CURVE ( 'NONE', #5649, #8914, #9381, .T. ) ;
#9359 = DIRECTION ( 'NONE',  ( 0.000000000000000000, 1.000000000000000000, 0.000000000000000000 ) ) ;
#9360 = LINE ( 'NONE', #8472, #4849 ) ;
#9361 = CARTESIAN_POINT ( 'NONE',  ( -51.43865904875303841, 117.5498324263169820, -51.79894293221706647 ) ) ;
#9362 = CLOSED_SHELL ( 'NONE', ( #3, #3603, #10573, #1745, #10067, #3733 ) ) ;
#9363 = ORIENTED_EDGE ( 'NONE', *, *, #2128, .T. ) ;
#9364 = DIRECTION ( 'NONE',  ( 0.000000000000000000, 1.000000000000000000, 0.000000000000000000 ) ) ;
#9365 = VECTOR ( 'NONE', #7833, 1000.000000000000114 ) ;
#9366 = ORIENTED_EDGE ( 'NONE', *, *, #2786, .F. ) ;
#9367 = CARTESIAN_POINT ( 'NONE',  ( 41.73947316479906533, 117.5494486574988855, 40.28495564294909315 ) ) ;
#9368 = CARTESIAN_POINT ( 'NONE',  ( 39.66863394635191042, 0.000000000000000000, -17.74832372956891646 ) ) ;
#9369 = CARTESIAN_POINT ( 'NONE',  ( 0.000000000000000000, 112.4999999999999858, -73.00000000000000000 ) ) ;
#9370 = DIRECTION ( 'NONE',  ( 0.000000000000000000, -1.000000000000000000, 0.000000000000000000 ) ) ;
#9371 = EDGE_CURVE ( 'NONE', #2312, #1668, #7136, .T. ) ;
#9372 = FACE_OUTER_BOUND ( 'NONE', #2726, .T. ) ;
#9373 = ORIENTED_EDGE ( 'NONE', *, *, #4109, .T. ) ;
#9374 = ORIENTED_EDGE ( 'NONE', *, *, #6091, .T. ) ;
#9375 = CARTESIAN_POINT ( 'NONE',  ( -48.08326112068524338, 82.50000000000001421, -3.469446951953614189E-14 ) ) ;
#9376 = AXIS2_PLACEMENT_3D ( 'NONE', #9402, #4535, #7818 ) ;
#9377 = ADVANCED_FACE ( 'NONE', ( #4477 ), #4935, .T. ) ;
#9378 = DIRECTION ( 'NONE',  ( 0.000000000000000000, 0.000000000000000000, 1.000000000000000000 ) ) ;
#9379 = EDGE_CURVE ( 'NONE', #9953, #7072, #1962, .T. ) ;
#9380 = CIRCLE ( 'NONE', #7204, 6.000000000000000000 ) ;
#9381 = LINE ( 'NONE', #3253, #396 ) ;
#9382 = AXIS2_PLACEMENT_3D ( 'NONE', #4663, #1260, #4740 ) ;
#9383 = ORIENTED_EDGE ( 'NONE', *, *, #2232, .F. ) ;
#9384 = CYLINDRICAL_SURFACE ( 'NONE', #4133, 1.849999999999997646 ) ;
#9385 = CARTESIAN_POINT ( 'NONE',  ( 50.70950734321305475, 125.2440741791392185, 52.51288321965757433 ) ) ;
#9386 = CARTESIAN_POINT ( 'NONE',  ( -46.20765073105413734, 120.5000000000000000, -25.95867897095134325 ) ) ;
#9387 = DIRECTION ( 'NONE',  ( 0.000000000000000000, 1.000000000000000000, 0.000000000000000000 ) ) ;
#9388 = ORIENTED_EDGE ( 'NONE', *, *, #5902, .F. ) ;
#9389 = CARTESIAN_POINT ( 'NONE',  ( -19.87986892876325840, 117.6798023100240158, 70.24140497867512067 ) ) ;
#9390 = CARTESIAN_POINT ( 'NONE',  ( -62.20458146424517309, 0.000000000000000000, 12.00000000000026112 ) ) ;
#9391 = CARTESIAN_POINT ( 'NONE',  ( -22.29778791882162281, 119.4352849012582283, 69.61019812339131363 ) ) ;
#9392 = AXIS2_PLACEMENT_3D ( 'NONE', #9356, #10332, #3696 ) ;
#9393 = DIRECTION ( 'NONE',  ( 0.000000000000000000, 0.000000000000000000, 1.000000000000000000 ) ) ;
#9394 = VECTOR ( 'NONE', #10870, 1000.000000000000000 ) ;
#9395 = CARTESIAN_POINT ( 'NONE',  ( 0.000000000000000000, 127.5000000000000000, -63.91067609231115654 ) ) ;
#9396 = CYLINDRICAL_SURFACE ( 'NONE', #988, 73.00000000000000000 ) ;
#9397 = SURFACE_STYLE_USAGE ( .BOTH. , #9351 ) ;
#9398 = ORIENTED_EDGE ( 'NONE', *, *, #1567, .F. ) ;
#9399 = DIRECTION ( 'NONE',  ( -0.000000000000000000, -1.000000000000000000, -0.000000000000000000 ) ) ;
#9400 = EDGE_CURVE ( 'NONE', #3021, #5755, #2498, .T. ) ;
#9401 =( GEOMETRIC_REPRESENTATION_CONTEXT ( 3 ) GLOBAL_UNCERTAINTY_ASSIGNED_CONTEXT ( ( #147 ) ) GLOBAL_UNIT_ASSIGNED_CONTEXT ( ( #10965, #6773, #8616 ) ) REPRESENTATION_CONTEXT ( 'NONE', 'WORKASPACE' ) );
#9402 = CARTESIAN_POINT ( 'NONE',  ( 0.000000000000000000, 93.35786437626902057, -63.91067609231115654 ) ) ;
#9403 = CARTESIAN_POINT ( 'NONE',  ( -62.00694410957888891, 53.00000000000000711, -11.99999999999930722 ) ) ;
#9404 = CARTESIAN_POINT ( 'NONE',  ( -48.08326112068525759, 6.983260063331909231E-15, -2.081668171172168513E-14 ) ) ;
#9405 = UNCERTAINTY_MEASURE_WITH_UNIT (LENGTH_MEASURE( 1.000000000000000082E-05 ), #4731, 'distance_accuracy_value', 'NONE');
#9406 = LINE ( 'NONE', #9778, #10600 ) ;
#9407 = CARTESIAN_POINT ( 'NONE',  ( -10.96015510839134421, 72.00000000000000000, 10.96015510839147211 ) ) ;
#9408 = PLANE ( 'NONE',  #7762 ) ;
#9409 = DIRECTION ( 'NONE',  ( 0.000000000000000000, 0.000000000000000000, -1.000000000000000000 ) ) ;
#9410 = VECTOR ( 'NONE', #10747, 1000.000000000000000 ) ;
#9411 = CARTESIAN_POINT ( 'NONE',  ( -20.79932626462653644, 124.9247513843715325, 69.97452698768829293 ) ) ;
#9412 = STYLED_ITEM ( 'NONE', ( #6284 ), #6625 ) ;
#9413 = FILL_AREA_STYLE_COLOUR ( '', #3546 ) ;
#9414 = DIRECTION ( 'NONE',  ( 3.469446951953613696E-16, -0.000000000000000000, 1.000000000000000000 ) ) ;
#9415 = CARTESIAN_POINT ( 'NONE',  ( -15.07690945680061922, 120.9812746648142507, 71.42611152469156366 ) ) ;
#9416 = CARTESIAN_POINT ( 'NONE',  ( -1.799306197152281097E-14, 107.4999999999999858, 5.000000000000015099 ) ) ;
#9417 = VECTOR ( 'NONE', #10659, 1000.000000000000000 ) ;
#9418 = AXIS2_PLACEMENT_3D ( 'NONE', #4990, #4219, #1579 ) ;
#9419 = CARTESIAN_POINT ( 'NONE',  ( 11.66726188957803245, 0.000000000000000000, -11.66726188957803245 ) ) ;
#9420 = SHAPE_DEFINITION_REPRESENTATION ( #7988, #6296 ) ;
#9421 = CARTESIAN_POINT ( 'NONE',  ( -1.204972080621668936E-12, 107.4999999999999858, -44.27640687119407659 ) ) ;
#9422 = CARTESIAN_POINT ( 'NONE',  ( 0.000000000000000000, 33.00000000000000000, 57.00694410957876812 ) ) ;
#9423 = ADVANCED_FACE ( 'NONE', ( #9108 ), #6757, .F. ) ;
#9424 = DIRECTION ( 'NONE',  ( -1.000000000000000000, 0.000000000000000000, 0.000000000000000000 ) ) ;
#9425 = CARTESIAN_POINT ( 'NONE',  ( 0.000000000000000000, 53.00000000000000711, 63.91067609231115654 ) ) ;
#9426 = VECTOR ( 'NONE', #9213, 1000.000000000000000 ) ;
#9427 = CARTESIAN_POINT ( 'NONE',  ( -38.14350014734866079, 121.2405117338626326, -43.72964371872235745 ) ) ;
#9428 = DIRECTION ( 'NONE',  ( -0.7071067811865476838, 0.000000000000000000, 0.7071067811865474617 ) ) ;
#9429 = EDGE_CURVE ( 'NONE', #7210, #2312, #10839, .T. ) ;
#9430 = DIRECTION ( 'NONE',  ( 0.7071067811865482389, 0.000000000000000000, -0.7071067811865469066 ) ) ;
#9431 = ORIENTED_EDGE ( 'NONE', *, *, #8907, .T. ) ;
#9432 = EDGE_CURVE ( 'NONE', #2589, #6018, #4212, .T. ) ;
#9433 = FACE_OUTER_BOUND ( 'NONE', #2349, .T. ) ;
#9434 =( NAMED_UNIT ( * ) PLANE_ANGLE_UNIT ( ) SI_UNIT ( $, .RADIAN. ) );
#9435 = DIRECTION ( 'NONE',  ( 0.000000000000000000, 0.000000000000000000, 1.000000000000000000 ) ) ;
#9436 = CIRCLE ( 'NONE', #6314, 5.000000000000004441 ) ;
#9437 = EDGE_LOOP ( 'NONE', ( #10508, #10091, #2056, #4531 ) ) ;
#9438 = CARTESIAN_POINT ( 'NONE',  ( 0.000000000000000000, 0.000000000000000000, 0.000000000000000000 ) ) ;
#9439 = VERTEX_POINT ( 'NONE', #2771 ) ;
#9440 = CARTESIAN_POINT ( 'NONE',  ( -20.12273722258308339, 125.2440741791392185, 70.17216318244462059 ) ) ;
#9441 = ORIENTED_EDGE ( 'NONE', *, *, #4694, .T. ) ;
#9442 = EDGE_LOOP ( 'NONE', ( #9374, #7325, #4144, #10269, #8676, #2470, #1381 ) ) ;
#9443 = EDGE_CURVE ( 'NONE', #10664, #4214, #3823, .T. ) ;
#9444 = VECTOR ( 'NONE', #2760, 1000.000000000000000 ) ;
#9445 = ORIENTED_EDGE ( 'NONE', *, *, #82, .F. ) ;
#9446 = AXIS2_PLACEMENT_3D ( 'NONE', #8246, #4085, #7514 ) ;
#9447 = DIRECTION ( 'NONE',  ( -0.7071067811865479058, 0.000000000000000000, 0.7071067811865470176 ) ) ;
#9448 = ORIENTED_EDGE ( 'NONE', *, *, #6825, .T. ) ;
#9449 =( LENGTH_UNIT ( ) NAMED_UNIT ( * ) SI_UNIT ( .MILLI., .METRE. ) );
#9450 = ORIENTED_EDGE ( 'NONE', *, *, #10351, .T. ) ;
#9451 = ORIENTED_EDGE ( 'NONE', *, *, #251, .T. ) ;
#9452 = EDGE_CURVE ( 'NONE', #10401, #1666, #6860, .T. ) ;
#9453 = CARTESIAN_POINT ( 'NONE',  ( -67.95290519381386218, 72.00000000000000000, -20.57675085431490913 ) ) ;
#9454 = AXIS2_PLACEMENT_3D ( 'NONE', #5202, #9467, #3548 ) ;
#9455 = COLOUR_RGB ( '',1.000000000000000000, 0.5019607843137254832, 0.7529411764705882248 ) ;
#9456 = VECTOR ( 'NONE', #6768, 1000.000000000000000 ) ;
#9457 = ORIENTED_EDGE ( 'NONE', *, *, #3351, .T. ) ;
#9458 = CARTESIAN_POINT ( 'NONE',  ( 15.17941345301654366, 0.000000000000000000, 52.43361699539105558 ) ) ;
#9459 = ORIENTED_EDGE ( 'NONE', *, *, #776, .F. ) ;
#9460 = DIRECTION ( 'NONE',  ( 0.7071067811865469066, -0.000000000000000000, 0.7071067811865482389 ) ) ;
#9461 = CARTESIAN_POINT ( 'NONE',  ( 10.96015510839145435, 0.000000000000000000, -10.96015510839153073 ) ) ;
#9462 = ORIENTED_EDGE ( 'NONE', *, *, #4496, .F. ) ;
#9463 = CARTESIAN_POINT ( 'NONE',  ( -38.29707067596410752, 120.2234528239758049, -43.59155942966965824 ) ) ;
#9464 = ORIENTED_EDGE ( 'NONE', *, *, #3834, .F. ) ;
#9465 = AXIS2_PLACEMENT_3D ( 'NONE', #5894, #6863, #4229 ) ;
#9466 = ORIENTED_EDGE ( 'NONE', *, *, #10653, .T. ) ;
#9467 = DIRECTION ( 'NONE',  ( 0.000000000000000000, 1.000000000000000000, 0.000000000000000000 ) ) ;
#9468 = ADVANCED_FACE ( 'NONE', ( #519 ), #338, .F. ) ;
#9469 = VECTOR ( 'NONE', #2626, 1000.000000000000000 ) ;
#9470 = EDGE_LOOP ( 'NONE', ( #382, #747, #1767, #7474, #6566 ) ) ;
#9471 = CARTESIAN_POINT ( 'NONE',  ( 28.70847883796041700, 72.00000000000000000, -28.70847883796040989 ) ) ;
#9472 = AXIS2_PLACEMENT_3D ( 'NONE', #1662, #7435, #10019 ) ;
#9473 = VERTEX_POINT ( 'NONE', #5314 ) ;
#9474 = PLANE ( 'NONE',  #4606 ) ;
#9475 = CARTESIAN_POINT ( 'NONE',  ( 0.000000000000000000, 16.50000000000000000, -48.08326112068525759 ) ) ;
#9476 = DIRECTION ( 'NONE',  ( 0.000000000000000000, -1.000000000000000000, 0.000000000000000000 ) ) ;
#9477 = ORIENTED_EDGE ( 'NONE', *, *, #9452, .F. ) ;
#9478 = CARTESIAN_POINT ( 'NONE',  ( 0.000000000000000000, 110.4999999999999858, 63.91067609231115654 ) ) ;
#9479 = CARTESIAN_POINT ( 'NONE',  ( 0.000000000000000000, 53.00000000000000711, 63.91067609231115654 ) ) ;
#9480 = ORIENTED_EDGE ( 'NONE', *, *, #3438, .F. ) ;
#9481 = ORIENTED_EDGE ( 'NONE', *, *, #3244, .T. ) ;
#9482 = CARTESIAN_POINT ( 'NONE',  ( 28.70847883796041700, 72.00000000000000000, -28.70847883796040989 ) ) ;
#9483 = ADVANCED_FACE ( 'NONE', ( #2096 ), #3161, .F. ) ;
#9484 = ORIENTED_EDGE ( 'NONE', *, *, #7580, .T. ) ;
#9485 = CARTESIAN_POINT ( 'NONE',  ( -18.39628856510208621, 125.4238305153197217, 70.64446321093929271 ) ) ;
#9486 = EDGE_CURVE ( 'NONE', #4708, #8566, #262, .T. ) ;
#9487 = CARTESIAN_POINT ( 'NONE',  ( -8.000000000000000000, 33.00000000000000000, -62.00694410957876102 ) ) ;
#9488 = VERTEX_POINT ( 'NONE', #9309 ) ;
#9489 = ORIENTED_EDGE ( 'NONE', *, *, #5960, .F. ) ;
#9490 =( NAMED_UNIT ( * ) PLANE_ANGLE_UNIT ( ) SI_UNIT ( $, .RADIAN. ) );
#9491 = CARTESIAN_POINT ( 'NONE',  ( 64.00694410957875391, 33.00000000000000000, -2.234790509149696533E-13 ) ) ;
#9492 = ORIENTED_EDGE ( 'NONE', *, *, #5875, .F. ) ;
#9493 = ORIENTED_EDGE ( 'NONE', *, *, #3205, .F. ) ;
#9494 = ADVANCED_FACE ( 'NONE', ( #6200 ), #2845, .T. ) ;
#9495 = SURFACE_SIDE_STYLE ('',( #6884 ) ) ;
#9496 = DIRECTION ( 'NONE',  ( -0.000000000000000000, -1.000000000000000000, -0.000000000000000000 ) ) ;
#9497 = ORIENTED_EDGE ( 'NONE', *, *, #5595, .T. ) ;
#9498 = ORIENTED_EDGE ( 'NONE', *, *, #3573, .T. ) ;
#9499 =( LENGTH_UNIT ( ) NAMED_UNIT ( * ) SI_UNIT ( .MILLI., .METRE. ) );
#9500 = EDGE_CURVE ( 'NONE', #7619, #8678, #9633, .T. ) ;
#9501 = LINE ( 'NONE', #10065, #9620 ) ;
#9502 = VECTOR ( 'NONE', #1882, 1000.000000000000000 ) ;
#9503 = EDGE_CURVE ( 'NONE', #4164, #816, #7907, .T. ) ;
#9504 = PLANE ( 'NONE',  #7863 ) ;
#9505 = ORIENTED_EDGE ( 'NONE', *, *, #4191, .T. ) ;
#9506 = ORIENTED_EDGE ( 'NONE', *, *, #24, .F. ) ;
#9507 =( NAMED_UNIT ( * ) PLANE_ANGLE_UNIT ( ) SI_UNIT ( $, .RADIAN. ) );
#9508 = PLANE ( 'NONE',  #7549 ) ;
#9509 = CARTESIAN_POINT ( 'NONE',  ( 25.10229073212242668, 72.00000000000000000, 25.10229073212244799 ) ) ;
#9510 = EDGE_CURVE ( 'NONE', #1127, #1545, #10707, .T. ) ;
#9511 = CYLINDRICAL_SURFACE ( 'NONE', #1057, 73.00000000000000000 ) ;
#9512 = AXIS2_PLACEMENT_3D ( 'NONE', #1428, #3358, #7672 ) ;
#9513 = LINE ( 'NONE', #6366, #1020 ) ;
#9514 = CARTESIAN_POINT ( 'NONE',  ( -4.189777606611744880E-14, 72.00000000000000000, -11.99999999999995737 ) ) ;
#9515 = ORIENTED_EDGE ( 'NONE', *, *, #9066, .T. ) ;
#9516 = EDGE_CURVE ( 'NONE', #1504, #5590, #8572, .T. ) ;
#9517 = CARTESIAN_POINT ( 'NONE',  ( 0.000000000000000000, 72.00000000000000000, 0.000000000000000000 ) ) ;
#9518 = CARTESIAN_POINT ( 'NONE',  ( 10.96015510839145435, 72.00000000000000000, -10.96015510839153073 ) ) ;
#9519 = EDGE_CURVE ( 'NONE', #6145, #6350, #4610, .T. ) ;
#9520 = STYLED_ITEM ( 'NONE', ( #10316 ), #3553 ) ;
#9521 = LINE ( 'NONE', #5170, #1027 ) ;
#9522 = DIRECTION ( 'NONE',  ( -0.000000000000000000, -1.000000000000000000, -0.000000000000000000 ) ) ;
#9523 = CARTESIAN_POINT ( 'NONE',  ( -17.19935642644372820, 117.9522940498504084, 70.94532165813073732 ) ) ;
#9524 = LINE ( 'NONE', #2314, #661 ) ;
#9525 = CARTESIAN_POINT ( 'NONE',  ( 56.53258501630442368, 125.0238078437618015, -13.01397609187271343 ) ) ;
#9526 = STYLED_ITEM ( 'NONE', ( #2885 ), #9764 ) ;
#9527 = ADVANCED_FACE ( 'NONE', ( #8847, #8177 ), #3662, .F. ) ;
#9528 = CARTESIAN_POINT ( 'NONE',  ( -53.29178800633989255, 124.6424999773143725, -49.89019523881861318 ) ) ;
#9529 =( NAMED_UNIT ( * ) SI_UNIT ( $, .STERADIAN. ) SOLID_ANGLE_UNIT ( ) );
#9530 = CARTESIAN_POINT ( 'NONE',  ( 0.000000000000000000, 0.000000000000000000, 0.000000000000000000 ) ) ;
#9531 = DIRECTION ( 'NONE',  ( 1.000000000000000000, -0.000000000000000000, 0.000000000000000000 ) ) ;
#9532 = VECTOR ( 'NONE', #7836, 1000.000000000000000 ) ;
#9533 = VECTOR ( 'NONE', #598, 999.9999999999998863 ) ;
#9534 = ADVANCED_FACE ( 'NONE', ( #4742 ), #6326, .T. ) ;
#9535 = CARTESIAN_POINT ( 'NONE',  ( 8.000000000000000000, 33.00000000000000000, -57.00694410957876812 ) ) ;
#9536 = EDGE_CURVE ( 'NONE', #9595, #1127, #3952, .T. ) ;
#9537 = CARTESIAN_POINT ( 'NONE',  ( -6.938893903907228378E-15, 66.00000000000000000, -48.08326112068525049 ) ) ;
#9538 = PLANE ( 'NONE',  #1128 ) ;
#9539 = VECTOR ( 'NONE', #1466, 1000.000000000000000 ) ;
#9540 = DIRECTION ( 'NONE',  ( -0.7071067811865479058, 0.000000000000000000, 0.7071067811865471286 ) ) ;
#9541 =( GEOMETRIC_REPRESENTATION_CONTEXT ( 3 ) GLOBAL_UNCERTAINTY_ASSIGNED_CONTEXT ( ( #9731 ) ) GLOBAL_UNIT_ASSIGNED_CONTEXT ( ( #4856, #1555, #2449 ) ) REPRESENTATION_CONTEXT ( 'NONE', 'WORKASPACE' ) );
#9542 = VECTOR ( 'NONE', #360, 1000.000000000000114 ) ;
#9543 = CARTESIAN_POINT ( 'NONE',  ( 70.82372483850315348, 53.00000000000000711, -4.999999999999265476 ) ) ;
#9544 = CARTESIAN_POINT ( 'NONE',  ( -57.79494960793698510, 30.06264826568170534, 7.590368143692077574 ) ) ;
#9545 = SURFACE_SIDE_STYLE ('',( #2206 ) ) ;
#9546 = CARTESIAN_POINT ( 'NONE',  ( -24.04163056034264301, 82.50000000000000000, -24.04163056034262880 ) ) ;
#9547 = DIRECTION ( 'NONE',  ( -0.7071067811865476838, 0.000000000000000000, -0.7071067811865474617 ) ) ;
#9548 = FACE_OUTER_BOUND ( 'NONE', #4602, .T. ) ;
#9549 = PRESENTATION_LAYER_ASSIGNMENT (  '', '', ( #8993 ) ) ;
#9550 = VECTOR ( 'NONE', #2100, 1000.000000000000114 ) ;
#9551 = VECTOR ( 'NONE', #935, 1000.000000000000000 ) ;
#9552 = CARTESIAN_POINT ( 'NONE',  ( 55.46363594578747325, 125.0194328563235047, -17.00251120799359938 ) ) ;
#9553 = CARTESIAN_POINT ( 'NONE',  ( -63.91067609231115654, 110.4999999999999858, -5.000000000000230926 ) ) ;
#9554 = DIRECTION ( 'NONE',  ( 0.000000000000000000, 0.000000000000000000, 1.000000000000000000 ) ) ;
#9555 = CARTESIAN_POINT ( 'NONE',  ( -16.91659292007830118, 118.0763467039904526, 55.48577128437314343 ) ) ;
#9556 = EDGE_LOOP ( 'NONE', ( #1556, #4151 ) ) ;
#9557 = DIRECTION ( 'NONE',  ( -0.000000000000000000, -1.000000000000000000, -0.000000000000000000 ) ) ;
#9558 = DIRECTION ( 'NONE',  ( -0.000000000000000000, -1.000000000000000000, -0.000000000000000000 ) ) ;
#9559 = VECTOR ( 'NONE', #478, 1000.000000000000000 ) ;
#9560 = VECTOR ( 'NONE', #8059, 999.9999999999998863 ) ;
#9561 = EDGE_LOOP ( 'NONE', ( #84, #6382, #8385, #7702, #3357, #2204, #231, #1489 ) ) ;
#9562 = EDGE_CURVE ( 'NONE', #1396, #4858, #6063, .T. ) ;
#9563 = CARTESIAN_POINT ( 'NONE',  ( 25.10229073212241246, 72.00000000000000000, 25.10229073212244089 ) ) ;
#9564 = ORIENTED_EDGE ( 'NONE', *, *, #6946, .T. ) ;
#9565 = EDGE_LOOP ( 'NONE', ( #1619, #636, #3095, #2210 ) ) ;
#9566 = EDGE_CURVE ( 'NONE', #6145, #1127, #10160, .T. ) ;
#9567 = ORIENTED_EDGE ( 'NONE', *, *, #977, .T. ) ;
#9568 = DIRECTION ( 'NONE',  ( -0.7071067811865474617, 0.000000000000000000, -0.7071067811865476838 ) ) ;
#9569 = DIRECTION ( 'NONE',  ( -0.000000000000000000, -1.000000000000000000, -0.000000000000000000 ) ) ;
#9570 = DIRECTION ( 'NONE',  ( -0.000000000000000000, -1.000000000000000000, -0.000000000000000000 ) ) ;
#9571 = VECTOR ( 'NONE', #6970, 1000.000000000000000 ) ;
#9572 = VECTOR ( 'NONE', #4434, 1000.000000000000000 ) ;
#9573 = ORIENTED_EDGE ( 'NONE', *, *, #4757, .T. ) ;
#9574 = AXIS2_PLACEMENT_3D ( 'NONE', #9563, #6287, #1202 ) ;
#9575 = DIRECTION ( 'NONE',  ( 0.000000000000000000, 0.000000000000000000, 1.000000000000000000 ) ) ;
#9576 = ADVANCED_FACE ( 'NONE', ( #10577 ), #4617, .T. ) ;
#9577 = DIRECTION ( 'NONE',  ( -1.000000000000000000, 0.000000000000000000, 3.491481338843133355E-15 ) ) ;
#9578 = ORIENTED_EDGE ( 'NONE', *, *, #1065, .F. ) ;
#9579 = EDGE_CURVE ( 'NONE', #9827, #1262, #6338, .T. ) ;
#9580 = EDGE_LOOP ( 'NONE', ( #8148, #6705, #1651, #94 ) ) ;
#9581 = DIRECTION ( 'NONE',  ( 0.000000000000000000, 0.000000000000000000, 1.000000000000000000 ) ) ;
#9582 = AXIS2_PLACEMENT_3D ( 'NONE', #7426, #687, #7560 ) ;
#9583 = SURFACE_STYLE_FILL_AREA ( #1377 ) ;
#9584 = CARTESIAN_POINT ( 'NONE',  ( -2.081668171172168513E-14, 15.00000000000000000, 48.08326112068522207 ) ) ;
#9585 = VECTOR ( 'NONE', #7820, 1000.000000000000000 ) ;
#9586 = VERTEX_POINT ( 'NONE', #2171 ) ;
#9587 = CARTESIAN_POINT ( 'NONE',  ( 5.000000000000007994, 107.4999999999999858, -63.91067609231115654 ) ) ;
#9588 = ORIENTED_EDGE ( 'NONE', *, *, #7945, .T. ) ;
#9589 = ORIENTED_EDGE ( 'NONE', *, *, #8293, .F. ) ;
#9590 = EDGE_CURVE ( 'NONE', #3538, #9073, #5660, .T. ) ;
#9591 = ADVANCED_FACE ( 'NONE', ( #9242 ), #441, .T. ) ;
#9592 = VERTEX_POINT ( 'NONE', #6360 ) ;
#9593 = AXIS2_PLACEMENT_3D ( 'NONE', #4539, #6238, #337 ) ;
#9594 = ORIENTED_EDGE ( 'NONE', *, *, #2900, .F. ) ;
#9595 = VERTEX_POINT ( 'NONE', #3036 ) ;
#9596 =( NAMED_UNIT ( * ) SI_UNIT ( $, .STERADIAN. ) SOLID_ANGLE_UNIT ( ) );
#9597 = FACE_OUTER_BOUND ( 'NONE', #590, .T. ) ;
#9598 = ORIENTED_EDGE ( 'NONE', *, *, #6886, .T. ) ;
#9599 = CARTESIAN_POINT ( 'NONE',  ( -13.78644843492515548, 117.7525690101014817, 56.34100083081736443 ) ) ;
#9600 = EDGE_LOOP ( 'NONE', ( #6273, #6691, #5712, #10250, #2745, #9603 ) ) ;
#9601 = LINE ( 'NONE', #6821, #4840 ) ;
#9602 = CARTESIAN_POINT ( 'NONE',  ( 39.42561564583169798, 10.00000000000000000, 16.09109186667564018 ) ) ;
#9603 = ORIENTED_EDGE ( 'NONE', *, *, #4065, .T. ) ;
#9604 = ORIENTED_EDGE ( 'NONE', *, *, #3719, .T. ) ;
#9605 = VERTEX_POINT ( 'NONE', #8782 ) ;
#9606 = ORIENTED_EDGE ( 'NONE', *, *, #5149, .T. ) ;
#9607 = LINE ( 'NONE', #7288, #4188 ) ;
#9608 = VECTOR ( 'NONE', #6894, 1000.000000000000000 ) ;
#9609 = EDGE_LOOP ( 'NONE', ( #4566, #738 ) ) ;
#9610 = B_SPLINE_CURVE_WITH_KNOTS ( 'NONE', 3,
 ( #1970, #7036, #10449, #7079, #6264, #6196, #10479, #7129, #2045, #5450, #2875, #3750, #7919, #5421, #7997, #2004, #406, #9665, #3717, #8815, #2945, #6346, #7160, #5492, #9630, #5383, #320, #4491, #6311, #2825, #1102, #1224, #4521, #6224 ),
 .UNSPECIFIED., .F., .F.,
 ( 4, 2, 2, 2, 2, 2, 2, 2, 2, 2, 2, 2, 2, 2, 2, 2, 4 ),
 ( 0.000000000000000000, 0.03125000000000000000, 0.06250000000000000000, 0.09375000000000000000, 0.1250000000000000000, 0.1562500000000000000, 0.1875000000000000000, 0.2187500000000000000, 0.2500000000000000000, 0.2812500000000000000, 0.3125000000000000000, 0.3437500000000000000, 0.3750000000000000000, 0.4062500000000000000, 0.4375000000000000000, 0.4687500000000000000, 0.5000000000000000000 ),
 .UNSPECIFIED. ) ;
#9611 = AXIS2_PLACEMENT_3D ( 'NONE', #1036, #4272, #10645 ) ;
#9612 = DIRECTION ( 'NONE',  ( -0.000000000000000000, -1.000000000000000000, -0.000000000000000000 ) ) ;
#9613 = CARTESIAN_POINT ( 'NONE',  ( -12.00000000000026112, 72.00000000000000000, 4.189777606611850903E-14 ) ) ;
#9614 = DIRECTION ( 'NONE',  ( 0.000000000000000000, 0.000000000000000000, -1.000000000000000000 ) ) ;
#9615 =( NAMED_UNIT ( * ) PLANE_ANGLE_UNIT ( ) SI_UNIT ( $, .RADIAN. ) );
#9616 = VECTOR ( 'NONE', #8509, 1000.000000000000000 ) ;
#9617 = VERTEX_POINT ( 'NONE', #9710 ) ;
#9618 = EDGE_LOOP ( 'NONE', ( #7707, #5746, #9366, #623 ) ) ;
#9619 = DIRECTION ( 'NONE',  ( -1.047444401652940007E-14, 0.000000000000000000, 1.000000000000000000 ) ) ;
#9620 = VECTOR ( 'NONE', #2537, 1000.000000000000000 ) ;
#9621 = LINE ( 'NONE', #7196, #2223 ) ;
#9622 = AXIS2_PLACEMENT_3D ( 'NONE', #5877, #9169, #1610 ) ;
#9623 = EDGE_LOOP ( 'NONE', ( #202, #8173, #3877, #2695 ) ) ;
#9624 = DIRECTION ( 'NONE',  ( 0.000000000000000000, 1.000000000000000000, 0.000000000000000000 ) ) ;
#9625 = CARTESIAN_POINT ( 'NONE',  ( -6.938893903907228378E-15, 31.50000000000000000, -48.08326112068525759 ) ) ;
#9626 = DIRECTION ( 'NONE',  ( 0.000000000000000000, 0.000000000000000000, -1.000000000000000000 ) ) ;
#9627 = CARTESIAN_POINT ( 'NONE',  ( 0.000000000000000000, 120.5000000000000000, 0.000000000000000000 ) ) ;
#9628 = ORIENTED_EDGE ( 'NONE', *, *, #5462, .T. ) ;
#9629 = ORIENTED_EDGE ( 'NONE', *, *, #5612, .F. ) ;
#9630 = CARTESIAN_POINT ( 'NONE',  ( -55.30383811181178544, 118.5222817488384948, 17.51886325668755973 ) ) ;
#9631 = DIRECTION ( 'NONE',  ( 1.047444401652940007E-14, -0.000000000000000000, 1.000000000000000000 ) ) ;
#9632 =( BOUNDED_CURVE ( )  B_SPLINE_CURVE ( 3, ( #6405, #3828, #3789, #6482 ),
 .UNSPECIFIED., .F., .F. ) 
 B_SPLINE_CURVE_WITH_KNOTS ( ( 4, 4 ),
 ( 5.728935158964029384, 6.283185307179586232 ),
 .UNSPECIFIED. ) 
 CURVE ( )  GEOMETRIC_REPRESENTATION_ITEM ( )  RATIONAL_B_SPLINE_CURVE ( ( 1.000000000000000000, 0.9745639783809357803, 0.9745639783809357803, 1.000000000000000000 ) ) 
 REPRESENTATION_ITEM ( '' )  );
#9633 = LINE ( 'NONE', #8672, #127 ) ;
#9634 = EDGE_LOOP ( 'NONE', ( #7855, #3907 ) ) ;
#9635 = EDGE_CURVE ( 'NONE', #2816, #7450, #4082, .T. ) ;
#9636 = CIRCLE ( 'NONE', #1852, 1.850000000000006084 ) ;
#9637 = ORIENTED_EDGE ( 'NONE', *, *, #4252, .T. ) ;
#9638 = CARTESIAN_POINT ( 'NONE',  ( -17.52204765819135446, 118.5254474717475119, 55.30285576050849272 ) ) ;
#9639 = CARTESIAN_POINT ( 'NONE',  ( -11.99999999999995737, 13.00000000000000178, 62.00694410957876102 ) ) ;
#9640 = EDGE_CURVE ( 'NONE', #3903, #5424, #6729, .T. ) ;
#9641 = CARTESIAN_POINT ( 'NONE',  ( 12.00000000000004441, 53.00000000000000711, 62.00694410957876102 ) ) ;
#9642 = CARTESIAN_POINT ( 'NONE',  ( 16.23737401149112003, 125.2451595924956251, -55.68415813083952770 ) ) ;
#9643 = CARTESIAN_POINT ( 'NONE',  ( 0.000000000000000000, -8.000000000000000000, 0.000000000000000000 ) ) ;
#9644 = CIRCLE ( 'NONE', #4843, 73.00000000000001421 ) ;
#9645 = AXIS2_PLACEMENT_3D ( 'NONE', #7023, #7905, #2856 ) ;
#9646 = CIRCLE ( 'NONE', #2436, 1.849999999999997646 ) ;
#9647 = EDGE_LOOP ( 'NONE', ( #3947, #5482, #9070, #3227 ) ) ;
#9648 = ADVANCED_FACE ( 'NONE', ( #1420 ), #8309, .F. ) ;
#9649 = DIRECTION ( 'NONE',  ( 0.7071067811865474617, -0.000000000000000000, 0.7071067811865476838 ) ) ;
#9650 = CARTESIAN_POINT ( 'NONE',  ( 71.43161982686666533, 121.5000000000000284, -15.05070393403570428 ) ) ;
#9651 = DIRECTION ( 'NONE',  ( 1.000000000000000000, 0.000000000000000000, -0.000000000000000000 ) ) ;
#9652 = CARTESIAN_POINT ( 'NONE',  ( 70.04431751474615453, 117.9684973922954185, -20.89469002707551937 ) ) ;
#9653 = EDGE_CURVE ( 'NONE', #7198, #4958, #3427, .T. ) ;
#9654 = CARTESIAN_POINT ( 'NONE',  ( 43.44604679737152964, 123.5612961437242348, 38.46315934799633851 ) ) ;
#9655 = AXIS2_PLACEMENT_3D ( 'NONE', #3117, #9835, #4668 ) ;
#9656 = CYLINDRICAL_SURFACE ( 'NONE', #8311, 71.00000000000001421 ) ;
#9657 = EDGE_CURVE ( 'NONE', #5524, #992, #1157, .T. ) ;
#9658 = LINE ( 'NONE', #4673, #1714 ) ;
#9659 = DIRECTION ( 'NONE',  ( 0.000000000000000000, -1.000000000000000000, 0.000000000000000000 ) ) ;
#9660 = FILL_AREA_STYLE ('',( #4555 ) ) ;
#9661 = EDGE_CURVE ( 'NONE', #5372, #5473, #7389, .T. ) ;
#9662 = AXIS2_PLACEMENT_3D ( 'NONE', #2527, #9138, #1557 ) ;
#9663 = DIRECTION ( 'NONE',  ( 1.000000000000000000, 0.000000000000000000, -1.082138871172476148E-14 ) ) ;
#9664 = DIRECTION ( 'NONE',  ( 0.000000000000000000, -0.000000000000000000, 1.000000000000000000 ) ) ;
#9665 = CARTESIAN_POINT ( 'NONE',  ( -55.95782830233240190, 117.5498599564981959, 15.25736200803786602 ) ) ;
#9666 = DIRECTION ( 'NONE',  ( 1.000000000000000000, 0.000000000000000000, 0.000000000000000000 ) ) ;
#9667 = VECTOR ( 'NONE', #4864, 1000.000000000000000 ) ;
#9668 = VECTOR ( 'NONE', #7297, 1000.000000000000000 ) ;
#9669 = DIRECTION ( 'NONE',  ( 0.000000000000000000, 0.000000000000000000, 1.000000000000000000 ) ) ;
#9670 = PRESENTATION_LAYER_ASSIGNMENT (  '', '', ( #9526 ) ) ;
#9671 = CARTESIAN_POINT ( 'NONE',  ( -17.32833270030313244, 118.3609155202671559, 55.36206733178522654 ) ) ;
#9672 = VECTOR ( 'NONE', #6992, 1000.000000000000114 ) ;
#9673 = CARTESIAN_POINT ( 'NONE',  ( -62.00694410957871838, 53.00000000000000711, 4.623397510264462440 ) ) ;
#9674 = AXIS2_PLACEMENT_3D ( 'NONE', #10447, #3682, #5381 ) ;
#9675 = CARTESIAN_POINT ( 'NONE',  ( 0.000000000000000000, 53.00000000000000711, 0.000000000000000000 ) ) ;
#9676 = DIRECTION ( 'NONE',  ( -0.000000000000000000, -1.000000000000000000, -0.000000000000000000 ) ) ;
#9677 = PLANE ( 'NONE',  #4904 ) ;
#9678 = CARTESIAN_POINT ( 'NONE',  ( 17.19935642644317397, 117.9522940498504227, -70.94532165813087943 ) ) ;
#9679 = B_SPLINE_CURVE_WITH_KNOTS ( 'NONE', 3,
 ( #8342, #8422, #6690, #7602, #10114, #2545, #1605, #9241, #4938, #5866, #9312, #4169, #10074, #788, #6728, #1653, #7563, #7705, #7642, #921, #8571, #7751, #2690, #8603, #6874, #5979, #4278, #5130, #4360, #10266, #8488, #3445 ),
 .UNSPECIFIED., .F., .F.,
 ( 4, 2, 2, 2, 2, 2, 2, 2, 2, 2, 2, 2, 2, 2, 2, 4 ),
 ( 0.000000000000000000, 0.001556037729137667476, 0.002334056593706501214, 0.003112075458275334952, 0.003890094322844168690, 0.004668113187413002428, 0.005446132051981836600, 0.006224150916550669904, 0.007002169781119503209, 0.007780188645688337380, 0.008558207510257171552, 0.009336226374826004856, 0.01011424523939483816, 0.01089226410396367320, 0.01167028296853250650, 0.01244830183310133981 ),
 .UNSPECIFIED. ) ;
#9680 = VECTOR ( 'NONE', #9558, 1000.000000000000000 ) ;
#9681 = CARTESIAN_POINT ( 'NONE',  ( 18.79923228518200062, 121.4999999999999858, -54.89806197622058903 ) ) ;
#9682 = LINE ( 'NONE', #9836, #10329 ) ;
#9683 = EDGE_CURVE ( 'NONE', #6734, #7974, #1294, .T. ) ;
#9684 =( LENGTH_UNIT ( ) NAMED_UNIT ( * ) SI_UNIT ( .MILLI., .METRE. ) );
#9685 = CARTESIAN_POINT ( 'NONE',  ( 62.00694410957880365, 53.00000000000000711, 11.99999999999974065 ) ) ;
#9686 = CARTESIAN_POINT ( 'NONE',  ( -11.36946005040873153, 122.7685841804532032, 56.90014579346499346 ) ) ;
#9687 = ORIENTED_EDGE ( 'NONE', *, *, #8510, .T. ) ;
#9688 = CARTESIAN_POINT ( 'NONE',  ( 56.15599207875284549, 117.5767212954010290, -14.51243129187805891 ) ) ;
#9689 = PRESENTATION_STYLE_ASSIGNMENT (( #600 ) ) ;
#9690 = CIRCLE ( 'NONE', #9341, 6.000000000000000000 ) ;
#9691 = VECTOR ( 'NONE', #3703, 1000.000000000000000 ) ;
#9692 = ORIENTED_EDGE ( 'NONE', *, *, #10416, .F. ) ;
#9693 = DIRECTION ( 'NONE',  ( 0.000000000000000000, 1.000000000000000000, 0.000000000000000000 ) ) ;
#9694 = DIRECTION ( 'NONE',  ( 0.000000000000000000, 0.000000000000000000, 1.000000000000000000 ) ) ;
#9695 = ORIENTED_EDGE ( 'NONE', *, *, #9230, .F. ) ;
#9696 = CARTESIAN_POINT ( 'NONE',  ( 15.02265631979615712, 72.00000000000000000, -66.18446766623708299 ) ) ;
#9697 = EDGE_CURVE ( 'NONE', #341, #3835, #2106, .T. ) ;
#9698 = ORIENTED_EDGE ( 'NONE', *, *, #4109, .F. ) ;
#9699 = ADVANCED_FACE ( 'NONE', ( #5266, #753 ), #6531, .T. ) ;
#9700 = EDGE_CURVE ( 'NONE', #8899, #2491, #10288, .T. ) ;
#9701 = VECTOR ( 'NONE', #1189, 1000.000000000000000 ) ;
#9702 = ORIENTED_EDGE ( 'NONE', *, *, #395, .T. ) ;
#9703 = ORIENTED_EDGE ( 'NONE', *, *, #9022, .F. ) ;
#9704 = DIRECTION ( 'NONE',  ( 1.000000000000000000, 0.000000000000000000, 1.058157507199081786E-14 ) ) ;
#9705 = ORIENTED_EDGE ( 'NONE', *, *, #4526, .T. ) ;
#9706 = DIRECTION ( 'NONE',  ( 0.000000000000000000, 1.000000000000000000, 0.000000000000000000 ) ) ;
#9707 = CARTESIAN_POINT ( 'NONE',  ( -57.00694410957876812, 33.00000000000000000, 5.971160446292031468E-13 ) ) ;
#9708 = VERTEX_POINT ( 'NONE', #10723 ) ;
#9709 = CARTESIAN_POINT ( 'NONE',  ( -6.938893903907228378E-15, 72.00000000000000000, 3.469446951953614189E-15 ) ) ;
#9710 = CARTESIAN_POINT ( 'NONE',  ( 0.000000000000000000, 110.4999999999999858, -59.96067609231116791 ) ) ;
#9711 = EDGE_CURVE ( 'NONE', #10939, #3303, #5791, .T. ) ;
#9712 = LINE ( 'NONE', #6866, #1361 ) ;
#9713 = VECTOR ( 'NONE', #10055, 1000.000000000000000 ) ;
#9714 = VERTEX_POINT ( 'NONE', #8224 ) ;
#9715 = CARTESIAN_POINT ( 'NONE',  ( -64.00694410957885339, 53.00000000000000711, -9.999999999999287681 ) ) ;
#9716 = AXIS2_PLACEMENT_3D ( 'NONE', #8381, #820, #3406 ) ;
#9717 = ORIENTED_EDGE ( 'NONE', *, *, #10444, .T. ) ;
#9718 = ADVANCED_FACE ( 'NONE', ( #5540 ), #3292, .F. ) ;
#9719 = EDGE_CURVE ( 'NONE', #10532, #5759, #10018, .T. ) ;
#9720 = ORIENTED_EDGE ( 'NONE', *, *, #9358, .T. ) ;
#9721 = DIRECTION ( 'NONE',  ( 0.000000000000000000, 1.000000000000000000, 0.000000000000000000 ) ) ;
#9722 = CARTESIAN_POINT ( 'NONE',  ( 56.29095918109157282, 117.5505524752648228, -14.01395652610484888 ) ) ;
#9723 = VERTEX_POINT ( 'NONE', #9898 ) ;
#9724 = ORIENTED_EDGE ( 'NONE', *, *, #10916, .F. ) ;
#9725 = EDGE_CURVE ( 'NONE', #10884, #1757, #8047, .T. ) ;
#9726 = AXIS2_PLACEMENT_3D ( 'NONE', #2386, #8298, #6666 ) ;
#9727 = CARTESIAN_POINT ( 'NONE',  ( 25.95867897095136101, 120.5000000000000000, 46.20765073105412313 ) ) ;
#9728 = VECTOR ( 'NONE', #10180, 1000.000000000000000 ) ;
#9729 = ORIENTED_EDGE ( 'NONE', *, *, #8162, .F. ) ;
#9730 = DIRECTION ( 'NONE',  ( 0.7071067811865474617, 0.000000000000000000, -0.7071067811865474617 ) ) ;
#9731 = UNCERTAINTY_MEASURE_WITH_UNIT (LENGTH_MEASURE( 1.000000000000000082E-05 ), #4856, 'distance_accuracy_value', 'NONE');
#9732 = VERTEX_POINT ( 'NONE', #7346 ) ;
#9733 = CARTESIAN_POINT ( 'NONE',  ( 0.000000000000000000, 92.49999999999998579, 63.91067609231115654 ) ) ;
#9734 = VERTEX_POINT ( 'NONE', #883 ) ;
#9735 = ORIENTED_EDGE ( 'NONE', *, *, #1118, .T. ) ;
#9736 = VERTEX_POINT ( 'NONE', #2372 ) ;
#9737 = STYLED_ITEM ( 'NONE', ( #7000 ), #8998 ) ;
#9738 = ORIENTED_EDGE ( 'NONE', *, *, #6880, .F. ) ;
#9739 = DIRECTION ( 'NONE',  ( 0.000000000000000000, 0.000000000000000000, 1.000000000000000000 ) ) ;
#9740 = DIRECTION ( 'NONE',  ( 0.000000000000000000, 0.000000000000000000, 1.000000000000000000 ) ) ;
#9741 = CARTESIAN_POINT ( 'NONE',  ( 0.000000000000000000, 93.35786437626902057, 63.91067609231115654 ) ) ;
#9742 = LINE ( 'NONE', #2254, #2730 ) ;
#9743 = VECTOR ( 'NONE', #4876, 1000.000000000000000 ) ;
#9744 = ORIENTED_EDGE ( 'NONE', *, *, #6675, .F. ) ;
#9745 = MANIFOLD_SOLID_BREP ( 'Àôª¬½Æ»s±Æ¦C36', #5637 ) ;
#9746 = CARTESIAN_POINT ( 'NONE',  ( -64.00694410957875391, 33.00000000000000000, 6.704371527449089851E-13 ) ) ;
#9747 = AXIS2_PLACEMENT_3D ( 'NONE', #4489, #1881, #3596 ) ;
#9748 = CYLINDRICAL_SURFACE ( 'NONE', #8602, 3.949999999999989075 ) ;
#9749 = ORIENTED_EDGE ( 'NONE', *, *, #6253, .F. ) ;
#9750 = EDGE_LOOP ( 'NONE', ( #8398, #3371, #7874, #6787 ) ) ;
#9751 = ORIENTED_EDGE ( 'NONE', *, *, #9072, .T. ) ;
#9752 = DIRECTION ( 'NONE',  ( -0.000000000000000000, -1.000000000000000000, -0.000000000000000000 ) ) ;
#9753 = CARTESIAN_POINT ( 'NONE',  ( 70.04012904882129931, 117.9522940498503942, -20.57758123502236103 ) ) ;
#9754 = ORIENTED_EDGE ( 'NONE', *, *, #8881, .T. ) ;
#9755 = DIRECTION ( 'NONE',  ( -0.000000000000000000, 1.000000000000000000, -0.000000000000000000 ) ) ;
#9756 = DIRECTION ( 'NONE',  ( -1.000000000000000000, -0.000000000000000000, 1.047444401652940007E-14 ) ) ;
#9757 = CARTESIAN_POINT ( 'NONE',  ( 53.81076957008286143, 0.000000000000000000, -6.434615230584167733 ) ) ;
#9758 = DIRECTION ( 'NONE',  ( -1.000000000000000000, 0.000000000000000000, 3.491481338843133355E-15 ) ) ;
#9759 = DIRECTION ( 'NONE',  ( -0.7071067811865475727, 0.000000000000000000, 0.7071067811865475727 ) ) ;
#9760 = EDGE_LOOP ( 'NONE', ( #3480, #10361, #9598, #3384 ) ) ;
#9761 = ORIENTED_EDGE ( 'NONE', *, *, #10501, .T. ) ;
#9762 = CYLINDRICAL_SURFACE ( 'NONE', #4984, 73.00000000000000000 ) ;
#9763 =( GEOMETRIC_REPRESENTATION_CONTEXT ( 3 ) GLOBAL_UNCERTAINTY_ASSIGNED_CONTEXT ( ( #6614 ) ) GLOBAL_UNIT_ASSIGNED_CONTEXT ( ( #3090, #1529, #8307 ) ) REPRESENTATION_CONTEXT ( 'NONE', 'WORKASPACE' ) );
#9764 = ADVANCED_FACE ( 'NONE', ( #1009 ), #9762, .T. ) ;
#9765 = DIRECTION ( 'NONE',  ( 0.000000000000000000, -0.000000000000000000, 1.000000000000000000 ) ) ;
#9767 = CARTESIAN_POINT ( 'NONE',  ( 11.16841850499247712, 121.4985874826541021, -56.94273238038329055 ) ) ;
#9766 = FACE_OUTER_BOUND ( 'NONE', #3370, .T. ) ;
#9768 = COLOUR_RGB ( '',1.000000000000000000, 0.5019607843137254832, 0.7529411764705882248 ) ;
#9769 = DIRECTION ( 'NONE',  ( 0.000000000000000000, -1.000000000000000000, 0.000000000000000000 ) ) ;
#9770 = ORIENTED_EDGE ( 'NONE', *, *, #8090, .T. ) ;
#9771 = AXIS2_PLACEMENT_3D ( 'NONE', #3554, #1761, #1868 ) ;
#9772 = CARTESIAN_POINT ( 'NONE',  ( 56.83245426846323056, 119.5188384137375976, -11.68327691203817587 ) ) ;
#9773 = FACE_OUTER_BOUND ( 'NONE', #6131, .T. ) ;
#9774 =( NAMED_UNIT ( * ) PLANE_ANGLE_UNIT ( ) SI_UNIT ( $, .RADIAN. ) );
#9775 = CARTESIAN_POINT ( 'NONE',  ( 53.43157126078725838, 118.5240787878594091, 49.74032948471690219 ) ) ;
#9776 = LINE ( 'NONE', #5085, #6202 ) ;
#9777 = ORIENTED_EDGE ( 'NONE', *, *, #4589, .T. ) ;
#9778 = CARTESIAN_POINT ( 'NONE',  ( 6.123233995736775157E-16, 93.35786437626902057, 58.91067609231115654 ) ) ;
#9779 = EDGE_CURVE ( 'NONE', #5889, #1124, #749, .T. ) ;
#9780 = LINE ( 'NONE', #7022, #273 ) ;
#9781 = CARTESIAN_POINT ( 'NONE',  ( -11.16854172521091648, 121.2426528317474208, 56.94270641777644215 ) ) ;
#9782 = VECTOR ( 'NONE', #3945, 1000.000000000000000 ) ;
#9783 = CARTESIAN_POINT ( 'NONE',  ( 70.37784853628784276, 117.5761575555906830, -19.39131943325291019 ) ) ;
#9784 = EDGE_CURVE ( 'NONE', #6018, #2312, #10417, .T. ) ;
#9785 = ADVANCED_FACE ( 'NONE', ( #6982 ), #782, .T. ) ;
#9786 = CARTESIAN_POINT ( 'NONE',  ( 0.000000000000000000, 112.4999999999999858, 0.000000000000000000 ) ) ;
#9787 = STYLED_ITEM ( 'NONE', ( #8668 ), #3025 ) ;
#9788 = CIRCLE ( 'NONE', #6988, 73.00000000000001421 ) ;
#9789 = DIRECTION ( 'NONE',  ( 0.000000000000000000, 1.000000000000000000, 0.000000000000000000 ) ) ;
#9790 = DIRECTION ( 'NONE',  ( -0.7071067811865464625, 0.000000000000000000, 0.7071067811865486830 ) ) ;
#9791 = CARTESIAN_POINT ( 'NONE',  ( -69.97856814768357481, 53.00000000000000711, 12.00000000000026112 ) ) ;
#9792 = EDGE_CURVE ( 'NONE', #9208, #10243, #246, .T. ) ;
#9793 = CARTESIAN_POINT ( 'NONE',  ( 42.45642460714601896, 125.0194328563234478, 39.53166211130668017 ) ) ;
#9794 = VECTOR ( 'NONE', #1282, 1000.000000000000000 ) ;
#9795 = CARTESIAN_POINT ( 'NONE',  ( 55.14554842746712637, 119.0926397297842101, -18.02811762254985695 ) ) ;
#9796 = LINE ( 'NONE', #9831, #10614 ) ;
#9797 = EDGE_CURVE ( 'NONE', #811, #4055, #378, .T. ) ;
#9798 = PRESENTATION_LAYER_ASSIGNMENT (  '', '', ( #7534 ) ) ;
#9799 = VECTOR ( 'NONE', #3965, 1000.000000000000000 ) ;
#9800 = DIRECTION ( 'NONE',  ( -0.7071067811865474617, 0.000000000000000000, 0.7071067811865474617 ) ) ;
#9801 = CARTESIAN_POINT ( 'NONE',  ( 0.000000000000000000, 10.00000000000000000, 0.000000000000000000 ) ) ;
#9802 = CARTESIAN_POINT ( 'NONE',  ( 51.25288561628865125, 117.5767542232389786, 51.98274596447057405 ) ) ;
#9803 = ADVANCED_FACE ( 'NONE', ( #8967, #5261 ), #4317, .T. ) ;
#9804 = CIRCLE ( 'NONE', #9140, 5.000000000000007994 ) ;
#9805 = VECTOR ( 'NONE', #644, 1000.000000000000000 ) ;
#9806 = DIRECTION ( 'NONE',  ( 0.000000000000000000, -0.000000000000000000, 1.000000000000000000 ) ) ;
#9807 = FACE_BOUND ( 'NONE', #7223, .T. ) ;
#9808 = CARTESIAN_POINT ( 'NONE',  ( 69.85041980004312734, 118.3615628034691554, -21.21239069341311989 ) ) ;
#9809 =( GEOMETRIC_REPRESENTATION_CONTEXT ( 3 ) GLOBAL_UNCERTAINTY_ASSIGNED_CONTEXT ( ( #704 ) ) GLOBAL_UNIT_ASSIGNED_CONTEXT ( ( #9851, #4787, #1418 ) ) REPRESENTATION_CONTEXT ( 'NONE', 'WORKASPACE' ) );
#9810 = CARTESIAN_POINT ( 'NONE',  ( -38.46533008074432303, 123.5667773864314825, -43.44410331628249367 ) ) ;
#9811 = LINE ( 'NONE', #3764, #9550 ) ;
#9812 = CARTESIAN_POINT ( 'NONE',  ( 57.00694410957874680, 37.21044682205694443, -6.802362645333846380 ) ) ;
#9813 = LINE ( 'NONE', #5174, #7310 ) ;
#9814 = CIRCLE ( 'NONE', #6155, 3.949999999999995293 ) ;
#9815 = CARTESIAN_POINT ( 'NONE',  ( -56.94273243253063299, 121.7599145250441808, 11.16841825749757255 ) ) ;
#9816 = PRESENTATION_LAYER_ASSIGNMENT (  '', '', ( #7274 ) ) ;
#9817 = ADVANCED_FACE ( 'NONE', ( #9090 ), #7671, .T. ) ;
#9818 = EDGE_LOOP ( 'NONE', ( #7382, #9319 ) ) ;
#9819 = DIRECTION ( 'NONE',  ( -0.7071067811865476838, 0.000000000000000000, 0.7071067811865474617 ) ) ;
#9820 = DIRECTION ( 'NONE',  ( 0.000000000000000000, 0.000000000000000000, 1.000000000000000000 ) ) ;
#9821 = AXIS2_PLACEMENT_3D ( 'NONE', #3529, #10285, #163 ) ;
#9822 = DIRECTION ( 'NONE',  ( 0.7071067811865479058, 0.000000000000000000, -0.7071067811865472397 ) ) ;
#9823 = FACE_OUTER_BOUND ( 'NONE', #1681, .T. ) ;
#9824 = CIRCLE ( 'NONE', #5231, 73.00000000000001421 ) ;
#9825 = ORIENTED_EDGE ( 'NONE', *, *, #4830, .F. ) ;
#9826 = DIRECTION ( 'NONE',  ( -0.000000000000000000, -1.000000000000000000, -0.000000000000000000 ) ) ;
#9827 = VERTEX_POINT ( 'NONE', #3439 ) ;
#9828 = VERTEX_POINT ( 'NONE', #6868 ) ;
#9829 = ORIENTED_EDGE ( 'NONE', *, *, #9519, .T. ) ;
#9830 = LINE ( 'NONE', #171, #3235 ) ;
#9831 = CARTESIAN_POINT ( 'NONE',  ( 62.00694410957880365, 53.00000000000000711, 11.99999999999974065 ) ) ;
#9832 = CARTESIAN_POINT ( 'NONE',  ( -23.68807716974934863, 72.00000000000000000, -23.68807716974938771 ) ) ;
#9833 = VECTOR ( 'NONE', #7799, 1000.000000000000000 ) ;
#9834 = ORIENTED_EDGE ( 'NONE', *, *, #9579, .F. ) ;
#9835 = DIRECTION ( 'NONE',  ( 1.000000000000000000, 0.000000000000000000, -3.491481338843133355E-15 ) ) ;
#9836 = CARTESIAN_POINT ( 'NONE',  ( -53.81076957008286143, 72.00000000000000000, -6.434615230583979439 ) ) ;
#9837 = EDGE_CURVE ( 'NONE', #3526, #10752, #6715, .T. ) ;
#9838 = CARTESIAN_POINT ( 'NONE',  ( 51.98229951024001139, 117.5761575555906688, 51.25334497949208412 ) ) ;
#9839 = EDGE_CURVE ( 'NONE', #10631, #4039, #3413, .T. ) ;
#9840 = EDGE_LOOP ( 'NONE', ( #7140, #3259, #7312 ) ) ;
#9841 = CARTESIAN_POINT ( 'NONE',  ( 23.68807716974934863, 72.00000000000000000, 23.68807716974938771 ) ) ;
#9842 = EDGE_CURVE ( 'NONE', #8941, #276, #9501, .T. ) ;
#9843 = VERTEX_POINT ( 'NONE', #8564 ) ;
#9844 = LINE ( 'NONE', #5789, #10918 ) ;
#9845 = LINE ( 'NONE', #9471, #1099 ) ;
#9846 = ORIENTED_EDGE ( 'NONE', *, *, #6231, .F. ) ;
#9847 = AXIS2_PLACEMENT_3D ( 'NONE', #4887, #3336, #5955 ) ;
#9848 = VERTEX_POINT ( 'NONE', #5040 ) ;
#9849 = CARTESIAN_POINT ( 'NONE',  ( -62.20458146424517309, 12.99999999999999822, 12.00000000000027001 ) ) ;
#9850 = ORIENTED_EDGE ( 'NONE', *, *, #3791, .F. ) ;
#9851 =( LENGTH_UNIT ( ) NAMED_UNIT ( * ) SI_UNIT ( .MILLI., .METRE. ) );
#9852 = CARTESIAN_POINT ( 'NONE',  ( -56.89987501454449159, 122.7769584333712203, 11.37073099994146297 ) ) ;
#9853 = ORIENTED_EDGE ( 'NONE', *, *, #7188, .T. ) ;
#9854 = ORIENTED_EDGE ( 'NONE', *, *, #9842, .F. ) ;
#9855 = EDGE_CURVE ( 'NONE', #6159, #9617, #6457, .T. ) ;
#9856 = EDGE_LOOP ( 'NONE', ( #1151, #321, #1914, #3516, #5733 ) ) ;
#9857 = AXIS2_PLACEMENT_3D ( 'NONE', #10060, #2533, #10972 ) ;
#9858 = VECTOR ( 'NONE', #4943, 1000.000000000000000 ) ;
#9859 = VERTEX_POINT ( 'NONE', #856 ) ;
#9860 = EDGE_CURVE ( 'NONE', #10240, #3647, #5651, .T. ) ;
#9861 = ORIENTED_EDGE ( 'NONE', *, *, #2286, .F. ) ;
#9862 = ADVANCED_FACE ( 'NONE', ( #4198 ), #1004, .F. ) ;
#9863 = SURFACE_STYLE_USAGE ( .BOTH. , #3955 ) ;
#9864 = CARTESIAN_POINT ( 'NONE',  ( 8.694992273946206563E-15, -53.00000000000000000, -71.00000000000001421 ) ) ;
#9865 = DIRECTION ( 'NONE',  ( -0.000000000000000000, 1.000000000000000000, -0.000000000000000000 ) ) ;
#9866 = DIRECTION ( 'NONE',  ( -0.000000000000000000, -1.000000000000000000, -0.000000000000000000 ) ) ;
#9867 = EDGE_CURVE ( 'NONE', #3172, #5793, #110, .T. ) ;
#9868 = ORIENTED_EDGE ( 'NONE', *, *, #2557, .F. ) ;
#9869 = STYLED_ITEM ( 'NONE', ( #1979 ), #3484 ) ;
#9870 = ORIENTED_EDGE ( 'NONE', *, *, #5179, .T. ) ;
#9871 = ORIENTED_EDGE ( 'NONE', *, *, #5481, .F. ) ;
#9872 = CARTESIAN_POINT ( 'NONE',  ( -18.79923228518237721, 121.5000000000000426, 54.89806197622043982 ) ) ;
#9873 = ORIENTED_EDGE ( 'NONE', *, *, #3126, .F. ) ;
#9874 = LINE ( 'NONE', #1047, #10685 ) ;
#9875 = VECTOR ( 'NONE', #9156, 1000.000000000000000 ) ;
#9876 = ORIENTED_EDGE ( 'NONE', *, *, #1113, .F. ) ;
#9877 = CARTESIAN_POINT ( 'NONE',  ( -1.734723475976807094E-14, 48.00000000000000000, 48.08326112068521496 ) ) ;
#9878 = AXIS2_PLACEMENT_3D ( 'NONE', #8933, #2960, #8835 ) ;
#9879 =( BOUNDED_CURVE ( )  B_SPLINE_CURVE ( 3, ( #3183, #9096, #5578, #9048 ),
 .UNSPECIFIED., .F., .F. ) 
 B_SPLINE_CURVE_WITH_KNOTS ( ( 4, 4 ),
 ( 0.000000000000000000, 0.5542501482155569592 ),
 .UNSPECIFIED. ) 
 CURVE ( )  GEOMETRIC_REPRESENTATION_ITEM ( )  RATIONAL_B_SPLINE_CURVE ( ( 1.000000000000000000, 0.9745639783809357803, 0.9745639783809357803, 1.000000000000000000 ) ) 
 REPRESENTATION_ITEM ( '' )  );
#9880 = DIRECTION ( 'NONE',  ( 1.000000000000000000, -0.000000000000000000, 1.071310554614183363E-16 ) ) ;
#9881 = CARTESIAN_POINT ( 'NONE',  ( 63.91067609231115654, 107.4999999999999858, 6.694287987874572456E-13 ) ) ;
#9882 = ORIENTED_EDGE ( 'NONE', *, *, #9661, .T. ) ;
#9883 = CARTESIAN_POINT ( 'NONE',  ( 15.56731660900772773, 123.4818458615945929, -71.32095894972006533 ) ) ;
#9884 = ORIENTED_EDGE ( 'NONE', *, *, #7928, .T. ) ;
#9885 = CARTESIAN_POINT ( 'NONE',  ( 50.20107528453431911, 118.0758614279401115, 52.99903841482008460 ) ) ;
#9886 = LINE ( 'NONE', #1069, #625 ) ;
#9887 = AXIS2_PLACEMENT_3D ( 'NONE', #5696, #6595, #642 ) ;
#9888 = FACE_BOUND ( 'NONE', #10498, .T. ) ;
#9889 = EDGE_LOOP ( 'NONE', ( #1759, #3257, #3039, #4722, #4567, #2616 ) ) ;
#9890 = CARTESIAN_POINT ( 'NONE',  ( 54.89802292897485358, 121.7545221335566765, -18.79935173791426806 ) ) ;
#9891 = MECHANICAL_DESIGN_GEOMETRIC_PRESENTATION_REPRESENTATION (  '', ( #8743 ), #10461 ) ;
#9892 = ORIENTED_EDGE ( 'NONE', *, *, #8346, .T. ) ;
#9893 = ORIENTED_EDGE ( 'NONE', *, *, #3134, .T. ) ;
#9894 = DIRECTION ( 'NONE',  ( 0.000000000000000000, -1.000000000000000000, 0.000000000000000000 ) ) ;
#9895 = CARTESIAN_POINT ( 'NONE',  ( -66.18446766623711142, 72.00000000000000000, 16.87265631979616032 ) ) ;
#9896 = DIRECTION ( 'NONE',  ( 0.000000000000000000, 0.000000000000000000, -1.000000000000000000 ) ) ;
#9897 = EDGE_CURVE ( 'NONE', #5650, #7082, #9886, .T. ) ;
#9898 = CARTESIAN_POINT ( 'NONE',  ( -5.000000000000007105, 53.00000000000000711, -70.82372483850311085 ) ) ;
#9899 = VECTOR ( 'NONE', #9198, 1000.000000000000000 ) ;
#9900 = CARTESIAN_POINT ( 'NONE',  ( -62.00694410957876102, 33.00000000000000000, 6.494882647118502607E-13 ) ) ;
#9901 = VERTEX_POINT ( 'NONE', #952 ) ;
#9902 = LINE ( 'NONE', #2298, #7910 ) ;
#9903 = AXIS2_PLACEMENT_3D ( 'NONE', #2955, #3761, #10460 ) ;
#9904 = DIRECTION ( 'NONE',  ( -0.7071067811865482389, 0.000000000000000000, 0.7071067811865469066 ) ) ;
#9905 = PLANE ( 'NONE',  #4363 ) ;
#9906 = CARTESIAN_POINT ( 'NONE',  ( -1.387778780781445676E-14, 81.00000000000000000, 48.08326112068521496 ) ) ;
#9907 = SURFACE_SIDE_STYLE ('',( #6038 ) ) ;
#9908 = LINE ( 'NONE', #1646, #3170 ) ;
#9909 = VECTOR ( 'NONE', #1139, 1000.000000000000000 ) ;
#9910 = MECHANICAL_DESIGN_GEOMETRIC_PRESENTATION_REPRESENTATION (  '', ( #5582 ), #10482 ) ;
#9911 = CARTESIAN_POINT ( 'NONE',  ( 54.93795860476513582, 120.4775616640419003, -18.67687376136816724 ) ) ;
#9912 = ORIENTED_EDGE ( 'NONE', *, *, #4839, .F. ) ;
#9913 = EDGE_CURVE ( 'NONE', #10229, #9488, #1943, .T. ) ;
#9914 = DIRECTION ( 'NONE',  ( 1.000000000000000000, 0.000000000000000000, -1.082138871172476148E-14 ) ) ;
#9915 = DIRECTION ( 'NONE',  ( -0.000000000000000000, -1.000000000000000000, -0.000000000000000000 ) ) ;
#9916 = CARTESIAN_POINT ( 'NONE',  ( 43.19760034554521866, 123.9273460831918499, 38.73140891124688068 ) ) ;
#9917 = PLANE ( 'NONE',  #4751 ) ;
#9918 = DIRECTION ( 'NONE',  ( 0.7071067811865474617, -0.000000000000000000, 0.7071067811865476838 ) ) ;
#9919 = CIRCLE ( 'NONE', #667, 1.850000000000006084 ) ;
#9920 = FACE_OUTER_BOUND ( 'NONE', #4175, .T. ) ;
#9921 = ADVANCED_FACE ( 'NONE', ( #4597 ), #292, .F. ) ;
#9922 = CARTESIAN_POINT ( 'NONE',  ( 56.51363837141989421, 124.9483717530881961, -13.08442973467431081 ) ) ;
#9923 = EDGE_CURVE ( 'NONE', #4940, #4957, #10956, .T. ) ;
#9924 = PRESENTATION_STYLE_ASSIGNMENT (( #1152 ) ) ;
#9925 = CARTESIAN_POINT ( 'NONE',  ( 11.99999999999996447, 12.99999999999999822, -62.20458146424481782 ) ) ;
#9926 = DIRECTION ( 'NONE',  ( 1.000000000000000000, 0.000000000000000000, -1.047444401652940007E-14 ) ) ;
#9927 = EDGE_CURVE ( 'NONE', #7838, #5887, #7510, .T. ) ;
#9928 = DIRECTION ( 'NONE',  ( -0.7071067811865476838, 0.000000000000000000, 0.7071067811865474617 ) ) ;
#9929 = DIRECTION ( 'NONE',  ( 0.000000000000000000, 0.000000000000000000, 1.000000000000000000 ) ) ;
#9930 = CIRCLE ( 'NONE', #3207, 1.850000000000006084 ) ;
#9931 = CARTESIAN_POINT ( 'NONE',  ( -54.89817679666909811, 120.4673962467907415, 18.79888102823554163 ) ) ;
#9932 =( LENGTH_UNIT ( ) NAMED_UNIT ( * ) SI_UNIT ( .MILLI., .METRE. ) );
#9933 = CYLINDRICAL_SURFACE ( 'NONE', #1479, 3.949999999999989075 ) ;
#9934 = DIRECTION ( 'NONE',  ( -0.000000000000000000, -1.000000000000000000, -0.000000000000000000 ) ) ;
#9935 = DIRECTION ( 'NONE',  ( 0.000000000000000000, -0.000000000000000000, 1.000000000000000000 ) ) ;
#9936 = FACE_OUTER_BOUND ( 'NONE', #2334, .T. ) ;
#9937 = PRESENTATION_STYLE_ASSIGNMENT (( #5116 ) ) ;
#9938 = ADVANCED_FACE ( 'NONE', ( #5918 ), #4500, .T. ) ;
#9939 = EDGE_CURVE ( 'NONE', #610, #1471, #7890, .T. ) ;
#9940 = LINE ( 'NONE', #3151, #7688 ) ;
#9941 = FACE_OUTER_BOUND ( 'NONE', #129, .T. ) ;
#9942 = AXIS2_PLACEMENT_3D ( 'NONE', #9517, #3634, #4485 ) ;
#9943 = CARTESIAN_POINT ( 'NONE',  ( -71.42611980880441536, 120.9805368309900757, 15.07687097042325064 ) ) ;
#9944 = DIRECTION ( 'NONE',  ( -0.7071067811865482389, 0.000000000000000000, 0.7071067811865469066 ) ) ;
#9945 = CARTESIAN_POINT ( 'NONE',  ( 72.31182475916374131, 15.00000000000000178, 9.999999999999699796 ) ) ;
#9946 = CARTESIAN_POINT ( 'NONE',  ( 0.000000000000000000, 51.00000000000000711, 0.000000000000000000 ) ) ;
#9947 = CARTESIAN_POINT ( 'NONE',  ( 0.000000000000000000, 109.4999999999999858, 0.000000000000000000 ) ) ;
#9948 = EDGE_LOOP ( 'NONE', ( #9043, #7635, #5051, #10439 ) ) ;
#9949 = DIRECTION ( 'NONE',  ( 0.000000000000000000, 0.000000000000000000, -1.000000000000000000 ) ) ;
#9950 = VECTOR ( 'NONE', #2363, 1000.000000000000000 ) ;
#9951 = SURFACE_STYLE_FILL_AREA ( #8944 ) ;
#9952 = ORIENTED_EDGE ( 'NONE', *, *, #7252, .T. ) ;
#9953 = VERTEX_POINT ( 'NONE', #4355 ) ;
#9954 = CARTESIAN_POINT ( 'NONE',  ( 3.882285676537949204, 127.5000000000000000, -14.48888739433598971 ) ) ;
#9955 = CARTESIAN_POINT ( 'NONE',  ( -6.434615230584356027, 72.00000000000000000, -53.81076957008284012 ) ) ;
#9956 = VERTEX_POINT ( 'NONE', #6892 ) ;
#9957 = AXIS2_PLACEMENT_3D ( 'NONE', #3323, #9237, #5010 ) ;
#9958 = DIRECTION ( 'NONE',  ( -0.000000000000000000, 1.000000000000000000, -0.000000000000000000 ) ) ;
#9959 = DIRECTION ( 'NONE',  ( 3.469446951953614189E-15, 0.000000000000000000, 1.000000000000000000 ) ) ;
#9960 = ORIENTED_EDGE ( 'NONE', *, *, #2986, .T. ) ;
#9961 = UNCERTAINTY_MEASURE_WITH_UNIT (LENGTH_MEASURE( 1.000000000000000082E-05 ), #10387, 'distance_accuracy_value', 'NONE');
#9962 = CARTESIAN_POINT ( 'NONE',  ( -56.85799620534091048, 123.2549693070927646, 11.56543637620195142 ) ) ;
#9963 = VECTOR ( 'NONE', #8697, 1000.000000000000000 ) ;
#9964 = VECTOR ( 'NONE', #4948, 1000.000000000000000 ) ;
#9965 = ORIENTED_EDGE ( 'NONE', *, *, #648, .T. ) ;
#9966 = CARTESIAN_POINT ( 'NONE',  ( -70.24237341516590050, 125.3222965543167078, 19.87643308887822258 ) ) ;
#9967 = EDGE_LOOP ( 'NONE', ( #692, #2979, #7363, #8253 ) ) ;
#9968 = ADVANCED_FACE ( 'NONE', ( #1406 ), #1853, .T. ) ;
#9969 = CARTESIAN_POINT ( 'NONE',  ( 22.70499905153958053, 121.4999999999999858, -69.47458199078093344 ) ) ;
#9970 =( GEOMETRIC_REPRESENTATION_CONTEXT ( 3 ) GLOBAL_UNCERTAINTY_ASSIGNED_CONTEXT ( ( #7083 ) ) GLOBAL_UNIT_ASSIGNED_CONTEXT ( ( #1907, #9507, #8577 ) ) REPRESENTATION_CONTEXT ( 'NONE', 'WORKASPACE' ) );
#9971 = EDGE_LOOP ( 'NONE', ( #524, #5934 ) ) ;
#9972 = ORIENTED_EDGE ( 'NONE', *, *, #10777, .T. ) ;
#9973 = LINE ( 'NONE', #6959, #9833 ) ;
#9974 = ORIENTED_EDGE ( 'NONE', *, *, #3261, .T. ) ;
#9975 = CARTESIAN_POINT ( 'NONE',  ( -6.000000000000000000, 33.00000000000000000, -57.00694410957876812 ) ) ;
#9976 = EDGE_LOOP ( 'NONE', ( #2863, #10694 ) ) ;
#9977 = VERTEX_POINT ( 'NONE', #1939 ) ;
#9978 = VERTEX_POINT ( 'NONE', #10410 ) ;
#9979 = ORIENTED_EDGE ( 'NONE', *, *, #5086, .T. ) ;
#9980 = CARTESIAN_POINT ( 'NONE',  ( 25.10229073212241246, 72.00000000000000000, 25.10229073212244089 ) ) ;
#9981 = PLANE ( 'NONE',  #794 ) ;
#9982 = DIRECTION ( 'NONE',  ( -0.000000000000000000, -1.000000000000000000, -0.000000000000000000 ) ) ;
#9983 = CARTESIAN_POINT ( 'NONE',  ( 48.08326112068522917, 2.327753354443970006E-15, -3.469446951953614189E-15 ) ) ;
#9984 = EDGE_CURVE ( 'NONE', #3114, #4934, #8827, .T. ) ;
#9985 = LINE ( 'NONE', #3808, #2326 ) ;
#9986 = ORIENTED_EDGE ( 'NONE', *, *, #8368, .T. ) ;
#9987 = DIRECTION ( 'NONE',  ( -0.000000000000000000, -1.000000000000000000, -0.000000000000000000 ) ) ;
#9988 = EDGE_CURVE ( 'NONE', #10953, #1674, #7377, .T. ) ;
#9989 = ORIENTED_EDGE ( 'NONE', *, *, #2000, .T. ) ;
#9990 = EDGE_LOOP ( 'NONE', ( #6160, #5506 ) ) ;
#9991 = ORIENTED_EDGE ( 'NONE', *, *, #4589, .F. ) ;
#9992 = ORIENTED_EDGE ( 'NONE', *, *, #5744, .T. ) ;
#9993 = ORIENTED_EDGE ( 'NONE', *, *, #4630, .T. ) ;
#9994 = AXIS2_PLACEMENT_3D ( 'NONE', #4028, #1349, #5715 ) ;
#9995 = PRESENTATION_STYLE_ASSIGNMENT (( #10035 ) ) ;
#9996 = CARTESIAN_POINT ( 'NONE',  ( 29.99584399089635767, 10.00000000000000000, 53.33036777005244033 ) ) ;
#9997 = CARTESIAN_POINT ( 'NONE',  ( -48.08326112068524338, 64.50000000000000000, -3.469446951953614189E-14 ) ) ;
#9998 = LINE ( 'NONE', #6502, #488 ) ;
#9999 = VERTEX_POINT ( 'NONE', #9553 ) ;
#10000 =( LENGTH_UNIT ( ) NAMED_UNIT ( * ) SI_UNIT ( .MILLI., .METRE. ) );
#10001 = EDGE_CURVE ( 'NONE', #9708, #8183, #2080, .T. ) ;
#10002 = FACE_BOUND ( 'NONE', #9976, .T. ) ;
#10003 = ORIENTED_EDGE ( 'NONE', *, *, #6745, .F. ) ;
#10004 = VERTEX_POINT ( 'NONE', #8597 ) ;
#10005 = AXIS2_PLACEMENT_3D ( 'NONE', #2913, #10404, #9694 ) ;
#10006 = VERTEX_POINT ( 'NONE', #9458 ) ;
#10007 = EDGE_LOOP ( 'NONE', ( #578, #8524, #8932, #8779 ) ) ;
#10008 = DIRECTION ( 'NONE',  ( -0.7071067811865474617, 0.000000000000000000, -0.7071067811865474617 ) ) ;
#10009 = CARTESIAN_POINT ( 'NONE',  ( 18.79923228518198997, 121.2405117339426539, -54.89806197622054640 ) ) ;
#10010 = EDGE_CURVE ( 'NONE', #4072, #1084, #1549, .T. ) ;
#10011 = VECTOR ( 'NONE', #6359, 1000.000000000000000 ) ;
#10012 = DIRECTION ( 'NONE',  ( -0.7071067811865474617, 0.000000000000000000, -0.7071067811865476838 ) ) ;
#10013 = ORIENTED_EDGE ( 'NONE', *, *, #7927, .T. ) ;
#10014 = ORIENTED_EDGE ( 'NONE', *, *, #7567, .T. ) ;
#10015 = CARTESIAN_POINT ( 'NONE',  ( -48.08326112068525049, 16.50000000000000000, -2.775557561562891351E-14 ) ) ;
#10016 = LINE ( 'NONE', #6525, #1536 ) ;
#10017 = AXIS2_PLACEMENT_3D ( 'NONE', #1710, #7805, #10291 ) ;
#10018 = LINE ( 'NONE', #5679, #7773 ) ;
#10019 = DIRECTION ( 'NONE',  ( 0.000000000000000000, 0.000000000000000000, -1.000000000000000000 ) ) ;
#10020 = CARTESIAN_POINT ( 'NONE',  ( 6.802362645333919211, 28.78955317794349611, -57.00694410957876812 ) ) ;
#10021 = CARTESIAN_POINT ( 'NONE',  ( -11.99999999999995737, 72.00000000000000000, 0.000000000000000000 ) ) ;
#10022 = DIRECTION ( 'NONE',  ( 0.000000000000000000, 1.000000000000000000, 0.000000000000000000 ) ) ;
#10023 = FACE_OUTER_BOUND ( 'NONE', #2732, .T. ) ;
#10024 = ORIENTED_EDGE ( 'NONE', *, *, #3613, .T. ) ;
#10025 = CARTESIAN_POINT ( 'NONE',  ( 8.694992273946206563E-15, 0.000000000000000000, 71.00000000000001421 ) ) ;
#10026 = ADVANCED_FACE ( 'NONE', ( #7133 ), #991, .F. ) ;
#10027 = DIRECTION ( 'NONE',  ( 0.000000000000000000, 0.000000000000000000, -1.000000000000000000 ) ) ;
#10028 = AXIS2_PLACEMENT_3D ( 'NONE', #10433, #10340, #306 ) ;
#10029 = SURFACE_STYLE_FILL_AREA ( #2478 ) ;
#10030 = ORIENTED_EDGE ( 'NONE', *, *, #9792, .F. ) ;
#10031 = DIRECTION ( 'NONE',  ( 0.000000000000000000, 0.000000000000000000, 1.000000000000000000 ) ) ;
#10032 = EDGE_CURVE ( 'NONE', #8806, #346, #10016, .T. ) ;
#10033 = CARTESIAN_POINT ( 'NONE',  ( -71.22464596512440949, 124.1088354730031682, 16.00258839189318394 ) ) ;
#10034 = LINE ( 'NONE', #260, #7278 ) ;
#10035 = SURFACE_STYLE_USAGE ( .BOTH. , #7460 ) ;
#10036 = DIRECTION ( 'NONE',  ( 0.000000000000000000, -1.000000000000000000, 0.000000000000000000 ) ) ;
#10037 = CARTESIAN_POINT ( 'NONE',  ( -15.05070418153081313, 121.4985874826542016, 71.43161977471916657 ) ) ;
#10038 = CARTESIAN_POINT ( 'NONE',  ( 0.000000000000000000, 92.49999999999998579, 67.86067609231115227 ) ) ;
#10039 = SURFACE_STYLE_USAGE ( .BOTH. , #9205 ) ;
#10040 = SURFACE_STYLE_FILL_AREA ( #797 ) ;
#10041 = EDGE_CURVE ( 'NONE', #1105, #1898, #1801, .T. ) ;
#10042 = CARTESIAN_POINT ( 'NONE',  ( 38.16360472771483359, 120.9786505004500157, 43.71162368612319682 ) ) ;
#10043 = EDGE_CURVE ( 'NONE', #5041, #9999, #4973, .T. ) ;
#10044 = DIRECTION ( 'NONE',  ( -1.000000000000000000, 0.000000000000000000, 1.047444401652940007E-14 ) ) ;
#10045 = DIRECTION ( 'NONE',  ( 0.000000000000000000, -0.000000000000000000, 1.000000000000000000 ) ) ;
#10046 = DIRECTION ( 'NONE',  ( -0.000000000000000000, -1.000000000000000000, -0.000000000000000000 ) ) ;
#10047 = DIRECTION ( 'NONE',  ( -0.7071067811865474617, 0.000000000000000000, -0.7071067811865476838 ) ) ;
#10048 = CARTESIAN_POINT ( 'NONE',  ( 9.999999999999953815, 51.00000000000000711, -72.31182475916369867 ) ) ;
#10049 = DIRECTION ( 'NONE',  ( -0.7071067811865476838, 0.000000000000000000, 0.7071067811865474617 ) ) ;
#10050 =( NAMED_UNIT ( * ) SI_UNIT ( $, .STERADIAN. ) SOLID_ANGLE_UNIT ( ) );
#10051 = CIRCLE ( 'NONE', #583, 6.000000000000000000 ) ;
#10052 = LINE ( 'NONE', #9980, #5304 ) ;
#10053 = EDGE_CURVE ( 'NONE', #7838, #2693, #2832, .T. ) ;
#10054 = LINE ( 'NONE', #7329, #4774 ) ;
#10055 = DIRECTION ( 'NONE',  ( 3.491481338843133355E-15, -0.000000000000000000, 1.000000000000000000 ) ) ;
#10056 = AXIS2_PLACEMENT_3D ( 'NONE', #1809, #134, #2664 ) ;
#10057 = VECTOR ( 'NONE', #6080, 1000.000000000000000 ) ;
#10058 = CARTESIAN_POINT ( 'NONE',  ( -5.000000000000015099, 107.4999999999999858, -5.356552773070933084E-16 ) ) ;
#10059 = EDGE_CURVE ( 'NONE', #4318, #10641, #8558, .T. ) ;
#10060 = CARTESIAN_POINT ( 'NONE',  ( -1.194232089258406697E-12, 33.00000000000000000, -57.00694410957876812 ) ) ;
#10061 = CIRCLE ( 'NONE', #9716, 8.000000000000000000 ) ;
#10062 = FACE_OUTER_BOUND ( 'NONE', #3020, .T. ) ;
#10063 = EDGE_CURVE ( 'NONE', #6463, #1100, #4343, .T. ) ;
#10064 =( NAMED_UNIT ( * ) PLANE_ANGLE_UNIT ( ) SI_UNIT ( $, .RADIAN. ) );
#10065 = CARTESIAN_POINT ( 'NONE',  ( 11.99999999999996447, 72.00000000000000000, -62.20458146424481782 ) ) ;
#10066 = LINE ( 'NONE', #6392, #4391 ) ;
#10067 = ADVANCED_FACE ( 'NONE', ( #4069 ), #2920, .T. ) ;
#10068 = CARTESIAN_POINT ( 'NONE',  ( 11.16841850499247535, 121.4985874826541874, -56.94273238038329055 ) ) ;
#10069 = CARTESIAN_POINT ( 'NONE',  ( -10.00000000000004619, 51.00000000000000711, -72.31182475916369867 ) ) ;
#10070 = DIRECTION ( 'NONE',  ( -1.000000000000000000, 0.000000000000000000, 0.000000000000000000 ) ) ;
#10071 = DIRECTION ( 'NONE',  ( 0.000000000000000000, 1.000000000000000000, 0.000000000000000000 ) ) ;
#10072 = CIRCLE ( 'NONE', #981, 5.000000000000004441 ) ;
#10073 = SURFACE_STYLE_FILL_AREA ( #9660 ) ;
#10074 = CARTESIAN_POINT ( 'NONE',  ( 70.24237341516578681, 125.3222965543166794, -19.87643308887874483 ) ) ;
#10075 = AXIS2_PLACEMENT_3D ( 'NONE', #5077, #5971, #1683 ) ;
#10076 = CARTESIAN_POINT ( 'NONE',  ( -54.31837234552349969, 120.9812746648143076, -48.77004236249246105 ) ) ;
#10077 = PLANE ( 'NONE',  #8083 ) ;
#10078 = EDGE_LOOP ( 'NONE', ( #10894, #5891, #4574, #3023 ) ) ;
#10079 = AXIS2_PLACEMENT_3D ( 'NONE', #3715, #7124, #426 ) ;
#10080 = AXIS2_PLACEMENT_3D ( 'NONE', #3829, #2119, #364 ) ;
#10081 = FACE_OUTER_BOUND ( 'NONE', #1109, .T. ) ;
#10082 = CARTESIAN_POINT ( 'NONE',  ( -57.00694410957876812, 33.00000000000000000, 5.971160446292032477E-13 ) ) ;
#10083 = DIRECTION ( 'NONE',  ( 0.000000000000000000, 0.000000000000000000, 1.000000000000000000 ) ) ;
#10084 = CARTESIAN_POINT ( 'NONE',  ( 0.000000000000000000, 33.00000000000000000, 62.00694410957876102 ) ) ;
#10085 = ORIENTED_EDGE ( 'NONE', *, *, #4201, .F. ) ;
#10086 = CARTESIAN_POINT ( 'NONE',  ( 38.14350014734866079, 121.5000000000000000, 43.72964371872240008 ) ) ;
#10087 = CARTESIAN_POINT ( 'NONE',  ( 0.000000000000000000, 115.4999999999999858, -73.00000000000000000 ) ) ;
#10088 = SURFACE_STYLE_USAGE ( .BOTH. , #7546 ) ;
#10089 = ORIENTED_EDGE ( 'NONE', *, *, #377, .T. ) ;
#10090 = CARTESIAN_POINT ( 'NONE',  ( -1.204972080621668936E-12, -6.000000000000000000, -42.42640687119408227 ) ) ;
#10091 = ORIENTED_EDGE ( 'NONE', *, *, #4061, .T. ) ;
#10092 = ORIENTED_EDGE ( 'NONE', *, *, #4789, .F. ) ;
#10093 =( GEOMETRIC_REPRESENTATION_CONTEXT ( 3 ) GLOBAL_UNCERTAINTY_ASSIGNED_CONTEXT ( ( #3175 ) ) GLOBAL_UNIT_ASSIGNED_CONTEXT ( ( #1969, #10478, #5420 ) ) REPRESENTATION_CONTEXT ( 'NONE', 'WORKASPACE' ) );
#10094 = CARTESIAN_POINT ( 'NONE',  ( 11.66726188957803245, 10.00000000000000000, -11.66726188957803245 ) ) ;
#10095 = CIRCLE ( 'NONE', #2397, 6.000000000000000000 ) ;
#10096 = ORIENTED_EDGE ( 'NONE', *, *, #3627, .F. ) ;
#10097 = CARTESIAN_POINT ( 'NONE',  ( 72.31182475916365604, 51.00000000000000711, -10.00000000000030020 ) ) ;
#10098 = DIRECTION ( 'NONE',  ( 0.000000000000000000, 1.000000000000000000, 0.000000000000000000 ) ) ;
#10099 = CARTESIAN_POINT ( 'NONE',  ( -22.68151796172032064, 121.2423449557190196, 69.38694937055636558 ) ) ;
#10100 = ORIENTED_EDGE ( 'NONE', *, *, #914, .T. ) ;
#10101 = CARTESIAN_POINT ( 'NONE',  ( -41.73750169212391370, 125.3188284797964229, -40.27718609622287715 ) ) ;
#10102 = ORIENTED_EDGE ( 'NONE', *, *, #4350, .F. ) ;
#10103 = CARTESIAN_POINT ( 'NONE',  ( -18.39202115246393987, 119.4352849012582283, 55.03367810883099054 ) ) ;
#10104 = VECTOR ( 'NONE', #8019, 1000.000000000000000 ) ;
#10105 = VERTEX_POINT ( 'NONE', #1415 ) ;
#10106 = CARTESIAN_POINT ( 'NONE',  ( 0.000000000000000000, 53.00000000000000711, 0.000000000000000000 ) ) ;
#10107 = ORIENTED_EDGE ( 'NONE', *, *, #9988, .F. ) ;
#10108 = CARTESIAN_POINT ( 'NONE',  ( 16.00903723140812573, 117.5505524752647233, -55.75637891727063078 ) ) ;
#10109 = MECHANICAL_DESIGN_GEOMETRIC_PRESENTATION_REPRESENTATION (  '', ( #8993 ), #10704 ) ;
#10110 = CARTESIAN_POINT ( 'NONE',  ( 63.91067609231115654, 107.4999999999999858, 6.694287987874572456E-13 ) ) ;
#10111 = CARTESIAN_POINT ( 'NONE',  ( 18.77357418902697006, 120.9786505005848767, -54.90646303723880806 ) ) ;
#10112 = ORIENTED_EDGE ( 'NONE', *, *, #3050, .F. ) ;
#10113 = ORIENTED_EDGE ( 'NONE', *, *, #9725, .T. ) ;
#10114 = CARTESIAN_POINT ( 'NONE',  ( 69.54942057722857385, 123.4818458615945644, -22.17878782270377158 ) ) ;
#10115 = ORIENTED_EDGE ( 'NONE', *, *, #7586, .T. ) ;
#10116 = EDGE_LOOP ( 'NONE', ( #1506, #408, #6986, #5626 ) ) ;
#10117 = CARTESIAN_POINT ( 'NONE',  ( -50.36895854755861990, 117.9530725312064590, -52.83961785426708957 ) ) ;
#10118 = LINE ( 'NONE', #5601, #9326 ) ;
#10119 = LINE ( 'NONE', #6551, #9858 ) ;
#10120 = ORIENTED_EDGE ( 'NONE', *, *, #5536, .T. ) ;
#10121 = DIRECTION ( 'NONE',  ( 0.000000000000000000, 0.000000000000000000, 1.000000000000000000 ) ) ;
#10122 = VECTOR ( 'NONE', #318, 1000.000000000000000 ) ;
#10123 = DIRECTION ( 'NONE',  ( 0.000000000000000000, 0.000000000000000000, 1.000000000000000000 ) ) ;
#10124 = CARTESIAN_POINT ( 'NONE',  ( -69.97473857288375143, 118.0746255650937258, 20.79862079150508691 ) ) ;
#10125 = CARTESIAN_POINT ( 'NONE',  ( 53.81076957008286143, 72.00000000000000000, -6.434615230584167733 ) ) ;
#10126 = EDGE_LOOP ( 'NONE', ( #9464, #1597, #2151, #3378, #1863 ) ) ;
#10127 = CARTESIAN_POINT ( 'NONE',  ( 38.53546402034773166, 123.4836219571387943, 43.37559701407620594 ) ) ;
#10128 = CARTESIAN_POINT ( 'NONE',  ( 72.31182475916374131, 51.00000000000000711, 9.999999999999699796 ) ) ;
#10129 = ORIENTED_EDGE ( 'NONE', *, *, #2497, .T. ) ;
#10130 = EDGE_CURVE ( 'NONE', #1909, #264, #6047, .T. ) ;
#10131 = VERTEX_POINT ( 'NONE', #10745 ) ;
#10132 = CARTESIAN_POINT ( 'NONE',  ( 36.72341514764447368, 10.00000000000000000, 15.51021171204804006 ) ) ;
#10133 = CARTESIAN_POINT ( 'NONE',  ( 47.33001686544269404, 10.00000000000000000, 47.33001686544266562 ) ) ;
#10134 = ADVANCED_FACE ( 'NONE', ( #124 ), #7770, .F. ) ;
#10135 = ORIENTED_EDGE ( 'NONE', *, *, #1925, .T. ) ;
#10136 = PLANE ( 'NONE',  #5905 ) ;
#10137 = EDGE_CURVE ( 'NONE', #3486, #1095, #6593, .T. ) ;
#10138 = CIRCLE ( 'NONE', #7472, 3.949999999999989075 ) ;
#10139 = EDGE_CURVE ( 'NONE', #746, #5360, #8044, .T. ) ;
#10140 = VERTEX_POINT ( 'NONE', #5675 ) ;
#10141 = ORIENTED_EDGE ( 'NONE', *, *, #10488, .T. ) ;
#10142 = DIRECTION ( 'NONE',  ( 0.000000000000000000, 0.000000000000000000, 1.000000000000000000 ) ) ;
#10143 = CARTESIAN_POINT ( 'NONE',  ( 15.51021171204803650, 10.00000000000000000, 36.72341514764446657 ) ) ;
#10144 = VECTOR ( 'NONE', #1787, 1000.000000000000000 ) ;
#10145 = FACE_OUTER_BOUND ( 'NONE', #5083, .T. ) ;
#10146 = ORIENTED_EDGE ( 'NONE', *, *, #8570, .T. ) ;
#10147 = EDGE_CURVE ( 'NONE', #10382, #4286, #10825, .T. ) ;
#10148 = CARTESIAN_POINT ( 'NONE',  ( -43.72964354981449731, 121.4985874826541732, -38.14350033561125741 ) ) ;
#10149 = PRESENTATION_LAYER_ASSIGNMENT (  '', '', ( #3928 ) ) ;
#10150 = VECTOR ( 'NONE', #8533, 1000.000000000000114 ) ;
#10151 = DIRECTION ( 'NONE',  ( 0.000000000000000000, 0.000000000000000000, -1.000000000000000000 ) ) ;
#10152 = VERTEX_POINT ( 'NONE', #6572 ) ;
#10153 = VERTEX_POINT ( 'NONE', #4965 ) ;
#10154 = DIRECTION ( 'NONE',  ( -0.7071067811865474617, 0.000000000000000000, 0.7071067811865476838 ) ) ;
#10155 = CARTESIAN_POINT ( 'NONE',  ( -6.938893903907228378E-15, 64.50000000000000000, -48.08326112068525049 ) ) ;
#10156 = CARTESIAN_POINT ( 'NONE',  ( 60.05793892680053858, 0.000000000000000000, 36.72341514764446657 ) ) ;
#10157 = EDGE_CURVE ( 'NONE', #10240, #10490, #7500, .T. ) ;
#10158 = STYLED_ITEM ( 'NONE', ( #4726 ), #4741 ) ;
#10159 = CARTESIAN_POINT ( 'NONE',  ( -41.72717374906297749, 117.6773437518399561, -40.28779506732912807 ) ) ;
#10160 = LINE ( 'NONE', #8901, #1812 ) ;
#10161 = PLANE ( 'NONE',  #2086 ) ;
#10162 = ORIENTED_EDGE ( 'NONE', *, *, #8771, .T. ) ;
#10163 = LINE ( 'NONE', #3787, #2625 ) ;
#10164 = DIRECTION ( 'NONE',  ( 1.000000000000000000, -1.443099686290235483E-16, 0.000000000000000000 ) ) ;
#10165 = CARTESIAN_POINT ( 'NONE',  ( -70.77077557342505543, 117.6798023100240442, 17.90423097312351075 ) ) ;
#10166 = CARTESIAN_POINT ( 'NONE',  ( 4.837354856632032238E-16, 92.49999999999998579, -67.86067609231115227 ) ) ;
#10167 = DIRECTION ( 'NONE',  ( 0.000000000000000000, 1.000000000000000000, 0.000000000000000000 ) ) ;
#10168 = DIRECTION ( 'NONE',  ( -0.000000000000000000, -1.000000000000000000, -0.000000000000000000 ) ) ;
#10169 = LINE ( 'NONE', #4551, #10589 ) ;
#10170 = CARTESIAN_POINT ( 'NONE',  ( -16.56028247341307136, 124.6424999773143867, 71.09713984599437708 ) ) ;
#10171 = VERTEX_POINT ( 'NONE', #3240 ) ;
#10172 = CARTESIAN_POINT ( 'NONE',  ( 51.80020334556471084, 125.4502621270700899, 51.43740532969999180 ) ) ;
#10173 = DIRECTION ( 'NONE',  ( 0.000000000000000000, 1.000000000000000000, 0.000000000000000000 ) ) ;
#10174 = CARTESIAN_POINT ( 'NONE',  ( -40.10520852411291770, 125.2451595926347636, -41.90405744992682457 ) ) ;
#10175 = SURFACE_STYLE_FILL_AREA ( #8187 ) ;
#10176 = CARTESIAN_POINT ( 'NONE',  ( -53.81076957008285433, 72.00000000000000000, -3.606188105837799807 ) ) ;
#10177 = DIRECTION ( 'NONE',  ( 0.000000000000000000, 0.000000000000000000, 1.000000000000000000 ) ) ;
#10178 = ADVANCED_FACE ( 'NONE', ( #8295 ), #3287, .T. ) ;
#10179 = VECTOR ( 'NONE', #5068, 1000.000000000000000 ) ;
#10180 = DIRECTION ( 'NONE',  ( 0.000000000000000000, -0.000000000000000000, 1.000000000000000000 ) ) ;
#10181 = DIRECTION ( 'NONE',  ( -3.838426034038494774E-15, 0.000000000000000000, -1.000000000000000000 ) ) ;
#10182 = FACE_OUTER_BOUND ( 'NONE', #6039, .T. ) ;
#10183 = DIRECTION ( 'NONE',  ( 0.000000000000000000, 0.000000000000000000, -1.000000000000000000 ) ) ;
#10184 = EDGE_CURVE ( 'NONE', #9978, #10389, #5537, .T. ) ;
#10185 = CARTESIAN_POINT ( 'NONE',  ( 43.64362644299431793, 120.4775616639151252, 38.23923090310941575 ) ) ;
#10186 = FACE_OUTER_BOUND ( 'NONE', #9051, .T. ) ;
#10187 = EDGE_CURVE ( 'NONE', #10640, #9859, #3291, .T. ) ;
#10188 = CARTESIAN_POINT ( 'NONE',  ( -48.08326112068525049, 33.00000000000000000, -3.469446951953614189E-14 ) ) ;
#10189 = CARTESIAN_POINT ( 'NONE',  ( -69.51149047890055499, 119.7485105003271713, 22.29714214603608724 ) ) ;
#10190 = CARTESIAN_POINT ( 'NONE',  ( 38.44495981018842912, 123.2549693066252985, 43.45775093411705825 ) ) ;
#10191 = DIRECTION ( 'NONE',  ( 0.000000000000000000, 1.000000000000000000, 0.000000000000000000 ) ) ;
#10192 = PRESENTATION_LAYER_ASSIGNMENT (  '', '', ( #6035 ) ) ;
#10193 = CARTESIAN_POINT ( 'NONE',  ( -20.57675085431533546, 0.000000000000000000, -67.95290519381374850 ) ) ;
#10194 = LINE ( 'NONE', #10523, #5833 ) ;
#10195 = CARTESIAN_POINT ( 'NONE',  ( -20.58145523199954141, 125.0456951155891545, 70.03899442143620035 ) ) ;
#10196 = COLOUR_RGB ( '',1.000000000000000000, 0.5019607843137254832, 0.7529411764705882248 ) ;
#10197 = DIRECTION ( 'NONE',  ( 0.000000000000000000, 0.000000000000000000, 1.000000000000000000 ) ) ;
#10198 = VECTOR ( 'NONE', #10168, 1000.000000000000000 ) ;
#10199 = UNCERTAINTY_MEASURE_WITH_UNIT (LENGTH_MEASURE( 1.000000000000000082E-05 ), #5772, 'distance_accuracy_value', 'NONE');
#10200 = LINE ( 'NONE', #6031, #5577 ) ;
#10201 = EDGE_CURVE ( 'NONE', #1262, #9827, #2094, .T. ) ;
#10202 = UNCERTAINTY_MEASURE_WITH_UNIT (LENGTH_MEASURE( 1.000000000000000082E-05 ), #5114, 'distance_accuracy_value', 'NONE');
#10203 = ORIENTED_EDGE ( 'NONE', *, *, #9897, .F. ) ;
#10204 = CARTESIAN_POINT ( 'NONE',  ( 49.73763834985016530, 124.4726904690371185, 53.43407489118889941 ) ) ;
#10205 = CARTESIAN_POINT ( 'NONE',  ( -6.000000000000000000, 33.00000000000000000, -64.00694410957875391 ) ) ;
#10206 = CARTESIAN_POINT ( 'NONE',  ( 31.78372441481447197, 0.000000000000000000, 31.78372441481457145 ) ) ;
#10207 = EDGE_CURVE ( 'NONE', #9075, #186, #10575, .T. ) ;
#10208 = CARTESIAN_POINT ( 'NONE',  ( -15.56408052492328764, 119.5214782096002892, 71.32166425132855636 ) ) ;
#10209 = CARTESIAN_POINT ( 'NONE',  ( -15.49279272826810683, 123.5612961437242348, 71.43339129311794977 ) ) ;
#10210 = ORIENTED_EDGE ( 'NONE', *, *, #2700, .F. ) ;
#10211 = EDGE_CURVE ( 'NONE', #276, #4584, #5245, .T. ) ;
#10212 = VECTOR ( 'NONE', #1508, 1000.000000000000000 ) ;
#10213 = FACE_BOUND ( 'NONE', #1002, .T. ) ;
#10214 = ORIENTED_EDGE ( 'NONE', *, *, #7431, .T. ) ;
#10215 = CARTESIAN_POINT ( 'NONE',  ( -42.44673787681925603, 117.9684973922954612, -39.54206009677265854 ) ) ;
#10216 = AXIS2_PLACEMENT_3D ( 'NONE', #4758, #10692, #8082 ) ;
#10217 = SURFACE_STYLE_USAGE ( .BOTH. , #891 ) ;
#10218 = VERTEX_POINT ( 'NONE', #2419 ) ;
#10219 =( NAMED_UNIT ( * ) PLANE_ANGLE_UNIT ( ) SI_UNIT ( $, .RADIAN. ) );
#10220 = ORIENTED_EDGE ( 'NONE', *, *, #5539, .T. ) ;
#10221 = DIRECTION ( 'NONE',  ( 0.000000000000000000, 0.000000000000000000, 1.000000000000000000 ) ) ;
#10222 = VERTEX_POINT ( 'NONE', #9997 ) ;
#10223 = CARTESIAN_POINT ( 'NONE',  ( -38.44422525865548579, 119.7466563133314423, -43.45841671639200143 ) ) ;
#10224 = CYLINDRICAL_SURFACE ( 'NONE', #7631, 5.000000000000004441 ) ;
#10225 = ORIENTED_EDGE ( 'NONE', *, *, #1994, .T. ) ;
#10226 = PLANE ( 'NONE',  #8882 ) ;
#10227 = CARTESIAN_POINT ( 'NONE',  ( -28.70847883796050937, 0.000000000000000000, -28.70847883796031397 ) ) ;
#10228 = EDGE_LOOP ( 'NONE', ( #3242, #8098, #10214, #9702 ) ) ;
#10229 = VERTEX_POINT ( 'NONE', #652 ) ;
#10230 = AXIS2_PLACEMENT_3D ( 'NONE', #7475, #673, #8286 ) ;
#10231 = FILL_AREA_STYLE ('',( #1660 ) ) ;
#10232 = VERTEX_POINT ( 'NONE', #1482 ) ;
#10233 = ORIENTED_EDGE ( 'NONE', *, *, #5684, .T. ) ;
#10234 = DIRECTION ( 'NONE',  ( -0.7071067811865516806, 0.000000000000000000, -0.7071067811865434649 ) ) ;
#10235 = CARTESIAN_POINT ( 'NONE',  ( -69.39528180232369436, 120.9812746648142365, 22.65606916219842759 ) ) ;
#10236 = CARTESIAN_POINT ( 'NONE',  ( 0.000000000000000000, 33.00000000000000000, -64.00694410957875391 ) ) ;
#10237 = CARTESIAN_POINT ( 'NONE',  ( -3.003722647619716867E-13, -6.000000000000000000, 40.57640687119287293 ) ) ;
#10238 = DIRECTION ( 'NONE',  ( 0.000000000000000000, 0.000000000000000000, 1.000000000000000000 ) ) ;
#10239 = CIRCLE ( 'NONE', #552, 3.949999999999989075 ) ;
#10240 = VERTEX_POINT ( 'NONE', #2463 ) ;
#10241 = ORIENTED_EDGE ( 'NONE', *, *, #7233, .F. ) ;
#10242 = ADVANCED_FACE ( 'NONE', ( #5777 ), #4923, .F. ) ;
#10243 = VERTEX_POINT ( 'NONE', #5002 ) ;
#10244 = DIRECTION ( 'NONE',  ( 0.000000000000000000, 0.000000000000000000, 1.000000000000000000 ) ) ;
#10245 = AXIS2_PLACEMENT_3D ( 'NONE', #8812, #3749, #7834 ) ;
#10246 = ORIENTED_EDGE ( 'NONE', *, *, #5311, .T. ) ;
#10247 = ORIENTED_EDGE ( 'NONE', *, *, #9860, .F. ) ;
#10248 = DIRECTION ( 'NONE',  ( 0.000000000000000000, 0.000000000000000000, -1.000000000000000000 ) ) ;
#10249 = VECTOR ( 'NONE', #3264, 1000.000000000000000 ) ;
#10250 = ORIENTED_EDGE ( 'NONE', *, *, #6042, .F. ) ;
#10251 = AXIS2_PLACEMENT_3D ( 'NONE', #799, #6739, #1667 ) ;
#10252 = DIRECTION ( 'NONE',  ( -0.7071067811865475727, 0.000000000000000000, 0.7071067811865475727 ) ) ;
#10253 = DIRECTION ( 'NONE',  ( 0.000000000000000000, 0.000000000000000000, -1.000000000000000000 ) ) ;
#10254 = VERTEX_POINT ( 'NONE', #9114 ) ;
#10255 = DIRECTION ( 'NONE',  ( -3.491481338843133355E-15, 0.000000000000000000, -1.000000000000000000 ) ) ;
#10256 = EDGE_LOOP ( 'NONE', ( #7234, #6668, #4542 ) ) ;
#10257 = VERTEX_POINT ( 'NONE', #10859 ) ;
#10258 = VERTEX_POINT ( 'NONE', #1525 ) ;
#10259 = ORIENTED_EDGE ( 'NONE', *, *, #1771, .F. ) ;
#10261 = COLOUR_RGB ( '',1.000000000000000000, 0.5019607843137254832, 0.7529411764705882248 ) ;
#10260 = CARTESIAN_POINT ( 'NONE',  ( -1.734723475976807094E-14, 66.00000000000000000, 48.08326112068521496 ) ) ;
#10262 = EDGE_CURVE ( 'NONE', #5402, #1797, #6857, .T. ) ;
#10263 = PRESENTATION_STYLE_ASSIGNMENT (( #4838 ) ) ;
#10264 = VERTEX_POINT ( 'NONE', #7449 ) ;
#10265 = EDGE_CURVE ( 'NONE', #77, #6828, #9380, .T. ) ;
#10266 = CARTESIAN_POINT ( 'NONE',  ( 71.42629256347994726, 122.0133761480717709, -15.07605236917185110 ) ) ;
#10267 = VECTOR ( 'NONE', #7869, 1000.000000000000000 ) ;
#10268 = DIRECTION ( 'NONE',  ( 0.000000000000000000, -0.000000000000000000, 1.000000000000000000 ) ) ;
#10269 = ORIENTED_EDGE ( 'NONE', *, *, #865, .F. ) ;
#10270 = ORIENTED_EDGE ( 'NONE', *, *, #7712, .T. ) ;
#10271 = CARTESIAN_POINT ( 'NONE',  ( -17.74832372956893778, 72.00000000000000000, 39.66863394635189621 ) ) ;
#10272 = FACE_BOUND ( 'NONE', #8149, .T. ) ;
#10273 = VECTOR ( 'NONE', #4365, 1000.000000000000114 ) ;
#10274 = VERTEX_POINT ( 'NONE', #9955 ) ;
#10275 = CARTESIAN_POINT ( 'NONE',  ( 38.14350014734867500, 120.4559712708450121, 43.72964371872239298 ) ) ;
#10276 = DIRECTION ( 'NONE',  ( -1.000000000000000000, 0.000000000000000000, 3.838426034038494774E-15 ) ) ;
#10277 = DIRECTION ( 'NONE',  ( 0.000000000000000000, 1.000000000000000000, 0.000000000000000000 ) ) ;
#10278 = EDGE_CURVE ( 'NONE', #7469, #1623, #6335, .T. ) ;
#10279 = COLOUR_RGB ( '',1.000000000000000000, 0.5019607843137254832, 0.7529411764705882248 ) ;
#10280 = ORIENTED_EDGE ( 'NONE', *, *, #7376, .T. ) ;
#10281 = EDGE_LOOP ( 'NONE', ( #7725, #9159, #10113, #6833 ) ) ;
#10282 = AXIS2_PLACEMENT_3D ( 'NONE', #2620, #2584, #10183 ) ;
#10283 = CARTESIAN_POINT ( 'NONE',  ( -15.02265631979615712, 0.000000000000000000, 68.03446766623709152 ) ) ;
#10284 = EDGE_CURVE ( 'NONE', #1909, #5099, #3012, .T. ) ;
#10285 = DIRECTION ( 'NONE',  ( -0.000000000000000000, -1.000000000000000000, -0.000000000000000000 ) ) ;
#10286 = VECTOR ( 'NONE', #4642, 1000.000000000000000 ) ;
#10287 = DIRECTION ( 'NONE',  ( -0.7071067811865472397, 0.000000000000000000, -0.7071067811865479058 ) ) ;
#10288 = CIRCLE ( 'NONE', #3859, 3.949999999999988187 ) ;
#10289 = EDGE_CURVE ( 'NONE', #8553, #1374, #1006, .T. ) ;
#10290 = PRESENTATION_LAYER_ASSIGNMENT (  '', '', ( #8031 ) ) ;
#10291 = DIRECTION ( 'NONE',  ( -0.7071067811865482389, 0.000000000000000000, 0.7071067811865469066 ) ) ;
#10292 = ORIENTED_EDGE ( 'NONE', *, *, #1350, .F. ) ;
#10293 = DIRECTION ( 'NONE',  ( 0.000000000000000000, 0.000000000000000000, 1.000000000000000000 ) ) ;
#10294 = CARTESIAN_POINT ( 'NONE',  ( -62.00694410957888891, 13.00000000000000178, -11.99999999999930722 ) ) ;
#10295 = PRESENTATION_LAYER_ASSIGNMENT (  '', '', ( #9017 ) ) ;
#10296 = LINE ( 'NONE', #5552, #404 ) ;
#10297 = DIRECTION ( 'NONE',  ( 0.000000000000000000, -1.000000000000000000, 0.000000000000000000 ) ) ;
#10298 = VECTOR ( 'NONE', #3856, 1000.000000000000000 ) ;
#10299 = ADVANCED_FACE ( 'NONE', ( #4079 ), #5790, .F. ) ;
#10300 = CARTESIAN_POINT ( 'NONE',  ( -62.20458146424486046, 12.99999999999999822, -11.99999999999974776 ) ) ;
#10301 = ORIENTED_EDGE ( 'NONE', *, *, #6189, .F. ) ;
#10302 = PLANE ( 'NONE',  #1049 ) ;
#10303 = MECHANICAL_DESIGN_GEOMETRIC_PRESENTATION_REPRESENTATION (  '', ( #6897 ), #10878 ) ;
#10304 = CARTESIAN_POINT ( 'NONE',  ( -38.74570131132198725, 119.0885512950216736, -43.18345964117750668 ) ) ;
#10305 = DIRECTION ( 'NONE',  ( -0.7071067811865456854, 0.000000000000000000, 0.7071067811865493491 ) ) ;
#10306 = VECTOR ( 'NONE', #4397, 1000.000000000000000 ) ;
#10307 = SURFACE_SIDE_STYLE ('',( #5501 ) ) ;
#10308 = VECTOR ( 'NONE', #10576, 1000.000000000000000 ) ;
#10309 = ADVANCED_FACE ( 'NONE', ( #9106, #3535, #10561, #2619, #10272 ), #67, .T. ) ;
#10310 = CARTESIAN_POINT ( 'NONE',  ( 53.11749112502207026, 117.9684973922954612, 50.21281334497547988 ) ) ;
#10311 = CARTESIAN_POINT ( 'NONE',  ( -15.02265631979638805, 72.00000000000000000, -64.33446766623706026 ) ) ;
#10312 = CARTESIAN_POINT ( 'NONE',  ( 3.469446951953638249E-15, 72.00000000000000000, 6.938893903907215756E-15 ) ) ;
#10313 = VECTOR ( 'NONE', #95, 1000.000000000000000 ) ;
#10314 = CARTESIAN_POINT ( 'NONE',  ( 0.000000000000000000, 33.00000000000000000, 57.00694410957876812 ) ) ;
#10315 = STYLED_ITEM ( 'NONE', ( #7479 ), #6391 ) ;
#10316 = PRESENTATION_STYLE_ASSIGNMENT (( #6118 ) ) ;
#10317 = PLANE ( 'NONE',  #3083 ) ;
#10318 = CARTESIAN_POINT ( 'NONE',  ( -58.20458146424446255, 31.50276128561049660, -7.999999999999389821 ) ) ;
#10319 = CARTESIAN_POINT ( 'NONE',  ( -5.000000000000007994, 107.4999999999999858, 70.82372483850309663 ) ) ;
#10320 = CARTESIAN_POINT ( 'NONE',  ( 6.938893903907228378E-15, 72.00000000000000000, -3.469446951953614189E-15 ) ) ;
#10321 = DIRECTION ( 'NONE',  ( 0.7071067811865474617, 0.000000000000000000, 0.7071067811865474617 ) ) ;
#10322 = FACE_OUTER_BOUND ( 'NONE', #4677, .T. ) ;
#10323 = VECTOR ( 'NONE', #7067, 1000.000000000000000 ) ;
#10324 = LINE ( 'NONE', #3890, #9533 ) ;
#10325 = LINE ( 'NONE', #6450, #9539 ) ;
#10326 = CARTESIAN_POINT ( 'NONE',  ( 11.99999999999995737, 13.00000000000000178, 0.000000000000000000 ) ) ;
#10327 = CARTESIAN_POINT ( 'NONE',  ( -15.99948632505768664, 117.6802805995851600, 55.75198212044217172 ) ) ;
#10328 = LINE ( 'NONE', #9127, #793 ) ;
#10329 = VECTOR ( 'NONE', #10711, 1000.000000000000000 ) ;
#10330 = SURFACE_SIDE_STYLE ('',( #7808 ) ) ;
#10331 = CARTESIAN_POINT ( 'NONE',  ( -26.58703817043319617, 120.5000000000000000, -45.84898473602143554 ) ) ;
#10332 = DIRECTION ( 'NONE',  ( 0.000000000000000000, 1.000000000000000000, -0.000000000000000000 ) ) ;
#10333 = EDGE_CURVE ( 'NONE', #9734, #2954, #6060, .T. ) ;
#10334 = CARTESIAN_POINT ( 'NONE',  ( 0.000000000000000000, 72.00000000000000000, 0.000000000000000000 ) ) ;
#10335 = FACE_BOUND ( 'NONE', #3612, .T. ) ;
#10336 = EDGE_CURVE ( 'NONE', #5793, #9848, #4466, .T. ) ;
#10337 = LINE ( 'NONE', #10537, #7039 ) ;
#10338 = LINE ( 'NONE', #9685, #8752 ) ;
#10339 = CARTESIAN_POINT ( 'NONE',  ( -64.00694410957885339, 15.00000000000000178, -9.999999999999287681 ) ) ;
#10340 = DIRECTION ( 'NONE',  ( 0.000000000000000000, 1.000000000000000000, 0.000000000000000000 ) ) ;
#10341 = LINE ( 'NONE', #3322, #2544 ) ;
#10342 = VERTEX_POINT ( 'NONE', #5964 ) ;
#10343 = PLANE ( 'NONE',  #5190 ) ;
#10344 = DIRECTION ( 'NONE',  ( 0.000000000000000000, 0.000000000000000000, 1.000000000000000000 ) ) ;
#10345 = AXIS2_PLACEMENT_3D ( 'NONE', #3326, #2542, #7463 ) ;
#10346 = CARTESIAN_POINT ( 'NONE',  ( -1.204972080621668936E-12, -6.000000000000000000, -40.57640687119408796 ) ) ;
#10347 = ADVANCED_FACE ( 'NONE', ( #2742, #2364 ), #5033, .F. ) ;
#10348 = CARTESIAN_POINT ( 'NONE',  ( -5.237222008264708237E-14, 107.4999999999999858, 5.000000000000007994 ) ) ;
#10349 = ORIENTED_EDGE ( 'NONE', *, *, #1826, .T. ) ;
#10350 = CARTESIAN_POINT ( 'NONE',  ( 63.91067609231115654, 107.4999999999999858, 6.694287987874572456E-13 ) ) ;
#10351 = EDGE_CURVE ( 'NONE', #99, #5215, #6718, .T. ) ;
#10352 = DIRECTION ( 'NONE',  ( -1.047444401652940007E-14, 0.000000000000000000, -1.000000000000000000 ) ) ;
#10353 = CYLINDRICAL_SURFACE ( 'NONE', #807, 8.000000000000000000 ) ;
#10354 = VECTOR ( 'NONE', #2222, 999.9999999999998863 ) ;
#10355 = ORIENTED_EDGE ( 'NONE', *, *, #10147, .F. ) ;
#10356 = MECHANICAL_DESIGN_GEOMETRIC_PRESENTATION_REPRESENTATION (  '', ( #3928 ), #5039 ) ;
#10357 =( LENGTH_UNIT ( ) NAMED_UNIT ( * ) SI_UNIT ( .MILLI., .METRE. ) );
#10358 = CARTESIAN_POINT ( 'NONE',  ( 64.00694410957871128, 15.00000000000000178, -10.00000000000026823 ) ) ;
#10359 = ORIENTED_EDGE ( 'NONE', *, *, #4177, .F. ) ;
#10360 = DIRECTION ( 'NONE',  ( -0.000000000000000000, 1.000000000000000000, -0.000000000000000000 ) ) ;
#10361 = ORIENTED_EDGE ( 'NONE', *, *, #2689, .F. ) ;
#10362 = ORIENTED_EDGE ( 'NONE', *, *, #8299, .T. ) ;
#10363 = EDGE_CURVE ( 'NONE', #7879, #973, #1407, .T. ) ;
#10364 = ADVANCED_FACE ( 'NONE', ( #9888, #2484 ), #7585, .T. ) ;
#10365 = CARTESIAN_POINT ( 'NONE',  ( 71.10901641489296310, 125.0238078437618015, -16.91971911365209635 ) ) ;
#10366 = MECHANICAL_DESIGN_GEOMETRIC_PRESENTATION_REPRESENTATION (  '', ( #7534 ), #10950 ) ;
#10367 = FACE_OUTER_BOUND ( 'NONE', #1240, .T. ) ;
#10368 = ORIENTED_EDGE ( 'NONE', *, *, #6521, .F. ) ;
#10369 = DIRECTION ( 'NONE',  ( -0.7071067811865475727, 0.000000000000000000, 0.7071067811865475727 ) ) ;
#10370 = CARTESIAN_POINT ( 'NONE',  ( -51.43212564440008094, 125.4497338060821221, -51.80544551871303582 ) ) ;
#10371 = VERTEX_POINT ( 'NONE', #9386 ) ;
#10372 = CARTESIAN_POINT ( 'NONE',  ( 71.43161982686663691, 121.5000000000000284, -15.05070393403569540 ) ) ;
#10373 = ORIENTED_EDGE ( 'NONE', *, *, #671, .F. ) ;
#10374 = ORIENTED_EDGE ( 'NONE', *, *, #2268, .T. ) ;
#10375 = CARTESIAN_POINT ( 'NONE',  ( 14.75725068014147112, 125.4497349840400489, -56.09181039398882263 ) ) ;
#10376 = CARTESIAN_POINT ( 'NONE',  ( 63.91067609231109969, 107.4999999999999858, 5.000000000000677680 ) ) ;
#10377 = LINE ( 'NONE', #4583, #7077 ) ;
#10378 = ORIENTED_EDGE ( 'NONE', *, *, #8205, .F. ) ;
#10379 = CARTESIAN_POINT ( 'NONE',  ( 11.99999999999995737, 53.00000000000000711, -62.00694410957876102 ) ) ;
#10380 = ORIENTED_EDGE ( 'NONE', *, *, #4704, .F. ) ;
#10381 = STYLED_ITEM ( 'NONE', ( #821 ), #6642 ) ;
#10382 = VERTEX_POINT ( 'NONE', #6748 ) ;
#10383 = PLANE ( 'NONE',  #8066 ) ;
#10384 = DIRECTION ( 'NONE',  ( -1.000000000000000000, 0.000000000000000000, 1.082138871172476148E-14 ) ) ;
#10385 = ORIENTED_EDGE ( 'NONE', *, *, #4388, .T. ) ;
#10386 = CARTESIAN_POINT ( 'NONE',  ( 0.000000000000000000, 110.4999999999999858, 68.91067609231116364 ) ) ;
#10387 =( LENGTH_UNIT ( ) NAMED_UNIT ( * ) SI_UNIT ( .MILLI., .METRE. ) );
#10388 = VERTEX_POINT ( 'NONE', #5067 ) ;
#10389 = VERTEX_POINT ( 'NONE', #10205 ) ;
#10390 = DIRECTION ( 'NONE',  ( 0.000000000000000000, 0.000000000000000000, 1.000000000000000000 ) ) ;
#10391 = CYLINDRICAL_SURFACE ( 'NONE', #2780, 3.949999999999995293 ) ;
#10392 = ORIENTED_EDGE ( 'NONE', *, *, #5738, .T. ) ;
#10393 = CARTESIAN_POINT ( 'NONE',  ( -15.02265631979615712, 0.000000000000000000, 64.33446766623708868 ) ) ;
#10394 = ORIENTED_EDGE ( 'NONE', *, *, #6760, .T. ) ;
#10395 = CARTESIAN_POINT ( 'NONE',  ( 15.17941345301654366, -8.000000000000000000, 52.43361699539105558 ) ) ;
#10396 = AXIS2_PLACEMENT_3D ( 'NONE', #6915, #1997, #1183 ) ;
#10397 = CARTESIAN_POINT ( 'NONE',  ( 0.000000000000000000, 72.00000000000000000, 0.000000000000000000 ) ) ;
#10398 = VECTOR ( 'NONE', #6223, 1000.000000000000000 ) ;
#10399 = CARTESIAN_POINT ( 'NONE',  ( -57.00694410957883917, 28.78955317794421376, -6.802362645333766444 ) ) ;
#10400 = ORIENTED_EDGE ( 'NONE', *, *, #5087, .F. ) ;
#10401 = VERTEX_POINT ( 'NONE', #5182 ) ;
#10402 = DIRECTION ( 'NONE',  ( -0.000000000000000000, -1.000000000000000000, -0.000000000000000000 ) ) ;
#10403 = ORIENTED_EDGE ( 'NONE', *, *, #3838, .F. ) ;
#10404 = DIRECTION ( 'NONE',  ( -0.000000000000000000, -1.000000000000000000, 0.000000000000000000 ) ) ;
#10405 = FILL_AREA_STYLE ('',( #4492 ) ) ;
#10406 = FACE_OUTER_BOUND ( 'NONE', #9173, .T. ) ;
#10407 = VERTEX_POINT ( 'NONE', #109 ) ;
#10408 = CARTESIAN_POINT ( 'NONE',  ( 0.000000000000000000, 16.50000000000000000, -48.08326112068525759 ) ) ;
#10409 = CIRCLE ( 'NONE', #9167, 3.949999999999989075 ) ;
#10410 = CARTESIAN_POINT ( 'NONE',  ( 6.000000000000000000, 33.00000000000000000, -64.00694410957875391 ) ) ;
#10411 = EDGE_LOOP ( 'NONE', ( #2608, #6404, #9441, #9035 ) ) ;
#10412 = ORIENTED_EDGE ( 'NONE', *, *, #10043, .T. ) ;
#10413 = EDGE_CURVE ( 'NONE', #4298, #4011, #7891, .T. ) ;
#10414 = ADVANCED_FACE ( 'NONE', ( #8428 ), #26, .T. ) ;
#10415 = DIRECTION ( 'NONE',  ( 0.000000000000000000, 1.000000000000000000, -0.000000000000000000 ) ) ;
#10416 = EDGE_CURVE ( 'NONE', #3918, #2870, #249, .T. ) ;
#10417 = LINE ( 'NONE', #6834, #9227 ) ;
#10418 = VECTOR ( 'NONE', #1844, 1000.000000000000000 ) ;
#10419 = DIRECTION ( 'NONE',  ( -1.000000000000000000, 0.000000000000000000, 3.838426034038494774E-15 ) ) ;
#10420 = VERTEX_POINT ( 'NONE', #169 ) ;
#10421 = EDGE_CURVE ( 'NONE', #2958, #7509, #874, .T. ) ;
#10422 = CARTESIAN_POINT ( 'NONE',  ( -11.80236264533412438, 13.00000000000000533, -62.00694410957876102 ) ) ;
#10423 = CARTESIAN_POINT ( 'NONE',  ( -43.44604679737152964, 123.5612961437242348, -38.46315934799633851 ) ) ;
#10424 =( NAMED_UNIT ( * ) SI_UNIT ( $, .STERADIAN. ) SOLID_ANGLE_UNIT ( ) );
#10425 = CARTESIAN_POINT ( 'NONE',  ( -25.10229073212241246, 72.00000000000000000, -25.10229073212244089 ) ) ;
#10426 = PRESENTATION_STYLE_ASSIGNMENT (( #8709 ) ) ;
#10427 = CARTESIAN_POINT ( 'NONE',  ( 18.39554902604787046, 117.5761575555906830, -70.64466441274521458 ) ) ;
#10428 = ORIENTED_EDGE ( 'NONE', *, *, #4276, .T. ) ;
#10429 = ORIENTED_EDGE ( 'NONE', *, *, #325, .F. ) ;
#10430 = PRESENTATION_LAYER_ASSIGNMENT (  '', '', ( #4541 ) ) ;
#10431 = ADVANCED_FACE ( 'NONE', ( #3679, #7116 ), #1059, .T. ) ;
#10432 = SURFACE_SIDE_STYLE ('',( #1754 ) ) ;
#10433 = CARTESIAN_POINT ( 'NONE',  ( 0.000000000000000000, 53.00000000000000711, -63.91067609231115654 ) ) ;
#10434 = SURFACE_STYLE_USAGE ( .BOTH. , #6071 ) ;
#10435 =( NAMED_UNIT ( * ) PLANE_ANGLE_UNIT ( ) SI_UNIT ( $, .RADIAN. ) );
#10436 = EDGE_CURVE ( 'NONE', #725, #9224, #1679, .T. ) ;
#10437 = CYLINDRICAL_SURFACE ( 'NONE', #10732, 3.949999999999988187 ) ;
#10438 = AXIS2_PLACEMENT_3D ( 'NONE', #4408, #5301, #7736 ) ;
#10439 = ORIENTED_EDGE ( 'NONE', *, *, #7376, .F. ) ;
#10440 = CARTESIAN_POINT ( 'NONE',  ( 36.72341514764445947, 10.00000000000000000, 13.38889136848839456 ) ) ;
#10441 = EDGE_CURVE ( 'NONE', #8362, #8904, #6984, .T. ) ;
#10442 = CARTESIAN_POINT ( 'NONE',  ( -53.81076957008286143, 0.000000000000000000, 6.434615230584167733 ) ) ;
#10443 = DIRECTION ( 'NONE',  ( -0.000000000000000000, 1.000000000000000000, -0.000000000000000000 ) ) ;
#10444 = EDGE_CURVE ( 'NONE', #9956, #8535, #752, .T. ) ;
#10445 = AXIS2_PLACEMENT_3D ( 'NONE', #1308, #7162, #2918 ) ;
#10446 = VECTOR ( 'NONE', #8122, 1000.000000000000000 ) ;
#10447 = CARTESIAN_POINT ( 'NONE',  ( 0.000000000000000000, 110.4999999999999858, 63.91067609231115654 ) ) ;
#10448 = DIRECTION ( 'NONE',  ( 0.000000000000000000, 0.000000000000000000, 1.000000000000000000 ) ) ;
#10449 = CARTESIAN_POINT ( 'NONE',  ( -56.93717891668082842, 120.9786504998469923, 11.19483935124470442 ) ) ;
#10450 = CARTESIAN_POINT ( 'NONE',  ( -70.82372483850309663, 53.00000000000000711, -5.000000000000254907 ) ) ;
#10451 = VECTOR ( 'NONE', #10924, 1000.000000000000000 ) ;
#10452 = ORIENTED_EDGE ( 'NONE', *, *, #9294, .F. ) ;
#10453 = CARTESIAN_POINT ( 'NONE',  ( 55.75282827137596797, 125.4489532522287902, -16.02218508809016129 ) ) ;
#10454 =( GEOMETRIC_REPRESENTATION_CONTEXT ( 3 ) GLOBAL_UNCERTAINTY_ASSIGNED_CONTEXT ( ( #3980 ) ) GLOBAL_UNIT_ASSIGNED_CONTEXT ( ( #3618, #3608, #5518 ) ) REPRESENTATION_CONTEXT ( 'NONE', 'WORKASPACE' ) );
#10455 = CIRCLE ( 'NONE', #5614, 5.000000000000004441 ) ;
#10456 = CARTESIAN_POINT ( 'NONE',  ( 29.99584399089636477, 0.000000000000000000, 61.38110908717417402 ) ) ;
#10457 = CARTESIAN_POINT ( 'NONE',  ( -48.84558094170831311, 122.5214652262238104, -54.25045480794481279 ) ) ;
#10458 = FACE_OUTER_BOUND ( 'NONE', #10565, .T. ) ;
#10459 = MECHANICAL_DESIGN_GEOMETRIC_PRESENTATION_REPRESENTATION (  '', ( #4005 ), #3081 ) ;
#10460 = DIRECTION ( 'NONE',  ( 0.000000000000000000, 0.000000000000000000, 1.000000000000000000 ) ) ;
#10461 =( GEOMETRIC_REPRESENTATION_CONTEXT ( 3 ) GLOBAL_UNCERTAINTY_ASSIGNED_CONTEXT ( ( #6944 ) ) GLOBAL_UNIT_ASSIGNED_CONTEXT ( ( #9932, #5686, #5610 ) ) REPRESENTATION_CONTEXT ( 'NONE', 'WORKASPACE' ) );
#10462 = CARTESIAN_POINT ( 'NONE',  ( 0.000000000000000000, 93.35786437626902057, 68.91067609231116364 ) ) ;
#10463 = DIRECTION ( 'NONE',  ( 0.7071067811865464625, 0.000000000000000000, -0.7071067811865486830 ) ) ;
#10464 =( NAMED_UNIT ( * ) PLANE_ANGLE_UNIT ( ) SI_UNIT ( $, .RADIAN. ) );
#10465 = CARTESIAN_POINT ( 'NONE',  ( -11.99999999999995737, 53.00000000000000711, 62.00694410957876102 ) ) ;
#10466 = CARTESIAN_POINT ( 'NONE',  ( 22.55859684423887046, 120.4747866318106588, -69.42702886930683803 ) ) ;
#10467 = CIRCLE ( 'NONE', #9674, 5.000000000000004441 ) ;
#10468 = CARTESIAN_POINT ( 'NONE',  ( 6.123233995736779101E-16, 127.5000000000000000, -68.91067609231116364 ) ) ;
#10469 = CARTESIAN_POINT ( 'NONE',  ( 0.000000000000000000, 127.5000000000000000, -58.91067609231115654 ) ) ;
#10470 = EDGE_CURVE ( 'NONE', #5197, #10928, #8164, .T. ) ;
#10471 = CARTESIAN_POINT ( 'NONE',  ( 11.99999999999995737, 53.00000000000000711, -62.00694410957876102 ) ) ;
#10472 = DIRECTION ( 'NONE',  ( -0.000000000000000000, 1.000000000000000000, 0.000000000000000000 ) ) ;
#10473 = AXIS2_PLACEMENT_3D ( 'NONE', #1197, #7931, #1074 ) ;
#10474 = DIRECTION ( 'NONE',  ( -0.000000000000000000, -1.000000000000000000, -0.000000000000000000 ) ) ;
#10475 = CARTESIAN_POINT ( 'NONE',  ( -9.999999999999957367, 51.00000000000000711, 64.00694410957875391 ) ) ;
#10476 = DIRECTION ( 'NONE',  ( 0.7071067811865474617, -0.000000000000000000, 0.7071067811865476838 ) ) ;
#10477 = FILL_AREA_STYLE_COLOUR ( '', #10957 ) ;
#10478 =( NAMED_UNIT ( * ) PLANE_ANGLE_UNIT ( ) SI_UNIT ( $, .RADIAN. ) );
#10479 = CARTESIAN_POINT ( 'NONE',  ( -56.83245426851711102, 119.5188384140986670, 11.68327691179357153 ) ) ;
#10480 = CARTESIAN_POINT ( 'NONE',  ( -63.91067609231115654, 110.4999999999999858, -2.231429329291523816E-13 ) ) ;
#10481 = PRESENTATION_STYLE_ASSIGNMENT (( #927 ) ) ;
#10482 =( GEOMETRIC_REPRESENTATION_CONTEXT ( 3 ) GLOBAL_UNCERTAINTY_ASSIGNED_CONTEXT ( ( #4883 ) ) GLOBAL_UNIT_ASSIGNED_CONTEXT ( ( #6643, #4836, #1571 ) ) REPRESENTATION_CONTEXT ( 'NONE', 'WORKASPACE' ) );
#10483 = FACE_OUTER_BOUND ( 'NONE', #4538, .T. ) ;
#10484 = ADVANCED_FACE ( 'NONE', ( #3145 ), #8829, .F. ) ;
#10485 = FACE_OUTER_BOUND ( 'NONE', #3889, .T. ) ;
#10486 = LINE ( 'NONE', #7373, #6388 ) ;
#10487 = CARTESIAN_POINT ( 'NONE',  ( -11.80236264533390589, 13.00000000000000533, 62.00694410957876102 ) ) ;
#10488 = EDGE_CURVE ( 'NONE', #10274, #10641, #5119, .T. ) ;
#10489 = CARTESIAN_POINT ( 'NONE',  ( -18.79923228518236300, 121.2405117338626468, 54.89806197622042561 ) ) ;
#10490 = VERTEX_POINT ( 'NONE', #2756 ) ;
#10491 = CARTESIAN_POINT ( 'NONE',  ( -53.12711298395510795, 125.0194328563234478, -50.20235048811577627 ) ) ;
#10492 = VECTOR ( 'NONE', #9557, 1000.000000000000000 ) ;
#10493 = LINE ( 'NONE', #6334, #9691 ) ;
#10494 = ORIENTED_EDGE ( 'NONE', *, *, #765, .F. ) ;
#10495 = CARTESIAN_POINT ( 'NONE',  ( 13.30926050148523032, 125.0436656148723671, -56.45833104229588884 ) ) ;
#10496 = EDGE_CURVE ( 'NONE', #2376, #8020, #4330, .T. ) ;
#10497 = CARTESIAN_POINT ( 'NONE',  ( 20.11659563769780945, 117.7552649352297038, -70.17392521513970394 ) ) ;
#10498 = EDGE_LOOP ( 'NONE', ( #10646, #10703 ) ) ;
#10499 = PRESENTATION_LAYER_ASSIGNMENT (  '', '', ( #5958 ) ) ;
#10500 = ORIENTED_EDGE ( 'NONE', *, *, #9855, .F. ) ;
#10501 = EDGE_CURVE ( 'NONE', #10898, #4124, #113, .T. ) ;
#10502 = VERTEX_POINT ( 'NONE', #7001 ) ;
#10503 = CARTESIAN_POINT ( 'NONE',  ( -66.18446766623711142, 72.00000000000000000, 16.87265631979616032 ) ) ;
#10504 = CARTESIAN_POINT ( 'NONE',  ( 45.68847653903531381, 0.000000000000000000, 45.68847653903517880 ) ) ;
#10505 = DIRECTION ( 'NONE',  ( -0.000000000000000000, 1.000000000000000000, 0.000000000000000000 ) ) ;
#10506 = DIRECTION ( 'NONE',  ( -0.000000000000000000, -1.000000000000000000, -0.000000000000000000 ) ) ;
#10507 = EDGE_CURVE ( 'NONE', #4281, #9592, #3943, .T. ) ;
#10508 = ORIENTED_EDGE ( 'NONE', *, *, #3845, .T. ) ;
#10509 = AXIS2_PLACEMENT_3D ( 'NONE', #1080, #6066, #9430 ) ;
#10510 = CARTESIAN_POINT ( 'NONE',  ( -70.82372483850308242, 107.4999999999999858, -5.000000000000254907 ) ) ;
#10511 = ORIENTED_EDGE ( 'NONE', *, *, #2286, .T. ) ;
#10512 = ORIENTED_EDGE ( 'NONE', *, *, #9432, .T. ) ;
#10513 = CARTESIAN_POINT ( 'NONE',  ( -63.91067609231115654, 107.4999999999999858, -2.231429329291523816E-13 ) ) ;
#10514 = VERTEX_POINT ( 'NONE', #10358 ) ;
#10515 = CARTESIAN_POINT ( 'NONE',  ( -69.97856814768357481, 0.000000000000000000, 12.00000000000026112 ) ) ;
#10516 = ORIENTED_EDGE ( 'NONE', *, *, #6229, .F. ) ;
#10517 = AXIS2_PLACEMENT_3D ( 'NONE', #7059, #6209, #1687 ) ;
#10518 = COLOUR_RGB ( '',1.000000000000000000, 1.000000000000000000, 1.000000000000000000 ) ;
#10519 = CARTESIAN_POINT ( 'NONE',  ( -53.81076957008284722, 0.000000000000000000, 3.606188105837963231 ) ) ;
#10520 = CARTESIAN_POINT ( 'NONE',  ( -71.43161982686675060, 121.5000000000000142, 15.05070393403520157 ) ) ;
#10521 = FACE_OUTER_BOUND ( 'NONE', #1252, .T. ) ;
#10522 = ORIENTED_EDGE ( 'NONE', *, *, #10041, .F. ) ;
#10523 = CARTESIAN_POINT ( 'NONE',  ( 0.000000000000000000, 2.327753354443970006E-15, -48.08326112068525759 ) ) ;
#10524 = DIRECTION ( 'NONE',  ( 0.000000000000000000, 0.000000000000000000, 1.000000000000000000 ) ) ;
#10525 = CARTESIAN_POINT ( 'NONE',  ( -20.90160163012697225, 125.0238078437617730, 70.04207421024794655 ) ) ;
#10526 = VERTEX_POINT ( 'NONE', #9584 ) ;
#10527 = VERTEX_POINT ( 'NONE', #5336 ) ;
#10528 = EDGE_CURVE ( 'NONE', #3422, #6300, #1142, .T. ) ;
#10529 = PLANE ( 'NONE',  #1354 ) ;
#10530 = AXIS2_PLACEMENT_3D ( 'NONE', #8396, #3339, #835 ) ;
#10531 = VERTEX_POINT ( 'NONE', #8594 ) ;
#10532 = VERTEX_POINT ( 'NONE', #3533 ) ;
#10533 = CARTESIAN_POINT ( 'NONE',  ( 0.000000000000000000, 0.000000000000000000, 0.000000000000000000 ) ) ;
#10534 = CYLINDRICAL_SURFACE ( 'NONE', #5257, 1.850000000000004530 ) ;
#10535 = ORIENTED_EDGE ( 'NONE', *, *, #8139, .F. ) ;
#10536 = CARTESIAN_POINT ( 'NONE',  ( -6.938893903907228378E-15, 49.50000000000000000, -48.08326112068525759 ) ) ;
#10537 = CARTESIAN_POINT ( 'NONE',  ( -11.99999999999995737, 72.00000000000000000, 69.97856814768363165 ) ) ;
#10538 = CARTESIAN_POINT ( 'NONE',  ( 48.39067703722250258, 10.00000000000000000, 48.39067703722250258 ) ) ;
#10539 = ORIENTED_EDGE ( 'NONE', *, *, #9144, .F. ) ;
#10540 = FILL_AREA_STYLE ('',( #7935 ) ) ;
#10541 = DIRECTION ( 'NONE',  ( 0.000000000000000000, 1.000000000000000000, 0.000000000000000000 ) ) ;
#10542 = VERTEX_POINT ( 'NONE', #1148 ) ;
#10543 = ORIENTED_EDGE ( 'NONE', *, *, #9697, .T. ) ;
#10544 = ORIENTED_EDGE ( 'NONE', *, *, #27, .T. ) ;
#10545 = CARTESIAN_POINT ( 'NONE',  ( 16.55474068452502578, 118.3615628034691696, -71.09843335855144630 ) ) ;
#10546 = PRESENTATION_STYLE_ASSIGNMENT (( #8986 ) ) ;
#10547 = VECTOR ( 'NONE', #8600, 1000.000000000000000 ) ;
#10548 = ORIENTED_EDGE ( 'NONE', *, *, #9510, .F. ) ;
#10549 = B_SPLINE_CURVE_WITH_KNOTS ( 'NONE', 3,
 ( #1580, #10958, #9943, #9109, #10817, #5726, #1507, #9133, #697, #1552, #7680, #6904, #5922, #7715, #10165, #930, #50, #828, #154, #6878, #4334, #4241, #10124, #971, #1698, #7649, #3478, #5054, #10189, #7613, #17, #10235, #8462, #131 ),
 .UNSPECIFIED., .F., .F.,
 ( 4, 2, 2, 2, 2, 2, 2, 2, 2, 2, 2, 2, 2, 2, 2, 2, 4 ),
 ( 0.01244830183310144042, 0.01322653982068756374, 0.01400477780827368533, 0.01478301579585980866, 0.01556125378344593371, 0.01633949177103205877, 0.01711772975861818383, 0.01789596774620430888, 0.01867420573379043394, 0.01945244372137655900, 0.02023068170896268753, 0.02100891969654881258, 0.02178715768413493764, 0.02256539567172106270, 0.02334363365930718776, 0.02412187164689331281, 0.02490010963447943787 ),
 .UNSPECIFIED. ) ;
#10550 = PRESENTATION_LAYER_ASSIGNMENT (  '', '', ( #9412 ) ) ;
#10551 = ADVANCED_FACE ( 'NONE', ( #10145 ), #3414, .T. ) ;
#10552 = DIRECTION ( 'NONE',  ( 0.000000000000000000, 0.000000000000000000, -1.000000000000000000 ) ) ;
#10553 = DIRECTION ( 'NONE',  ( 0.000000000000000000, 1.000000000000000000, 0.000000000000000000 ) ) ;
#10554 = DIRECTION ( 'NONE',  ( 0.7071067811865479058, 0.000000000000000000, -0.7071067811865472397 ) ) ;
#10555 = CARTESIAN_POINT ( 'NONE',  ( 0.000000000000000000, 51.00000000000000711, 0.000000000000000000 ) ) ;
#10556 = LINE ( 'NONE', #651, #4325 ) ;
#10557 = EDGE_LOOP ( 'NONE', ( #5062, #8995 ) ) ;
#10558 = CARTESIAN_POINT ( 'NONE',  ( 63.91067609231115654, 53.00000000000000711, 6.694287987874572456E-13 ) ) ;
#10559 = ORIENTED_EDGE ( 'NONE', *, *, #6454, .T. ) ;
#10560 = DIRECTION ( 'NONE',  ( 0.000000000000000000, 0.000000000000000000, 1.000000000000000000 ) ) ;
#10561 = FACE_BOUND ( 'NONE', #5089, .T. ) ;
#10562 = UNCERTAINTY_MEASURE_WITH_UNIT (LENGTH_MEASURE( 1.000000000000000082E-05 ), #7199, 'distance_accuracy_value', 'NONE');
#10563 = CYLINDRICAL_SURFACE ( 'NONE', #7051, 5.000000000000007994 ) ;
#10564 = AXIS2_PLACEMENT_3D ( 'NONE', #906, #2667, #10244 ) ;
#10565 = EDGE_LOOP ( 'NONE', ( #3523, #4728, #120, #9834 ) ) ;
#10566 = CARTESIAN_POINT ( 'NONE',  ( 55.95782830243111761, 117.5498599564599118, -15.25736200766947093 ) ) ;
#10567 = VECTOR ( 'NONE', #314, 1000.000000000000000 ) ;
#10568 = DIRECTION ( 'NONE',  ( 0.000000000000000000, 1.000000000000000000, 0.000000000000000000 ) ) ;
#10569 = DIRECTION ( 'NONE',  ( 0.000000000000000000, 1.000000000000000000, 0.000000000000000000 ) ) ;
#10570 = ORIENTED_EDGE ( 'NONE', *, *, #831, .T. ) ;
#10571 = ORIENTED_EDGE ( 'NONE', *, *, #1988, .T. ) ;
#10572 = CARTESIAN_POINT ( 'NONE',  ( 24.04163056034260038, 33.00000000000000000, 24.04163056034261103 ) ) ;
#10573 = ADVANCED_FACE ( 'NONE', ( #10827 ), #8811, .F. ) ;
#10574 = MANIFOLD_SOLID_BREP ( '¶ñ®Æ-¦ùªø1[5]', #9362 ) ;
#10575 = CIRCLE ( 'NONE', #9248, 73.00000000000001421 ) ;
#10576 = DIRECTION ( 'NONE',  ( 0.000000000000000000, 1.000000000000000000, 0.000000000000000000 ) ) ;
#10577 = FACE_OUTER_BOUND ( 'NONE', #5666, .T. ) ;
#10578 = EDGE_CURVE ( 'NONE', #5111, #1626, #6459, .T. ) ;
#10579 = ORIENTED_EDGE ( 'NONE', *, *, #1113, .T. ) ;
#10580 = CARTESIAN_POINT ( 'NONE',  ( -11.95996636964946980, 119.0926397307464413, 56.77150465520583822 ) ) ;
#10581 = CARTESIAN_POINT ( 'NONE',  ( 71.40486913221485565, 120.4747866318107299, -15.17719649381092495 ) ) ;
#10582 = EDGE_CURVE ( 'NONE', #4214, #3422, #9621, .T. ) ;
#10583 = FILL_AREA_STYLE_COLOUR ( '', #8359 ) ;
#10584 = CARTESIAN_POINT ( 'NONE',  ( -42.42640687119286014, -6.000000000000000000, 1.849999999999549116 ) ) ;
#10585 = FILL_AREA_STYLE_COLOUR ( '', #10279 ) ;
#10586 = LINE ( 'NONE', #7256, #2374 ) ;
#10587 = CARTESIAN_POINT ( 'NONE',  ( -66.18446766623713984, 72.00000000000000000, -15.02265631979592619 ) ) ;
#10588 = MECHANICAL_DESIGN_GEOMETRIC_PRESENTATION_REPRESENTATION (  '', ( #6035 ), #158 ) ;
#10589 = VECTOR ( 'NONE', #3742, 1000.000000000000000 ) ;
#10590 = ORIENTED_EDGE ( 'NONE', *, *, #2000, .F. ) ;
#10591 = CARTESIAN_POINT ( 'NONE',  ( -15.05070418153081668, 121.4985874826542016, 71.43161977471918078 ) ) ;
#10592 = CARTESIAN_POINT ( 'NONE',  ( -23.68807716974934863, 0.000000000000000000, -23.68807716974938771 ) ) ;
#10593 = CARTESIAN_POINT ( 'NONE',  ( 55.75753155952281759, 117.5494486574988855, -16.00496627982006004 ) ) ;
#10594 = CARTESIAN_POINT ( 'NONE',  ( 5.000000000000015099, 107.4999999999999858, 5.356552773070933084E-16 ) ) ;
#10595 = EDGE_CURVE ( 'NONE', #10274, #3155, #7254, .T. ) ;
#10596 = DIRECTION ( 'NONE',  ( 0.000000000000000000, -1.000000000000000000, 0.000000000000000000 ) ) ;
#10597 = AXIS2_PLACEMENT_3D ( 'NONE', #4378, #994, #10293 ) ;
#10598 = COLOUR_RGB ( '',1.000000000000000000, 0.5019607843137254832, 0.7529411764705882248 ) ;
#10599 = CARTESIAN_POINT ( 'NONE',  ( 63.91067609231115654, 127.5000000000000000, -4.999999999999338307 ) ) ;
#10600 = VECTOR ( 'NONE', #2879, 1000.000000000000000 ) ;
#10601 = CARTESIAN_POINT ( 'NONE',  ( -1.204972080621668936E-12, 127.5010000000000048, -42.42640687119408227 ) ) ;
#10602 = EDGE_CURVE ( 'NONE', #7846, #276, #10697, .T. ) ;
#10603 = AXIS2_PLACEMENT_3D ( 'NONE', #5832, #2518, #8424 ) ;
#10604 = CARTESIAN_POINT ( 'NONE',  ( 66.18446766623711142, 0.000000000000000000, -15.02265631979615712 ) ) ;
#10605 = CYLINDRICAL_SURFACE ( 'NONE', #6611, 5.000000000000004441 ) ;
#10606 = ADVANCED_FACE ( 'NONE', ( #2352 ), #2120, .F. ) ;
#10607 = DIRECTION ( 'NONE',  ( -1.000000000000000000, 0.000000000000000000, -3.598612394304551938E-15 ) ) ;
#10608 = AXIS2_PLACEMENT_3D ( 'NONE', #319, #4453, #3597 ) ;
#10609 = CARTESIAN_POINT ( 'NONE',  ( -11.19418356382754887, 120.9840231386868084, 56.93731714693922186 ) ) ;
#10610 = CIRCLE ( 'NONE', #5672, 71.00000000000001421 ) ;
#10611 = CARTESIAN_POINT ( 'NONE',  ( 69.97473857288358090, 118.0746255650937542, -20.79862079150566601 ) ) ;
#10612 = AXIS2_PLACEMENT_3D ( 'NONE', #3670, #10553, #392 ) ;
#10613 = DIRECTION ( 'NONE',  ( -1.040834085586084257E-14, 0.000000000000000000, -1.000000000000000000 ) ) ;
#10614 = VECTOR ( 'NONE', #3860, 1000.000000000000000 ) ;
#10615 = PLANE ( 'NONE',  #7803 ) ;
#10616 = ADVANCED_FACE ( 'NONE', ( #6846, #9766 ), #5531, .T. ) ;
#10617 = FACE_OUTER_BOUND ( 'NONE', #8532, .T. ) ;
#10618 = DIRECTION ( 'NONE',  ( 0.000000000000000000, 0.000000000000000000, 1.000000000000000000 ) ) ;
#10619 = LINE ( 'NONE', #2489, #2669 ) ;
#10620 = AXIS2_PLACEMENT_3D ( 'NONE', #3417, #9322, #4240 ) ;
#10621 = CARTESIAN_POINT ( 'NONE',  ( 71.43309389673541432, 119.4352849012581856, -15.49464827579870452 ) ) ;
#10622 = DIRECTION ( 'NONE',  ( 1.071310554614183363E-16, 0.000000000000000000, -1.000000000000000000 ) ) ;
#10623 = CARTESIAN_POINT ( 'NONE',  ( 54.11673517418062573, 123.5612961437242348, 49.13384772480543461 ) ) ;
#10624 = CARTESIAN_POINT ( 'NONE',  ( -42.42640687119286014, 127.5010000000000048, -4.487298322847499863E-13 ) ) ;
#10625 = VERTEX_POINT ( 'NONE', #2041 ) ;
#10626 = DIRECTION ( 'NONE',  ( -0.000000000000000000, 1.000000000000000000, -0.000000000000000000 ) ) ;
#10627 = VECTOR ( 'NONE', #7182, 1000.000000000000000 ) ;
#10628 = ADVANCED_FACE ( 'NONE', ( #8560 ), #2472, .F. ) ;
#10629 = VECTOR ( 'NONE', #6101, 1000.000000000000000 ) ;
#10630 = CIRCLE ( 'NONE', #7293, 1.849999999999997424 ) ;
#10631 = VERTEX_POINT ( 'NONE', #8765 ) ;
#10632 = FILL_AREA_STYLE_COLOUR ( '', #3189 ) ;
#10633 =( NAMED_UNIT ( * ) SI_UNIT ( $, .STERADIAN. ) SOLID_ANGLE_UNIT ( ) );
#10634 = CARTESIAN_POINT ( 'NONE',  ( 15.05070418153031397, 121.4985874826542016, -71.43161977471926605 ) ) ;
#10635 = EDGE_CURVE ( 'NONE', #2586, #10527, #1946, .T. ) ;
#10636 = ORIENTED_EDGE ( 'NONE', *, *, #7119, .T. ) ;
#10637 =( NAMED_UNIT ( * ) PLANE_ANGLE_UNIT ( ) SI_UNIT ( $, .RADIAN. ) );
#10638 = EDGE_CURVE ( 'NONE', #9592, #512, #380, .T. ) ;
#10639 = PRESENTATION_STYLE_ASSIGNMENT (( #6663 ) ) ;
#10640 = VERTEX_POINT ( 'NONE', #6372 ) ;
#10641 = VERTEX_POINT ( 'NONE', #4601 ) ;
#10642 = CARTESIAN_POINT ( 'NONE',  ( -5.000000000000007994, 107.4999999999999858, 0.000000000000000000 ) ) ;
#10643 = EDGE_LOOP ( 'NONE', ( #3256, #8104, #1906, #3674 ) ) ;
#10644 = CARTESIAN_POINT ( 'NONE',  ( -48.81418852415776399, 121.5000000000000000, -54.40033209553151750 ) ) ;
#10645 = DIRECTION ( 'NONE',  ( 0.000000000000000000, 0.000000000000000000, -1.000000000000000000 ) ) ;
#10646 = ORIENTED_EDGE ( 'NONE', *, *, #8448, .T. ) ;
#10647 = DIRECTION ( 'NONE',  ( 0.000000000000000000, 0.000000000000000000, 1.000000000000000000 ) ) ;
#10648 = EDGE_CURVE ( 'NONE', #2602, #3232, #2139, .T. ) ;
#10649 = VECTOR ( 'NONE', #10474, 1000.000000000000000 ) ;
#10650 = EDGE_LOOP ( 'NONE', ( #5352, #5982, #6432, #948 ) ) ;
#10651 = CARTESIAN_POINT ( 'NONE',  ( -11.66726188957804311, 10.00000000000000000, 11.66726188957804311 ) ) ;
#10652 = AXIS2_PLACEMENT_3D ( 'NONE', #4983, #2517, #5799 ) ;
#10653 = EDGE_CURVE ( 'NONE', #10254, #3835, #1169, .T. ) ;
#10654 = EDGE_LOOP ( 'NONE', ( #3080, #8826, #114, #6032 ) ) ;
#10655 = CARTESIAN_POINT ( 'NONE',  ( -15.69263254813893482, 10.00000000000000000, 15.69263254813896680 ) ) ;
#10656 = ADVANCED_FACE ( 'NONE', ( #3941 ), #10674, .T. ) ;
#10657 = CARTESIAN_POINT ( 'NONE',  ( -63.91067609231115654, 127.5000000000000000, -2.231429329291523816E-13 ) ) ;
#10658 = CARTESIAN_POINT ( 'NONE',  ( 11.58704970648808974, 123.5612961437242348, -56.85695989452947430 ) ) ;
#10659 = DIRECTION ( 'NONE',  ( 1.000000000000000000, 0.000000000000000000, -3.491481338843133355E-15 ) ) ;
#10660 = ORIENTED_EDGE ( 'NONE', *, *, #8240, .F. ) ;
#10661 = EDGE_LOOP ( 'NONE', ( #8912, #2337, #939, #4078 ) ) ;
#10662 = EDGE_CURVE ( 'NONE', #8565, #7057, #8968, .T. ) ;
#10663 = LINE ( 'NONE', #9039, #204 ) ;
#10664 = VERTEX_POINT ( 'NONE', #4637 ) ;
#10665 = CARTESIAN_POINT ( 'NONE',  ( -12.00000000000050449, 72.00000000000000000, -69.97856814768353217 ) ) ;
#10666 = ORIENTED_EDGE ( 'NONE', *, *, #3788, .T. ) ;
#10667 = DIRECTION ( 'NONE',  ( 0.000000000000000000, -1.000000000000000000, 0.000000000000000000 ) ) ;
#10668 = ORIENTED_EDGE ( 'NONE', *, *, #4252, .F. ) ;
#10669 = VERTEX_POINT ( 'NONE', #7405 ) ;
#10670 = ORIENTED_EDGE ( 'NONE', *, *, #3194, .F. ) ;
#10671 = AXIS2_PLACEMENT_3D ( 'NONE', #5427, #6228, #3688 ) ;
#10672 = ORIENTED_EDGE ( 'NONE', *, *, #9294, .T. ) ;
#10673 = CARTESIAN_POINT ( 'NONE',  ( -1.204745520963826659E-12, 0.000000000000000000, -44.27640687119407659 ) ) ;
#10674 = PLANE ( 'NONE',  #1945 ) ;
#10675 = CARTESIAN_POINT ( 'NONE',  ( 17.19993267813674720, 125.0479496558190249, -70.94518825765081260 ) ) ;
#10676 = CARTESIAN_POINT ( 'NONE',  ( 48.75010186514685984, 121.5000000000000000, 54.33624543652059913 ) ) ;
#10677 = COLOUR_RGB ( '',1.000000000000000000, 0.5019607843137254832, 0.7529411764705882248 ) ;
#10678 = CIRCLE ( 'NONE', #3706, 1.849999999999997424 ) ;
#10679 = ORIENTED_EDGE ( 'NONE', *, *, #4557, .F. ) ;
#10680 = ADVANCED_FACE ( 'NONE', ( #9773 ), #3116, .F. ) ;
#10681 = CARTESIAN_POINT ( 'NONE',  ( 55.14118421434488226, 123.9273460833432523, -18.04451482592158840 ) ) ;
#10682 = VERTEX_POINT ( 'NONE', #5587 ) ;
#10683 = ORIENTED_EDGE ( 'NONE', *, *, #2685, .T. ) ;
#10684 = ORIENTED_EDGE ( 'NONE', *, *, #6613, .F. ) ;
#10685 = VECTOR ( 'NONE', #4395, 1000.000000000000000 ) ;
#10686 = CARTESIAN_POINT ( 'NONE',  ( 70.24086328644986565, 117.6790451270220643, -19.88179968547581922 ) ) ;
#10687 = ORIENTED_EDGE ( 'NONE', *, *, #8875, .T. ) ;
#10688 = FILL_AREA_STYLE_COLOUR ( '', #3321 ) ;
#10689 = DIRECTION ( 'NONE',  ( 0.000000000000000000, 0.000000000000000000, -1.000000000000000000 ) ) ;
#10690 = EDGE_CURVE ( 'NONE', #992, #5844, #3687, .T. ) ;
#10691 = CARTESIAN_POINT ( 'NONE',  ( -56.61386078057946492, 124.6580409007128907, 12.65649945758337935 ) ) ;
#10692 = DIRECTION ( 'NONE',  ( 0.000000000000000000, -1.000000000000000000, 0.000000000000000000 ) ) ;
#10693 = ORIENTED_EDGE ( 'NONE', *, *, #7663, .F. ) ;
#10694 = ORIENTED_EDGE ( 'NONE', *, *, #8506, .T. ) ;
#10695 = AXIS2_PLACEMENT_3D ( 'NONE', #9947, #2408, #702 ) ;
#10696 = CARTESIAN_POINT ( 'NONE',  ( 0.000000000000000000, 107.4999999999999858, -63.91067609231115654 ) ) ;
#10697 = LINE ( 'NONE', #365, #9093 ) ;
#10698 = EDGE_LOOP ( 'NONE', ( #9695, #4569 ) ) ;
#10699 = DIRECTION ( 'NONE',  ( -1.000000000000000000, 0.000000000000000000, 1.047444401652940007E-14 ) ) ;
#10700 = CARTESIAN_POINT ( 'NONE',  ( 0.000000000000000000, 12.99999999999999822, 0.000000000000000000 ) ) ;
#10701 = PRESENTATION_STYLE_ASSIGNMENT (( #2844 ) ) ;
#10702 = ORIENTED_EDGE ( 'NONE', *, *, #9635, .T. ) ;
#10703 = ORIENTED_EDGE ( 'NONE', *, *, #762, .T. ) ;
#10704 =( GEOMETRIC_REPRESENTATION_CONTEXT ( 3 ) GLOBAL_UNCERTAINTY_ASSIGNED_CONTEXT ( ( #8820 ) ) GLOBAL_UNIT_ASSIGNED_CONTEXT ( ( #9065, #1184, #8182 ) ) REPRESENTATION_CONTEXT ( 'NONE', 'WORKASPACE' ) );
#10705 = DIRECTION ( 'NONE',  ( 0.000000000000000000, 0.000000000000000000, 1.000000000000000000 ) ) ;
#10706 = UNCERTAINTY_MEASURE_WITH_UNIT (LENGTH_MEASURE( 1.000000000000000082E-05 ), #9324, 'distance_accuracy_value', 'NONE');
#10707 = CIRCLE ( 'NONE', #9392, 71.00000000000001421 ) ;
#10708 = FILL_AREA_STYLE_COLOUR ( '', #7809 ) ;
#10709 = CARTESIAN_POINT ( 'NONE',  ( -24.04163056034263235, 66.00000000000000000, -24.04163056034264301 ) ) ;
#10710 = CARTESIAN_POINT ( 'NONE',  ( 21.40644710856488686, 124.4726904690371612, -69.79109578080779386 ) ) ;
#10711 = DIRECTION ( 'NONE',  ( -0.000000000000000000, -1.000000000000000000, -0.000000000000000000 ) ) ;
#10712 = ORIENTED_EDGE ( 'NONE', *, *, #5176, .F. ) ;
#10713 = CARTESIAN_POINT ( 'NONE',  ( 49.35125115495439019, 119.0905420012695544, 53.79102463432372616 ) ) ;
#10714 = LINE ( 'NONE', #5719, #8444 ) ;
#10715 = ADVANCED_FACE ( 'NONE', ( #2754 ), #5662, .F. ) ;
#10716 = CARTESIAN_POINT ( 'NONE',  ( -56.94273243253066852, 121.5000000000000142, 11.16841825749757078 ) ) ;
#10717 = EDGE_CURVE ( 'NONE', #7842, #1100, #6763, .T. ) ;
#10718 = VECTOR ( 'NONE', #10554, 999.9999999999998863 ) ;
#10719 = FACE_OUTER_BOUND ( 'NONE', #4017, .T. ) ;
#10720 = CARTESIAN_POINT ( 'NONE',  ( 71.26001940639606858, 119.0905420012695402, -15.84392489157442441 ) ) ;
#10721 = EDGE_LOOP ( 'NONE', ( #4920, #7360 ) ) ;
#10722 = EDGE_CURVE ( 'NONE', #10171, #6286, #10325, .T. ) ;
#10723 = CARTESIAN_POINT ( 'NONE',  ( 11.99999999999995737, 0.000000000000000000, -69.97856814768363165 ) ) ;
#10724 = DIRECTION ( 'NONE',  ( -0.000000000000000000, 1.000000000000000000, -0.000000000000000000 ) ) ;
#10725 = ADVANCED_FACE ( 'NONE', ( #2663 ), #6558, .F. ) ;
#10726 = LINE ( 'NONE', #3319, #2126 ) ;
#10727 = CARTESIAN_POINT ( 'NONE',  ( -1.204972080621668936E-12, 107.4999999999999858, -42.42640687119408227 ) ) ;
#10728 = DIRECTION ( 'NONE',  ( 0.7071067811865479058, 0.000000000000000000, -0.7071067811865472397 ) ) ;
#10729 = DIRECTION ( 'NONE',  ( 0.000000000000000000, 1.000000000000000000, 0.000000000000000000 ) ) ;
#10730 = EDGE_CURVE ( 'NONE', #4339, #4273, #10054, .T. ) ;
#10731 = DIRECTION ( 'NONE',  ( 0.000000000000000000, 0.000000000000000000, 1.000000000000000000 ) ) ;
#10732 = AXIS2_PLACEMENT_3D ( 'NONE', #3360, #7531, #5863 ) ;
#10733 = CARTESIAN_POINT ( 'NONE',  ( -16.23737401129987390, 125.2451595926017660, 55.68415813089503530 ) ) ;
#10734 = SURFACE_STYLE_FILL_AREA ( #7880 ) ;
#10735 = EDGE_CURVE ( 'NONE', #839, #7711, #7812, .T. ) ;
#10736 = PRESENTATION_LAYER_ASSIGNMENT (  '', '', ( #10158 ) ) ;
#10737 = CIRCLE ( 'NONE', #6993, 71.00000000000001421 ) ;
#10738 =( LENGTH_UNIT ( ) NAMED_UNIT ( * ) SI_UNIT ( .MILLI., .METRE. ) );
#10739 = CARTESIAN_POINT ( 'NONE',  ( 63.91067609231115654, 107.4989999999999810, 3.950000000000658762 ) ) ;
#10740 = CARTESIAN_POINT ( 'NONE',  ( 22.65690194125241064, 122.0133761480717141, -69.39501004269912698 ) ) ;
#10741 = CARTESIAN_POINT ( 'NONE',  ( 54.19885265252375461, 120.2266437635191210, 48.90290612661829073 ) ) ;
#10742 = LINE ( 'NONE', #6135, #4645 ) ;
#10743 = FACE_BOUND ( 'NONE', #4411, .T. ) ;
#10744 = CARTESIAN_POINT ( 'NONE',  ( -57.79494960793634561, 35.93735173431683450, -7.590368143691275549 ) ) ;
#10745 = CARTESIAN_POINT ( 'NONE',  ( 63.91067609231115654, 110.4999999999999858, -3.949999999999319389 ) ) ;
#10746 = AXIS2_PLACEMENT_3D ( 'NONE', #517, #293, #3874 ) ;
#10747 = DIRECTION ( 'NONE',  ( -0.000000000000000000, -1.000000000000000000, -0.000000000000000000 ) ) ;
#10748 = VECTOR ( 'NONE', #9135, 1000.000000000000000 ) ;
#10749 = DIRECTION ( 'NONE',  ( -3.469446951953614189E-15, 0.000000000000000000, -1.000000000000000000 ) ) ;
#10750 = FACE_OUTER_BOUND ( 'NONE', #7498, .T. ) ;
#10751 = CARTESIAN_POINT ( 'NONE',  ( -56.83210092867063423, 123.4836219571394338, 11.68489228124817636 ) ) ;
#10752 = VERTEX_POINT ( 'NONE', #2307 ) ;
#10753 = ADVANCED_FACE ( 'NONE', ( #6762 ), #4851, .F. ) ;
#10754 = CARTESIAN_POINT ( 'NONE',  ( 22.70499905153957698, 120.4559712708449837, -69.47458199078093344 ) ) ;
#10755 = FILL_AREA_STYLE_COLOUR ( '', #6571 ) ;
#10756 = PRESENTATION_LAYER_ASSIGNMENT (  '', '', ( #3957 ) ) ;
#10757 = CARTESIAN_POINT ( 'NONE',  ( 8.541381898081693427E-15, 115.4999999999999858, 69.74567609231115739 ) ) ;
#10758 = VECTOR ( 'NONE', #5023, 1000.000000000000114 ) ;
#10759 = LINE ( 'NONE', #1347, #10354 ) ;
#10760 = ORIENTED_EDGE ( 'NONE', *, *, #10925, .T. ) ;
#10761 = CARTESIAN_POINT ( 'NONE',  ( -48.75010186514685984, 121.5000000000000000, -54.33624543652059913 ) ) ;
#10762 = ORIENTED_EDGE ( 'NONE', *, *, #7024, .T. ) ;
#10763 = ORIENTED_EDGE ( 'NONE', *, *, #8866, .F. ) ;
#10764 = DIRECTION ( 'NONE',  ( -0.000000000000000000, -1.000000000000000000, -0.000000000000000000 ) ) ;
#10765 = ORIENTED_EDGE ( 'NONE', *, *, #8219, .F. ) ;
#10766 = LINE ( 'NONE', #3643, #8633 ) ;
#10767 = DIRECTION ( 'NONE',  ( -0.000000000000000000, -1.000000000000000000, -0.000000000000000000 ) ) ;
#10768 = ORIENTED_EDGE ( 'NONE', *, *, #1693, .F. ) ;
#10769 = DIRECTION ( 'NONE',  ( 0.000000000000000000, 0.000000000000000000, 1.000000000000000000 ) ) ;
#10770 = CARTESIAN_POINT ( 'NONE',  ( 41.90898823278185858, 125.2427145949668841, 40.10010273070785303 ) ) ;
#10771 = CARTESIAN_POINT ( 'NONE',  ( 10.96015510839143303, 72.00000000000000000, 10.96015510839138152 ) ) ;
#10772 = EDGE_CURVE ( 'NONE', #8957, #496, #5571, .T. ) ;
#10773 = PLANE ( 'NONE',  #424 ) ;
#10774 = ORIENTED_EDGE ( 'NONE', *, *, #2138, .F. ) ;
#10775 = CARTESIAN_POINT ( 'NONE',  ( 55.30195723006281128, 124.4718737083642708, -17.52497640293397652 ) ) ;
#10776 = EDGE_LOOP ( 'NONE', ( #8402, #7239, #3124, #9363 ) ) ;
#10777 = EDGE_CURVE ( 'NONE', #10625, #10218, #291, .T. ) ;
#10778 = EDGE_LOOP ( 'NONE', ( #5379, #4147, #6306, #10102 ) ) ;
#10779 = ORIENTED_EDGE ( 'NONE', *, *, #7398, .T. ) ;
#10780 = FACE_BOUND ( 'NONE', #3925, .T. ) ;
#10781 = VECTOR ( 'NONE', #5822, 1000.000000000000000 ) ;
#10782 = ORIENTED_EDGE ( 'NONE', *, *, #5172, .T. ) ;
#10783 = AXIS2_PLACEMENT_3D ( 'NONE', #676, #5842, #2406 ) ;
#10784 = ORIENTED_EDGE ( 'NONE', *, *, #4353, .F. ) ;
#10785 = PLANE ( 'NONE',  #5978 ) ;
#10786 = DIRECTION ( 'NONE',  ( 1.000000000000000000, 0.000000000000000000, 0.000000000000000000 ) ) ;
#10787 = ORIENTED_EDGE ( 'NONE', *, *, #7316, .F. ) ;
#10788 = UNCERTAINTY_MEASURE_WITH_UNIT (LENGTH_MEASURE( 1.000000000000000082E-05 ), #274, 'distance_accuracy_value', 'NONE');
#10789 = CARTESIAN_POINT ( 'NONE',  ( -56.28200566357527634, 125.3213000418481045, 14.02148056280754318 ) ) ;
#10790 = ORIENTED_EDGE ( 'NONE', *, *, #2268, .F. ) ;
#10791 = EDGE_CURVE ( 'NONE', #8899, #9617, #7025, .T. ) ;
#10792 = ORIENTED_EDGE ( 'NONE', *, *, #1634, .F. ) ;
#10793 = CARTESIAN_POINT ( 'NONE',  ( -71.42629256348007516, 122.0133761480718277, 15.07605236917135016 ) ) ;
#10794 = AXIS2_PLACEMENT_3D ( 'NONE', #7386, #4093, #4062 ) ;
#10795 = SURFACE_STYLE_FILL_AREA ( #3442 ) ;
#10796 = CYLINDRICAL_SURFACE ( 'NONE', #1776, 1.849999999999997424 ) ;
#10797 = EDGE_LOOP ( 'NONE', ( #8502, #743 ) ) ;
#10798 = EDGE_CURVE ( 'NONE', #9060, #343, #3328, .T. ) ;
#10799 = DIRECTION ( 'NONE',  ( 0.7071067811865452413, 0.000000000000000000, -0.7071067811865499042 ) ) ;
#10800 = CARTESIAN_POINT ( 'NONE',  ( -70.82372483850312506, 107.4999999999999858, 4.999999999999760192 ) ) ;
#10801 = EDGE_LOOP ( 'NONE', ( #44, #10385, #10362, #7323, #595, #5106, #7851, #2230 ) ) ;
#10802 = LINE ( 'NONE', #7158, #2062 ) ;
#10803 = EDGE_CURVE ( 'NONE', #4972, #468, #8081, .T. ) ;
#10804 = ORIENTED_EDGE ( 'NONE', *, *, #9443, .F. ) ;
#10805 = AXIS2_PLACEMENT_3D ( 'NONE', #4102, #9055, #4986 ) ;
#10806 = CARTESIAN_POINT ( 'NONE',  ( 62.00694410957876102, 33.00000000000000000, -2.164960882372834118E-13 ) ) ;
#10807 = EDGE_LOOP ( 'NONE', ( #1613, #1973, #3816, #8371 ) ) ;
#10808 = ORIENTED_EDGE ( 'NONE', *, *, #8936, .T. ) ;
#10809 = CARTESIAN_POINT ( 'NONE',  ( -13.77321354415027344, 125.2427145955597751, 56.34429982150631133 ) ) ;
#10810 = ORIENTED_EDGE ( 'NONE', *, *, #10772, .F. ) ;
#10811 = LINE ( 'NONE', #2430, #6313 ) ;
#10812 = FACE_OUTER_BOUND ( 'NONE', #4739, .T. ) ;
#10813 = ORIENTED_EDGE ( 'NONE', *, *, #2407, .T. ) ;
#10814 = DIRECTION ( 'NONE',  ( 0.000000000000000000, 1.000000000000000000, 0.000000000000000000 ) ) ;
#10815 = AXIS2_PLACEMENT_3D ( 'NONE', #8736, #7961, #5392 ) ;
#10816 = CIRCLE ( 'NONE', #8389, 69.74567609231115739 ) ;
#10817 = CARTESIAN_POINT ( 'NONE',  ( -71.38921299372914575, 120.2286596928327072, 15.25090606889500044 ) ) ;
#10818 = CARTESIAN_POINT ( 'NONE',  ( 57.00694410957874680, 28.78955317794305913, -6.802362645333846380 ) ) ;
#10819 =( NAMED_UNIT ( * ) PLANE_ANGLE_UNIT ( ) SI_UNIT ( $, .RADIAN. ) );
#10820 = ORIENTED_EDGE ( 'NONE', *, *, #1531, .T. ) ;
#10821 = DIRECTION ( 'NONE',  ( 0.000000000000000000, 0.000000000000000000, 1.000000000000000000 ) ) ;
#10822 = CARTESIAN_POINT ( 'NONE',  ( -62.00694410957864022, 13.00000000000000533, 11.80236264533374069 ) ) ;
#10823 = ORIENTED_EDGE ( 'NONE', *, *, #9897, .T. ) ;
#10824 = CARTESIAN_POINT ( 'NONE',  ( 64.00694410957878233, 15.00000000000000178, 9.999999999999733546 ) ) ;
#10825 = CIRCLE ( 'NONE', #3074, 73.00000000000001421 ) ;
#10826 = ADVANCED_FACE ( 'NONE', ( #9007 ), #4106, .F. ) ;
#10827 = FACE_OUTER_BOUND ( 'NONE', #8891, .T. ) ;
#10828 = ORIENTED_EDGE ( 'NONE', *, *, #6751, .F. ) ;
#10829 = DIRECTION ( 'NONE',  ( 0.000000000000000000, -1.000000000000000000, 0.000000000000000000 ) ) ;
#10830 = AXIS2_PLACEMENT_3D ( 'NONE', #1441, #10767, #559 ) ;
#10831 = VECTOR ( 'NONE', #10882, 1000.000000000000000 ) ;
#10832 = ORIENTED_EDGE ( 'NONE', *, *, #247, .F. ) ;
#10833 = ORIENTED_EDGE ( 'NONE', *, *, #10602, .T. ) ;
#10834 = CARTESIAN_POINT ( 'NONE',  ( 0.000000000000000000, 33.00000000000000000, -57.00694410957876812 ) ) ;
#10835 = CARTESIAN_POINT ( 'NONE',  ( -69.60952790244829202, 123.5612961437242490, 22.29954356831180817 ) ) ;
#10836 = DIRECTION ( 'NONE',  ( -0.000000000000000000, -1.000000000000000000, -0.000000000000000000 ) ) ;
#10837 = VECTOR ( 'NONE', #7137, 1000.000000000000000 ) ;
#10838 = AXIS2_PLACEMENT_3D ( 'NONE', #208, #4454, #256 ) ;
#10839 = LINE ( 'NONE', #7016, #10967 ) ;
#10840 = CARTESIAN_POINT ( 'NONE',  ( -1.734723475976807094E-14, 64.50000000000000000, 48.08326112068521496 ) ) ;
#10841 = FACE_BOUND ( 'NONE', #10698, .T. ) ;
#10842 = AXIS2_PLACEMENT_3D ( 'NONE', #10642, #8078, #8051 ) ;
#10843 = CARTESIAN_POINT ( 'NONE',  ( 18.39202115246354197, 119.4352849012582283, -55.03367810883108291 ) ) ;
#10844 = DIRECTION ( 'NONE',  ( 0.000000000000000000, 0.000000000000000000, 1.000000000000000000 ) ) ;
#10845 = PLANE ( 'NONE',  #1344 ) ;
#10846 = COLOUR_RGB ( '',1.000000000000000000, 1.000000000000000000, 1.000000000000000000 ) ;
#10847 = CARTESIAN_POINT ( 'NONE',  ( -50.20107528453431911, 118.0758614279401115, -52.99903841482008460 ) ) ;
#10848 = EDGE_CURVE ( 'NONE', #8001, #1884, #1048, .T. ) ;
#10849 = DIRECTION ( 'NONE',  ( 0.000000000000000000, 0.000000000000000000, 1.000000000000000000 ) ) ;
#10850 = ORIENTED_EDGE ( 'NONE', *, *, #1751, .T. ) ;
#10851 = EDGE_CURVE ( 'NONE', #6145, #70, #7550, .T. ) ;
#10852 = DIRECTION ( 'NONE',  ( -1.071310554614183363E-16, 0.000000000000000000, 1.000000000000000000 ) ) ;
#10853 = DIRECTION ( 'NONE',  ( -0.7071067811865476838, 0.000000000000000000, -0.7071067811865474617 ) ) ;
#10854 = CARTESIAN_POINT ( 'NONE',  ( 42.82805338061548639, 124.4718737084399294, 39.13041163885384321 ) ) ;
#10855 = DIRECTION ( 'NONE',  ( -0.000000000000000000, -0.000000000000000000, 1.000000000000000000 ) ) ;
#10856 = FACE_OUTER_BOUND ( 'NONE', #10942, .T. ) ;
#10857 = EDGE_CURVE ( 'NONE', #2343, #5533, #4514, .T. ) ;
#10858 = VECTOR ( 'NONE', #6716, 1000.000000000000000 ) ;
#10859 = CARTESIAN_POINT ( 'NONE',  ( 8.939921633775676859E-15, 51.00000000000000711, 73.00000000000001421 ) ) ;
#10860 = EDGE_CURVE ( 'NONE', #356, #10152, #4651, .T. ) ;
#10861 = DIRECTION ( 'NONE',  ( -0.000000000000000000, 1.000000000000000000, -0.000000000000000000 ) ) ;
#10862 = DIRECTION ( 'NONE',  ( 1.000000000000000000, 0.000000000000000000, -3.491481338843133355E-15 ) ) ;
#10863 = FACE_OUTER_BOUND ( 'NONE', #9750, .T. ) ;
#10864 = EDGE_CURVE ( 'NONE', #444, #8566, #7296, .T. ) ;
#10865 = CARTESIAN_POINT ( 'NONE',  ( -72.31182475916358499, 51.00000000000000711, 10.00000000000080291 ) ) ;
#10866 = AXIS2_PLACEMENT_3D ( 'NONE', #10966, #3312, #9378 ) ;
#10867 = ADVANCED_FACE ( 'NONE', ( #789 ), #679, .F. ) ;
#10868 = FILL_AREA_STYLE_COLOUR ( '', #9289 ) ;
#10869 = LINE ( 'NONE', #8757, #6368 ) ;
#10870 = DIRECTION ( 'NONE',  ( -0.7071067811865474617, 0.000000000000000000, -0.7071067811865476838 ) ) ;
#10871 = CARTESIAN_POINT ( 'NONE',  ( 15.99948632513456204, 117.6802805995922370, -55.75198212042069912 ) ) ;
#10872 = CARTESIAN_POINT ( 'NONE',  ( -63.91067609231115654, 127.5000000000000000, -2.231429329291523816E-13 ) ) ;
#10873 = AXIS2_PLACEMENT_3D ( 'NONE', #1614, #6628, #4886 ) ;
#10874 = VECTOR ( 'NONE', #3334, 1000.000000000000000 ) ;
#10875 = CARTESIAN_POINT ( 'NONE',  ( 55.02192998089327602, 119.7531308159053935, -18.41695262435457536 ) ) ;
#10876 =( GEOMETRIC_REPRESENTATION_CONTEXT ( 3 ) GLOBAL_UNCERTAINTY_ASSIGNED_CONTEXT ( ( #3651 ) ) GLOBAL_UNIT_ASSIGNED_CONTEXT ( ( #5489, #1265, #10633 ) ) REPRESENTATION_CONTEXT ( 'NONE', 'WORKASPACE' ) );
#10877 = CIRCLE ( 'NONE', #1287, 3.949999999999988187 ) ;
#10878 =( GEOMETRIC_REPRESENTATION_CONTEXT ( 3 ) GLOBAL_UNCERTAINTY_ASSIGNED_CONTEXT ( ( #4644 ) ) GLOBAL_UNIT_ASSIGNED_CONTEXT ( ( #4374, #140, #2715 ) ) REPRESENTATION_CONTEXT ( 'NONE', 'WORKASPACE' ) );
#10879 = DIRECTION ( 'NONE',  ( 0.000000000000000000, 1.000000000000000000, 0.000000000000000000 ) ) ;
#10880 = DIRECTION ( 'NONE',  ( -1.000000000000000000, 0.000000000000000000, 0.000000000000000000 ) ) ;
#10881 = FILL_AREA_STYLE ('',( #4746 ) ) ;
#10882 = DIRECTION ( 'NONE',  ( -0.000000000000000000, -1.000000000000000000, -0.000000000000000000 ) ) ;
#10883 = UNCERTAINTY_MEASURE_WITH_UNIT (LENGTH_MEASURE( 1.000000000000000082E-05 ), #3372, 'distance_accuracy_value', 'NONE');
#10884 = VERTEX_POINT ( 'NONE', #5019 ) ;
#10885 = CARTESIAN_POINT ( 'NONE',  ( -17.74832372956905502, 72.00000000000000000, -39.66863394635184648 ) ) ;
#10886 = FACE_OUTER_BOUND ( 'NONE', #9856, .T. ) ;
#10887 = CIRCLE ( 'NONE', #2499, 3.949999999999995293 ) ;
#10888 = ORIENTED_EDGE ( 'NONE', *, *, #8636, .T. ) ;
#10889 = DIRECTION ( 'NONE',  ( -0.7071067811865474617, 0.000000000000000000, -0.7071067811865476838 ) ) ;
#10890 = DIRECTION ( 'NONE',  ( -1.000000000000000000, 0.000000000000000000, 0.000000000000000000 ) ) ;
#10891 = AXIS2_PLACEMENT_3D ( 'NONE', #3243, #10836, #9896 ) ;
#10892 = DIRECTION ( 'NONE',  ( 0.000000000000000000, 0.000000000000000000, 1.000000000000000000 ) ) ;
#10893 = SURFACE_STYLE_USAGE ( .BOTH. , #8333 ) ;
#10894 = ORIENTED_EDGE ( 'NONE', *, *, #5179, .F. ) ;
#10895 = LINE ( 'NONE', #1062, #4404 ) ;
#10896 = ORIENTED_EDGE ( 'NONE', *, *, #10730, .F. ) ;
#10897 = CARTESIAN_POINT ( 'NONE',  ( -70.94627604048011449, 125.0456951155891545, 17.19543413295416556 ) ) ;
#10898 = VERTEX_POINT ( 'NONE', #7569 ) ;
#10899 = SURFACE_SIDE_STYLE ('',( #7042 ) ) ;
#10900 = DIRECTION ( 'NONE',  ( -0.7071067811865476838, 0.000000000000000000, -0.7071067811865474617 ) ) ;
#10901 = MECHANICAL_DESIGN_GEOMETRIC_PRESENTATION_REPRESENTATION (  '', ( #144 ), #1191 ) ;
#10902 = VERTEX_POINT ( 'NONE', #10020 ) ;
#10903 = DIRECTION ( 'NONE',  ( 0.000000000000000000, 0.000000000000000000, 1.000000000000000000 ) ) ;
#10904 = ORIENTED_EDGE ( 'NONE', *, *, #1342, .F. ) ;
#10905 = CARTESIAN_POINT ( 'NONE',  ( 63.91067609231115654, 110.4999999999999858, 5.000000000000677680 ) ) ;
#10906 = CYLINDRICAL_SURFACE ( 'NONE', #1537, 73.00000000000000000 ) ;
#10907 = LINE ( 'NONE', #313, #10649 ) ;
#10908 = VERTEX_POINT ( 'NONE', #5923 ) ;
#10909 = FILL_AREA_STYLE_COLOUR ( '', #7595 ) ;
#10910 = ORIENTED_EDGE ( 'NONE', *, *, #5595, .F. ) ;
#10911 = ORIENTED_EDGE ( 'NONE', *, *, #6473, .F. ) ;
#10912 = ORIENTED_EDGE ( 'NONE', *, *, #9657, .T. ) ;
#10913 = CARTESIAN_POINT ( 'NONE',  ( 63.91067609231115654, 110.4999999999999858, 6.694287987874572456E-13 ) ) ;
#10914 = DIRECTION ( 'NONE',  ( 0.7071067811865476838, 6.846333395423442283E-17, -0.7071067811865474617 ) ) ;
#10915 = PLANE ( 'NONE',  #390 ) ;
#10916 = EDGE_CURVE ( 'NONE', #2589, #8817, #4381, .T. ) ;
#10917 = CARTESIAN_POINT ( 'NONE',  ( 0.000000000000000000, 109.4999999999999858, 52.99999999999999289 ) ) ;
#10918 = VECTOR ( 'NONE', #4865, 1000.000000000000000 ) ;
#10919 = VECTOR ( 'NONE', #4471, 1000.000000000000000 ) ;
#10920 = EDGE_LOOP ( 'NONE', ( #5854, #10162 ) ) ;
#10921 = CARTESIAN_POINT ( 'NONE',  ( -53.81076957008284722, 72.00000000000000000, 3.606188105837963231 ) ) ;
#10922 = ORIENTED_EDGE ( 'NONE', *, *, #6332, .T. ) ;
#10923 = ADVANCED_FACE ( 'NONE', ( #8343 ), #9981, .T. ) ;
#10924 = DIRECTION ( 'NONE',  ( -0.000000000000000000, 1.000000000000000000, -0.000000000000000000 ) ) ;
#10925 = EDGE_CURVE ( 'NONE', #6161, #10004, #7428, .T. ) ;
#10926 = EDGE_LOOP ( 'NONE', ( #5235, #4306 ) ) ;
#10927 = ORIENTED_EDGE ( 'NONE', *, *, #4350, .T. ) ;
#10928 = VERTEX_POINT ( 'NONE', #1553 ) ;
#10929 = ORIENTED_EDGE ( 'NONE', *, *, #1213, .F. ) ;
#10930 = AXIS2_PLACEMENT_3D ( 'NONE', #7750, #122, #5196 ) ;
#10931 = CIRCLE ( 'NONE', #2604, 3.949999999999988187 ) ;
#10932 = CARTESIAN_POINT ( 'NONE',  ( 53.98210396822092605, 123.4818458615945360, 49.14217112701598467 ) ) ;
#10933 = CYLINDRICAL_SURFACE ( 'NONE', #3493, 3.949999999999989075 ) ;
#10934 = ORIENTED_EDGE ( 'NONE', *, *, #5462, .F. ) ;
#10935 = DIRECTION ( 'NONE',  ( -0.7071067811865474617, 0.000000000000000000, -0.7071067811865476838 ) ) ;
#10936 = CARTESIAN_POINT ( 'NONE',  ( -41.90898823254143224, 125.2427145950738350, -40.10010273095850408 ) ) ;
#10937 = EDGE_CURVE ( 'NONE', #10389, #9978, #2944, .T. ) ;
#10938 = ORIENTED_EDGE ( 'NONE', *, *, #8651, .T. ) ;
#10939 = VERTEX_POINT ( 'NONE', #10125 ) ;
#10940 = AXIS2_PLACEMENT_3D ( 'NONE', #1872, #2661, #6991 ) ;
#10941 =( NAMED_UNIT ( * ) SI_UNIT ( $, .STERADIAN. ) SOLID_ANGLE_UNIT ( ) );
#10942 = EDGE_LOOP ( 'NONE', ( #6165, #5103, #8963, #10938, #695, #5259 ) ) ;
#10943 = CARTESIAN_POINT ( 'NONE',  ( 14.01805839472377002, 117.5494486574988713, -56.28992192276936635 ) ) ;
#10945 = LINE ( 'NONE', #193, #5247 ) ;
#10944 = CARTESIAN_POINT ( 'NONE',  ( -11.99999999999995737, 53.00000000000000711, 64.00694410957875391 ) ) ;
#10946 = ORIENTED_EDGE ( 'NONE', *, *, #1913, .T. ) ;
#10947 = DIRECTION ( 'NONE',  ( 1.000000000000000000, 0.000000000000000000, -0.000000000000000000 ) ) ;
#10948 = CARTESIAN_POINT ( 'NONE',  ( 16.69644331353729783, 117.9544640778022426, -55.55090959807075990 ) ) ;
#10949 = EDGE_CURVE ( 'NONE', #444, #4749, #10737, .T. ) ;
#10950 =( GEOMETRIC_REPRESENTATION_CONTEXT ( 3 ) GLOBAL_UNCERTAINTY_ASSIGNED_CONTEXT ( ( #4080 ) ) GLOBAL_UNIT_ASSIGNED_CONTEXT ( ( #7015, #10464, #4505 ) ) REPRESENTATION_CONTEXT ( 'NONE', 'WORKASPACE' ) );
#10951 = CARTESIAN_POINT ( 'NONE',  ( 5.000000000000007994, 53.00000000000000711, 0.000000000000000000 ) ) ;
#10952 = FACE_OUTER_BOUND ( 'NONE', #565, .T. ) ;
#10953 = VERTEX_POINT ( 'NONE', #4912 ) ;
#10954 = ORIENTED_EDGE ( 'NONE', *, *, #9923, .F. ) ;
#10955 = CARTESIAN_POINT ( 'NONE',  ( 40.64613020943291133, 117.5767212952742256, 41.37630006837756014 ) ) ;
#10956 = CIRCLE ( 'NONE', #1721, 1.849999999999997646 ) ;
#10957 = COLOUR_RGB ( '',0.7921568627450980005, 0.8196078431372548767, 0.9333333333333333481 ) ;
#10958 = CARTESIAN_POINT ( 'NONE',  ( -71.43161982686672218, 121.2423449557190054, 15.05070393403519802 ) ) ;
#10959 = DIRECTION ( 'NONE',  ( 0.000000000000000000, -0.000000000000000000, 1.000000000000000000 ) ) ;
#10960 = CARTESIAN_POINT ( 'NONE',  ( 36.72341514764445947, 10.00000000000000000, 57.93661858324089309 ) ) ;
#10961 = CARTESIAN_POINT ( 'NONE',  ( -48.08326112068525759, 6.983260063331909231E-15, -2.081668171172168513E-14 ) ) ;
#10962 = CARTESIAN_POINT ( 'NONE',  ( 30.12269240033350570, 72.00000000000000000, -30.12269240033351281 ) ) ;
#10963 = ORIENTED_EDGE ( 'NONE', *, *, #1693, .T. ) ;
#10964 = VERTEX_POINT ( 'NONE', #7436 ) ;
#10965 =( LENGTH_UNIT ( ) NAMED_UNIT ( * ) SI_UNIT ( .MILLI., .METRE. ) );
#10966 = CARTESIAN_POINT ( 'NONE',  ( 42.42640687119286014, 109.4999999999999858, 1.524678165548779904E-13 ) ) ;
#10967 = VECTOR ( 'NONE', #1718, 1000.000000000000000 ) ;
#10968 = VERTEX_POINT ( 'NONE', #9369 ) ;
#10969 = FACE_OUTER_BOUND ( 'NONE', #7117, .T. ) ;
#10970 = CARTESIAN_POINT ( 'NONE',  ( 54.26357165184046494, 122.5375564728903157, 48.83138199649493316 ) ) ;
#10971 = DIRECTION ( 'NONE',  ( 0.000000000000000000, 0.000000000000000000, 1.000000000000000000 ) ) ;
#10972 = DIRECTION ( 'NONE',  ( 1.000000000000000000, 0.000000000000000000, 0.000000000000000000 ) ) ;
#10973 = CARTESIAN_POINT ( 'NONE',  ( -40.64590809825637052, 125.4236269801546939, -41.37651465014421603 ) ) ;
#10974 = AXIS2_PLACEMENT_3D ( 'NONE', #10082, #10044, #4139 ) ;
#10975 = CARTESIAN_POINT ( 'NONE',  ( -38.46455272971161321, 119.4352849012581999, -43.44479659938963323 ) ) ;
ENDSEC;
END-ISO-10303-21;
